Title,Published_date,Views,Likes,Comments,Year,Like_Rate,Comment_Rate,Engagement_Rate,Rolling_Like_Rate,Rolling_Comment_Rate,Rolling_Engagement_Rate,Month
How containerization shaped the modern world,2012-03-12,590410,7327,504,2012,0.01241002015548517,0.00085364407784421,0.013263664233329382,,,,Mar
Stories: Legacies of who we are - Awele Makeba,2012-03-12,73588,809,56,2012,0.010993640267434908,0.000760993640267435,0.011754633907702343,,,,Mar
Deep ocean mysteries and wonders - David Gallo,2012-03-12,1147771,13736,617,2012,0.011967544048420809,0.0005375636777719598,0.012505107726192769,,,,Mar
Introducing TED-Ed: Lessons Worth Sharing,2012-03-12,522586,3214,135,2012,0.006150183893177391,0.0002583306862411163,0.006408514579418507,,,,Mar
The Power of Simple Words - Terin Izil,2012-03-12,554255,4100,279,2012,0.007397317119376461,0.0005033784088551298,0.00790069552823159,,,,Mar
The Cockroach Beatbox,2012-03-12,909262,7659,639,2012,0.008423314732167406,0.0007027677391114992,0.009126082471278905,,,,Mar
Why Can't We See Evidence of Alien Life?,2012-03-12,3427154,44366,7090,2012,0.012945435191998958,0.0020687719314626653,0.015014207123461625,,,,Mar
Evolution in a Big City,2012-03-12,178084,1922,104,2012,0.010792659643763617,0.0005839940702140563,0.011376653713977674,,,,Mar
Questions No One Knows the Answers to,2012-03-12,1187066,4556,604,2012,0.0038380342794756147,0.0005088175383677066,0.004346851817843321,,,,Mar
How pandemics spread,2012-03-12,3421421,40680,3699,2012,0.01188979666635588,0.0010811297411221828,0.012970926407478062,,,,Mar
How many universes are there? - Chris Anderson,2012-03-12,1934723,25319,2873,2012,0.013086627904873204,0.001484967098649264,0.014571595003522468,,,,Mar
How simple ideas lead to scientific discoveries,2012-03-13,3091456,45361,1138,2012,0.014673021385392514,0.0003681113365352766,0.01504113272192779,,,,Mar
Symbiosis: A surprising tale of species cooperation - David Gonzales,2012-03-14,375083,2077,128,2012,0.005537441046381734,0.00034125780160657775,0.005878698847988312,,,,Mar
Questions No One Knows the Answers to (Full Version),2012-03-17,29345281,542045,40023,2012,0.018471283338537463,0.0013638649430550692,0.019835148281592534,,,,Mar
Poetic Stickup: Put the Financial Aid in the Bag,2012-03-21,304241,2364,170,2012,0.007770155896148119,0.0005587675559835788,0.008328923452131699,,,,Mar
The Real Origin of the Franchise - Sir Harold Evans,2012-03-26,219944,1565,83,2012,0.007115447568471975,0.00037736878478158075,0.007492816353253555,,,,Mar
The Secret Life of Plankton,2012-04-02,2084230,34506,1587,2012,0.01655575440330482,0.0007614322795468831,0.0173171866828517,,,,Apr
Why do Americans vote on Tuesdays?,2012-04-10,429714,2889,405,2012,0.006723076278641143,0.0009424873287814686,0.007665563607422612,,,,Apr
Just How Small is an Atom?,2012-04-16,7675343,92369,7062,2012,0.012034511030972818,0.0009200891738649334,0.012954600204837751,,,,Apr
Exponential growth: How folding paper can get you to the Moon,2012-04-19,6420144,72359,8018,2012,0.011270619475201802,0.0012488816450222924,0.012519501120224095,,,,Apr
Sex Determination: More Complicated Than You Thought,2012-04-23,4527954,90823,5921,2012,0.020058286811217605,0.0013076546272334038,0.021365941438451008,,,,Apr
TED-Ed Website Tour,2012-04-25,418783,969,64,2012,0.002313847505748801,0.00015282377746947702,0.0024666712832182775,,,,Apr
Insults by Shakespeare,2012-05-04,2333020,30803,1663,2012,0.013203058696453523,0.00071281000591508,0.013915868702368604,,,,May
Five fingers of evolution - Paul Andersen,2012-05-07,1720573,15286,1625,2012,0.008884249607543533,0.0009444528072915243,0.009828702414835059,,,,May
How Life Begins in the Deep Ocean,2012-05-14,351712,5646,296,2012,0.016052906923846783,0.0008415976708215813,0.016894504594668364,,,,May
One is one ... or is it?,2012-05-21,1579129,21223,1816,2012,0.013439687321301807,0.001150001044879804,0.014589688366181611,,,,May
The key to media's hidden codes - Ben Beaton,2012-05-29,285103,2267,186,2012,0.0079515122604813,0.0006523958008158456,0.008603908061297145,,,,May
The wacky history of cell theory - Lauren Royal-Woods,2012-06-04,7321375,48537,4757,2012,0.00662949241092008,0.0006497413395707773,0.007279233750490857,,,,Jun
How to speed up chemical reactions (and get a date) - Aaron Sams,2012-06-18,2287123,19522,1064,2012,0.008535614394153703,0.0004652132832383741,0.009000827677392078,,,,Jun
How Do Pain Relievers Work? - George Zaidan,2012-06-26,4080760,49529,2116,2012,0.01213719993334575,0.0005185308618982739,0.012655730795244024,0.010641724673019824,0.0007873946892739676,0.01142911936229379,Jun
Calculating The Odds of Intelligent Alien Life - Jill Tarter,2012-07-02,1262565,13438,1486,2012,0.01064341241837054,0.0011769691065410494,0.01182038152491159,0.010582837748449337,0.0007981721902305288,0.011381009938679864,Jul
"The case against ""good"" and ""bad"" - Marlee Neel",2012-07-09,443138,5548,815,2012,0.012519801957855115,0.0018391561996488677,0.014358958157503984,0.010633709804796675,0.0008341109422099099,0.011467820747006585,Jul
The vocabulary of electricity - James Sheils,2012-07-16,663622,10382,293,2012,0.015644448194906135,0.0004415164054235694,0.016085964600329707,0.010756273276346186,0.0008309093664649636,0.011587182642811151,Jul
The survival of the sea turtle,2012-07-23,2056168,20875,1029,2012,0.010152380544780388,0.0005004454888900129,0.0106528260336704,0.01088967983139962,0.0008389798598865936,0.011728659691286213,Jul
How Two Decisions Led Me to Olympic Glory - Steve Mesler,2012-07-30,116969,1073,67,2012,0.009173370722157152,0.0005728013405261223,0.009746172062683274,0.010948881618158974,0.00084129395760896,0.011790175575767937,Jul
How big is infinity? - Dennis Wildfogel,2012-08-06,3577324,55479,4304,2012,0.015508519776234974,0.0012031339627050835,0.01671165373894006,0.011185055119627894,0.0008579728317287461,0.012043027951356642,Aug
How do nerves work? - Elliot Krane,2012-08-09,560645,4794,197,2012,0.008550865520962464,0.00035138099867117336,0.008902246519633636,0.011038569463926678,0.000800726467302363,0.011839295931229041,Aug
Music as a language - Victor Wooten,2012-08-13,1398469,29766,937,2012,0.02128470491659093,0.0006700184272944199,0.02195472334388535,0.011388304306354256,0.0008035939458717084,0.012191898252225965,Aug
The history of keeping time - Karen Mensing,2012-08-16,250944,2186,157,2012,0.008711106860494772,0.0006256375924509054,0.009336744452945677,0.011550740059054895,0.0008074879476744817,0.012358228006729375,Aug
"Logarithms, Explained - Steve Kelly",2012-08-20,2014609,46613,1118,2012,0.023137492188310484,0.0005549463940645555,0.02369243858237504,0.011925663243120048,0.0007899485027725608,0.01271561174589261,Aug
How fiction can change reality - Jessica Wise,2012-08-23,817043,17868,593,2012,0.021869106032363046,0.0007257879940223464,0.02259489402638539,0.012218412514036376,0.0007646425326183302,0.012983055046654705,Aug
Capturing authentic narratives - Michele Weldon,2012-08-27,110532,1128,61,2012,0.010205189447399848,0.0005518763796909492,0.010757065827090797,0.012069484782769953,0.0007707680340568526,0.012840252816826806,Aug
What happens if you guess - Leigh Nataro,2012-08-31,640753,7652,536,2012,0.011942199256187641,0.000836515786894482,0.012778715043082124,0.012282976723096818,0.0007872766335664495,0.013070253356663267,Aug
Greeting the world in peace - Jackie Jenkins,2012-09-04,148246,989,128,2012,0.006671343577567017,0.0008634297046800589,0.007534773282247076,0.011889645397731135,0.0007705954589539492,0.012660240856685084,Sep
How taking a bath led to Archimedes' principle - Mark Salata,2012-09-06,1698670,11902,567,2012,0.007006658150199862,0.00033379055378619744,0.00734044870398606,0.011864195472866193,0.0007630962255473697,0.012627291698413564,Sep
An introduction to mathematical theorems - Scott Kennedy,2012-09-10,503718,8030,334,2012,0.015941459308581388,0.0006630694158239332,0.01660452872440532,0.012158395864203173,0.0007726195799154481,0.012931015444118623,Sep
"How big is a mole? (Not the animal, the other one.) - Daniel Dulek",2012-09-11,2595919,33850,1154,2012,0.013039698079947796,0.0004445439168171272,0.013484241996764922,0.01204119398675794,0.0007620566344911229,0.012803250621249063,Sep
A clever way to estimate enormous numbers - Michael Mitchell,2012-09-12,1038064,14192,487,2012,0.01367160406294795,0.00046914255768430464,0.014140746620632253,0.012272811579568166,0.0007462784754545508,0.013019090055022718,Sep
Why the shape of your screen matters - Brian Gervase,2012-09-13,567910,4932,431,2012,0.00868447465267384,0.000758923068796112,0.00944339772146995,0.012161143700291534,0.0007409062719522568,0.012902049972243791,Sep
How to think about gravity - Jon Bergmann,2012-09-17,475659,2961,395,2012,0.0062250477758225954,0.0008304268393954493,0.007055474615218045,0.011992957976978894,0.000726957778431362,0.012719915755410257,Sep
"Magical metals, how shape memory alloys work - Ainissa Ramirez",2012-09-18,157942,1557,81,2012,0.009858049157285586,0.0005128464879512732,0.010370895645236859,0.011652950055181159,0.0007004641737886244,0.012353414228969784,Sep
"Newton's 3 Laws, with a bicycle - Joshua Manley",2012-09-19,2283423,26051,724,2012,0.011408749057883713,0.0003170678406935552,0.011725816898577268,0.011956113440252325,0.0007059389758960936,0.012662052416148418,Sep
What is chirality and how did it get in my molecules? - Michael Evans,2012-09-20,317021,4644,168,2012,0.01464887184129758,0.0005299333482639951,0.015178805189561575,0.012004307211747127,0.0006998430873077241,0.01270415029905485,Sep
The art of the metaphor - Jane Hirshfield,2012-09-24,1619260,28587,621,2012,0.01765436063386979,0.00038350851623581144,0.018037869150105603,0.012296644245958001,0.0006811449442725336,0.012977789190230536,Sep
Making sense of spelling - Gina Cooke,2012-09-25,370621,4462,657,2012,0.012039253037469545,0.0017727004136300964,0.01381195345109964,0.01216285578307876,0.0007121817023661508,0.01287503748544491,Sep
What's invisible? More than you think - John Lloyd,2012-09-26,3023915,69544,2404,2012,0.022998000935872866,0.0007949958910882085,0.023792996826961076,0.012481466236897795,0.0007003481972397643,0.013181814434137561,Sep
The power of a great introduction - Carolyn Mohr,2012-09-27,688763,14749,375,2012,0.021413751900145623,0.0005444543333483361,0.021958206233493958,0.012930207558219938,0.0006967501483241807,0.013626957706544119,Sep
Why do competitors open their stores next to one another? - Jac de Haan,2012-10-01,6759743,139026,4675,2012,0.020566758233264194,0.0006915943401990283,0.021258352573463223,0.013394783085631409,0.0006981452483451224,0.014092928333976533,Oct
The carbon cycle - Nathaniel Manning,2012-10-02,695366,3743,302,2012,0.005382776839822482,0.000434303661668819,0.005817080501491301,0.013289688500487036,0.0006971149276261372,0.013986803428113172,Oct
The twisting tale of DNA - Judith Hauck,2012-10-03,524479,3948,325,2012,0.0075274701179646845,0.0006196625603694332,0.008147132678334118,0.013136030839974333,0.0007004859842418426,0.013836516824216176,Oct
How breathing works - Nirvair Kaur,2012-10-04,420426,3323,174,2012,0.007903887961258342,0.00041386593597922107,0.008317753897237564,0.013044713358070593,0.0006750492118897817,0.013719762569960376,Oct
The story behind your glasses - Eva Timothy,2012-10-08,133207,1372,102,2012,0.010299759021673035,0.0007657255249348758,0.01106548454660791,0.012970711926864524,0.0006392681893993153,0.013609980116263838,Oct
"The ABC's of gas: Avogadro, Boyle, Charles - Brian Bennett",2012-10-09,219737,1657,73,2012,0.0075408329047907275,0.00033221533014467296,0.0078730482349354,0.012700591417194011,0.000635624820223352,0.01333621623741736,Oct
Describing the invisible properties of gas - Brian Bennett,2012-10-10,189694,1201,79,2012,0.006331249275148397,0.0004164601937857813,0.006747709468934178,0.012573220374872943,0.0006328253103865443,0.01320604568525949,Oct
How does math guide our ships at sea? - George Christoph,2012-10-11,428283,4280,134,2012,0.009993392219630477,0.0003128772330445056,0.010306269452674984,0.012600554424788721,0.0006241611734704903,0.013224715598259213,Oct
Rethinking thinking - Trevor Maber,2012-10-15,1010879,9166,238,2012,0.009067356231556892,0.00023543866278753441,0.009302794894344426,0.012385848973299453,0.0005919046634732387,0.01297775363677269,Oct
Sending a sundial to Mars - Bill Nye,2012-10-16,94568,1949,125,2012,0.020609508501818797,0.0013218001861094663,0.021931308687928263,0.012787803739327997,0.0006242519697211818,0.01341205570904918,Oct
How inventions change history (for better and for worse) - Kenneth C. Davis,2012-10-17,899127,4619,260,2012,0.005137205311374255,0.00028916938319058374,0.005426374694564839,0.01224955375248744,0.0006115570015843873,0.012861110754071826,Oct
The city of walls: Constantinople - Lars Brownworth,2012-10-18,1354687,22599,1925,2012,0.016682082281737405,0.001420992450654653,0.018103074732392057,0.012515252933195529,0.0006380688301911788,0.013153321763386709,Oct
Diagnosing a zombie: Brain and body (Part one) - Tim Verstynen & Bradley Voytek,2012-10-22,855461,6381,390,2012,0.007459136068155065,0.0004558945410720068,0.007915030609227072,0.01199264106252368,0.000634767101758094,0.012627408164281774,Oct
The Making of the American Constitution - Judy Walton,2012-10-23,1002122,4333,285,2012,0.004323824843681707,0.00028439651060449723,0.0046082213542862046,0.011407798356234304,0.0006200540523108323,0.012027852408545137,Oct
Diagnosing a zombie: brain and behavior (Part two) - Tim Verstynen & Bradley Voytek,2012-10-24,285708,2776,206,2012,0.009716213756702648,0.0007210158623489717,0.01043722961905162,0.011391499166544396,0.0006256920350660997,0.012017191201610496,Oct
Gerrymandering: How drawing jagged lines can impact an election - Christina Greer,2012-10-25,1129737,8948,557,2012,0.007920427497727348,0.0004930351046305468,0.008413462602357894,0.011257440107929053,0.0006142426789906352,0.011871682786919689,Oct
A glimpse of teenage life in ancient Rome - Ray Laurence,2012-10-29,12418520,123911,5239,2012,0.009977920074211742,0.0004218699168661,0.010399789991077843,0.011367659324483878,0.0005995240193968366,0.011967183343880715,Oct
A 3-minute guide to the Bill of Rights - Belinda Stutzman,2012-10-30,2240183,16007,904,2012,0.007145398389328015,0.00040353846092038015,0.007548936850248395,0.011372283999121484,0.0006018489496346427,0.011974132948756124,Oct
Beware of nominalizations (AKA zombie nouns) - Helen Sword,2012-10-31,1123412,28602,1729,2012,0.025459938117093284,0.0015390613595012337,0.026998999476594517,0.01168956662607188,0.0006310486810905526,0.012320615307162431,Oct
Does your vote count? The Electoral College explained - Christina Greer,2012-11-01,8364751,78562,10285,2012,0.009392030916401457,0.0012295643946843128,0.01062159531108577,0.011567977720620336,0.0006572160303527922,0.012225193750973128,Nov
The oddities of the first American election - Kenneth C. Davis,2012-11-05,248678,2158,128,2012,0.008677888675315066,0.000514721849138243,0.00919261052445331,0.011401520541032573,0.0006587353400679235,0.012060255881100495,Nov
How life came to land - Tierney Thys,2012-11-07,159913,2467,234,2012,0.015427138506562944,0.0014632956670189415,0.016890434173581884,0.011626276002828876,0.0006822144266753512,0.012308490429504226,Nov
A needle in countless haystacks: Finding habitable worlds - Ariel Anbar,2012-11-08,425431,4027,290,2012,0.009465694789519334,0.0006816616560617351,0.01014735644558107,0.011734297569952099,0.000677255587230894,0.012411553157182993,Nov
Dark matter: How does it explain a star's speed? - Don Lincoln,2012-11-12,101833,1600,198,2012,0.015711999057280056,0.001944359883338407,0.017656358940618462,0.011929429233285249,0.000724972700410465,0.012654401933695714,Nov
An anti-hero of one's own - Tim Adams,2012-11-13,1390785,29645,916,2012,0.021315300351959506,0.0006586208508144681,0.02197392120277397,0.012259647609754443,0.0007363578007478289,0.01299600541050227,Nov
Stroke of insight - Jill Bolte Taylor,2012-11-14,298530,5592,264,2012,0.018731785750175863,0.0008843332328409205,0.01961611898301678,0.012395744740050386,0.0007481711302337264,0.013143915870284111,Nov
Does stress cause pimples? - Claudia Aguirre,2012-11-15,1308612,19949,728,2012,0.015244396352776836,0.0005563146295464202,0.015800710982323257,0.012315412597347286,0.0007539313340107467,0.013069343931358033,Nov
How social media can make history - Clay Shirky,2012-11-16,308260,2746,481,2012,0.008908064620774672,0.0015603711152922858,0.010468435736066957,0.012211039650124125,0.0007468536907328197,0.012957893340856943,Nov
Why videos go viral - Kevin Allocca,2012-11-17,55441,1095,75,2012,0.019750725997005825,0.0013527894518497142,0.02110351544885554,0.01210279715216189,0.0007654468094248699,0.012868243961586758,Nov
Would you weigh less in an elevator? - Carol Hedden,2012-11-19,334020,3045,314,2012,0.009116220585593677,0.0009400634692533381,0.010056284054847014,0.011692879441676825,0.0007786337806217033,0.012471513222298529,Nov
Three anti-social skills to improve your writing - Nadia Kalman,2012-11-20,3372177,119028,1776,2012,0.0352970796016935,0.000526662746350503,0.03582374234804401,0.012183890153957802,0.0007731360608267524,0.012957026214784555,Nov
The genius of Mendeleev's periodic table - Lou Serico,2012-11-21,3239493,26941,1243,2012,0.008316424823267098,0.00038370201756879855,0.008700126840835896,0.012281678420072622,0.0007714493393567517,0.013053127759429375,Nov
The beauty of data visualization - David McCandless,2012-11-23,1499535,19279,384,2012,0.012856652228857613,0.00025607938460922884,0.01311273161346684,0.012459317823769052,0.0007593299001647448,0.013218647723933797,Nov
The beautiful math of coral - Margaret Wertheim,2012-11-24,32820,518,83,2012,0.0157830591102986,0.0025289457647775745,0.018312004875076174,0.012721956862070394,0.00082983256112469,0.013551789423195083,Nov
How algorithms shape our world - Kevin Slavin,2012-11-25,443536,6372,273,2012,0.014366364849752894,0.0006155080985534433,0.014981872948306338,0.012857510389673057,0.0008248253135786423,0.013682335703251699,Nov
DNA: The book of you - Joe Hanson,2012-11-26,646432,6570,321,2012,0.010163482005841294,0.0004965719518835701,0.010660053957724866,0.012944932026374744,0.0008303038676366056,0.01377523589401135,Nov
How did English evolve? - Kate Gardoqui,2012-11-27,1387095,22532,970,2012,0.016244020777235878,0.0006993032200390024,0.01694332399727488,0.013275357743110993,0.0008397319685117129,0.014115089711622704,Nov
"Dance vs. PowerPoint, a modest proposal - John Bohannon",2012-11-28,86327,966,104,2012,0.011190010077959387,0.0012047215818921078,0.012394731659851495,0.01331524500505529,0.0008694601134732996,0.014184705118528589,Nov
How does work...work? - Peter Bohacek,2012-11-29,349247,3328,132,2012,0.009529072547509355,0.00037795600248534704,0.009907028549994703,0.01333063554892037,0.0008742106914632268,0.014204846240383599,Nov
Shedding light on dark matter - Patricia Burchat,2012-11-30,46867,749,97,2012,0.01598139415793629,0.002069686559839546,0.018051080717775832,0.013176365070790955,0.0008991402372542294,0.014075505308045183,Nov
The birth of a word - Deb Roy,2012-12-01,69554,1033,79,2012,0.014851769847887972,0.0011358081490640366,0.01598757799695201,0.013500183888674744,0.0009273615294500111,0.014427545418124755,Dec
High-tech art (with a sense of humor) - Aparna Rao,2012-12-02,33692,971,58,2012,0.028819897898610947,0.0017214769084649174,0.030541374807075864,0.01390477774257053,0.0009373776780436866,0.014842155420614215,Dec
Let's talk about sex - John Bohannon and Black Label Movement,2012-12-03,177514,1613,241,2012,0.009086607253512399,0.0013576393974559754,0.010444246650968374,0.01395902678208244,0.0009674358399231522,0.014926462622005593,Dec
What makes a hero? - Matthew Winkler,2012-12-04,9323025,215237,6295,2012,0.02308660547408164,0.0006752100310789685,0.02376181550516061,0.014584452803095772,0.0009804629572723012,0.015564915760368071,Dec
How do cancer cells behave differently from healthy ones? - George Zaidan,2012-12-05,2342758,20341,1043,2012,0.008682501564395468,0.0004452017664649955,0.009127703330860465,0.014549995730018866,0.0009712691540761688,0.015521264884095035,Dec
Pizza physics (New York-style) - Colm Kelleher,2012-12-06,577130,8204,1132,2012,0.014215168159686726,0.0019614298338329317,0.016176597993519656,0.014759820418750845,0.0010202156450495816,0.015780036063800424,Dec
Seeing a sustainable future - Alex Steffen,2012-12-07,49530,648,61,2012,0.01308298001211387,0.0012315768221280033,0.014314556834241874,0.014863322416680917,0.0010472058752249783,0.015910528291905892,Dec
CERN's supercollider - Brian Cox,2012-12-08,134119,1838,337,2012,0.013704247720308085,0.002512693950894355,0.01621694167120244,0.015081950727713586,0.0011175110582241107,0.016199461785937695,Dec
Folding way-new origami - Robert Lang,2012-12-09,75115,1440,43,2012,0.019170605072222593,0.0005724555681288691,0.019743060640351463,0.01487230629288456,0.0010852908651783654,0.015957597158062928,Dec
Radioactivity: Expect the unexpected - Steve Weatherall,2012-12-10,948440,11439,356,2012,0.012060857829699295,0.0003753532115895576,0.012436211041288853,0.01496126718999449,0.0010568171590752068,0.016018084349069695,Dec
Inside a cartoonist's world - Liza Donnelly,2012-12-11,156170,2451,105,2012,0.01569443555100211,0.0006723442402510085,0.01636677979125312,0.015195152085850726,0.0010620712387789657,0.01625722332462969,Dec
Solving the puzzle of the periodic table - Eric Rosado,2012-12-12,1155733,8884,310,2012,0.007686896540983082,0.0002682280422900445,0.007955124583273127,0.014937144020331394,0.0010222356512880025,0.015959379671619398,Dec
Situational irony: The opposite of what you think - Christopher Warner,2012-12-13,2584038,17558,1033,2012,0.0067947917174592636,0.00039976192300577624,0.00719455364046504,0.014848113917929394,0.0010128389935194705,0.015860952911448862,Dec
Retrofitting suburbia - Ellen Dunham-Jones,2012-12-14,28856,375,50,2012,0.012995564180759634,0.0017327418907679513,0.014728306071527586,0.014757566088712044,0.0010057850604337888,0.015763351149145833,Dec
A global culture to fight extremism - Maajid Nawaz,2012-12-15,15501,256,29,2012,0.016515063544287466,0.0018708470421263145,0.01838591058641378,0.014597558195122977,0.0010461926001441833,0.015643750795267163,Dec
The demise of guys - Philip Zimbardo,2012-12-16,31544,422,104,2012,0.013378138473243723,0.003296981993406036,0.01667512046664976,0.014419103285891906,0.0011266142254963538,0.01554571751138826,Dec
"Why is there a ""b"" in doubt? - Gina Cooke",2012-12-17,700836,13006,1105,2012,0.018557836640811832,0.001576688412124948,0.020134525052936777,0.014529551295493074,0.0011606266849156384,0.015690177980408712,Dec
What is color? - Colm Kelleher,2012-12-18,1041026,14518,664,2012,0.01394585726004922,0.0006378322923731012,0.014583689552422322,0.014697477716802224,0.0011298753908183321,0.015827353107620557,Dec
A tap dancer's craft - Andrew Nemr,2012-12-19,102406,1192,72,2012,0.011639942972091479,0.000703083803683378,0.012343026775774858,0.014427118282638414,0.0011082185358794543,0.015535336818517868,Dec
"Curiosity, discovery and gecko feet - Robert Full",2012-12-20,132855,980,61,2012,0.00737646306123217,0.0004591471905460841,0.007835610251778254,0.014369126365159695,0.0010921879932558791,0.015461314358415575,Dec
TED Prize wish: Protect our oceans - Sylvia Earle,2012-12-21,50254,752,64,2012,0.014963982966530027,0.001273530465236598,0.016237513431766624,0.013691356477320914,0.0011170835838854158,0.014808440061206329,Dec
Breaking the illusion of skin color - Nina Jablonski,2012-12-24,98294,1269,266,2012,0.012910248845300832,0.002706167212647771,0.015616416057948604,0.01384448394472204,0.001194499090388048,0.015038983035110086,Dec
The power of introverts - Susan Cain,2012-12-25,251719,4295,290,2012,0.017062677032722996,0.0011520783095435784,0.018214755342266575,0.01398468477151755,0.001224365721219193,0.015209050492736744,Dec
See Yemen through my eyes - Nadia Al-Sakkaf,2012-12-26,98324,619,162,2012,0.006295512794434726,0.001647614010821366,0.007943126805256093,0.013668433227655423,0.0011949879960873194,0.014863421223742741,Dec
Measuring what makes life worthwhile - Chip Conley,2012-12-27,91709,1288,95,2012,0.014044423120958684,0.0010358852457228844,0.01508030836668157,0.013657701836695615,0.001209000567659634,0.01486670240435525,Dec
Redefining the dictionary - Erin McKean,2012-12-28,50483,949,130,2012,0.018798407384664144,0.0025751242992690607,0.021373531683933206,0.013945532682656376,0.0012782856459058174,0.015223818328562195,Dec
The moral roots of liberals and conservatives - Jonathan Haidt,2012-12-31,2717672,62584,8729,2012,0.023028533244629962,0.0032119402194230946,0.026240473464053057,0.01417168309823618,0.0013620402125519536,0.015533723310788134,Dec
How photography connects us - David Griffin,2013-01-01,136827,1724,49,2013,0.012599852368319118,0.00035811645362391926,0.012957968821943038,0.014218677841248169,0.0013338200416096806,0.01555249788285785,Jan
"Conserving our spectacular, vulnerable coral reefs - Joshua Drew",2013-01-03,128147,1952,86,2013,0.015232506418410107,0.0006711042786799535,0.01590361069709006,0.014408792303611528,0.0013435916508161673,0.015752383954427695,Jan
Detention or Eco Club: Choosing your future - Juan Martinez,2013-01-04,42994,469,28,2013,0.01090849886030609,0.0006512536633018561,0.011559752523607945,0.014239695793690521,0.0012963105542649113,0.015536006347955433,Jan
On exploring the oceans - Robert Ballard,2013-01-05,116709,2141,144,2013,0.018344772039859823,0.0012338380073516181,0.01957861004721144,0.014356129200089584,0.0012995782162078305,0.015655707416297415,Jan
Tales of passion - Isabel Allende,2013-01-06,146885,2137,227,2013,0.014548796677673009,0.001545426694352725,0.016094223372025734,0.013880425826058319,0.001293709875737424,0.015174135701795743,Jan
You are your microbes - Jessica Green and Karen Guillemin,2013-01-07,2003953,9365,355,2013,0.0046732632950972405,0.00017714986329519706,0.004850413158392438,0.013733314360777814,0.0012543602245987315,0.014987674585376547,Jan
How we see color - Colm Kelleher,2013-01-08,1526850,19581,710,2013,0.012824442479614893,0.0004650096604119593,0.013289452140026853,0.013391242260962255,0.0012473535455764977,0.014638595806538753,Jan
Activation energy: Kickstarting chemical reactions - Vance Kite,2013-01-09,242434,1412,51,2013,0.0058242655733106745,0.00021036653274705694,0.006034632106057731,0.013295967727926095,0.0012395257044525666,0.014535493432378664,Jan
Phenology and nature's shifting rhythms - Regina Brinker,2013-01-10,102948,945,71,2013,0.00917939153747523,0.000689668570540467,0.009869060108015698,0.013128108507185713,0.001197133662342818,0.01432524216952853,Jan
Underwater astonishments - David Gallo,2013-01-11,101228,1079,108,2013,0.010659106176156794,0.0010668984865847394,0.011726004662741533,0.01304731271265381,0.0011916443844913755,0.014238957097145186,Jan
A plant's-eye view - Michael Pollan,2013-01-12,89468,1709,123,2013,0.019101801761523672,0.001374793222157643,0.020476594983681318,0.013227231180694328,0.0011537143602001517,0.014380945540894481,Jan
How to find the true face of Leonardo - Siegfried Woldhek,2013-01-13,105020,1606,108,2013,0.01529232527137688,0.001028375547514759,0.01632070081889164,0.013097955187332807,0.0011689116928463481,0.014266866880179153,Jan
What Aristotle and Joshua Bell can teach us about persuasion - Conor Neill,2013-01-14,1081175,9140,265,2013,0.008453765579115315,0.0002451037066154878,0.008698869285730802,0.012977718778980008,0.0011645700426805461,0.014142288821660551,Jan
Questioning the universe - Stephen Hawking,2013-01-14,86517,1716,231,2013,0.01983425222788585,0.0026699954922154026,0.02250424772010125,0.013115712668209463,0.0012311584177460257,0.014346871085955492,Jan
How to defeat a dragon with math - Garth Sundem,2013-01-15,4628064,29953,4238,2013,0.006472036687478825,0.0009157176737400347,0.007387754361218859,0.013075217339759323,0.0012527414054610254,0.014327958745220349,Jan
Can we domesticate germs? - Paul Ewald,2013-01-15,13388,126,18,2013,0.00941141320585599,0.00134448760083657,0.01075590080669256,0.013162438056039215,0.0012842322613887186,0.014446670317427933,Jan
"Write your story, change history - Brad Meltzer",2013-01-16,232190,3339,168,2013,0.014380464274947241,0.0007235453723243896,0.01510400964727163,0.013208601392512133,0.0012505923774405998,0.014459193769952734,Jan
"The ""bottom billion"" - Paul Collier",2013-01-16,71226,903,46,2013,0.01267795467947098,0.0006458315783562182,0.013323786257827198,0.013080697763684918,0.0012097585286482632,0.014290456292333182,Jan
Is light a particle or a wave? - Colm Kelleher,2013-01-17,1701453,27005,1666,2013,0.015871728457970923,0.000979163103535625,0.016850891561506546,0.013163817429842491,0.0011324978989859162,0.014296315328828408,Jan
Your genes are not your fate - Dean Ornish,2013-01-17,84903,740,26,2013,0.00871582865151997,0.0003062318174858368,0.009022060469005807,0.012835750496866095,0.001090149345831279,0.013925899842697374,Jan
Losing everything - David Hoffman,2013-01-20,25047,236,52,2013,0.009422286102127999,0.002076096937757017,0.011498383039885016,0.012684964791602055,0.0011380915006774096,0.013823056292279466,Jan
Digging for humanity's origins - Louise Leakey,2013-01-20,40239,476,231,2013,0.011829319814110688,0.005740699321553717,0.017570019135664406,0.012691277353002694,0.0013060120179397541,0.01399728937094245,Jan
Learning from past presidents - Doris Kearns Goodwin,2013-01-21,74341,1303,72,2013,0.017527340229483056,0.0009685099743075826,0.018495850203790642,0.013029639925277725,0.001322990777398471,0.014352630702676197,Jan
Rapid prototyping Google Glass - Tom Chi,2013-01-22,440467,3700,137,2013,0.008400175268521819,0.0003110335166993214,0.00871120878522114,0.012810846335344118,0.0012909075457805618,0.014101753881124678,Jan
Network theory - Marc Samet,2013-01-23,224458,2261,95,2013,0.010073153997629846,0.00042324176460629607,0.010496395762236143,0.012716276507088418,0.001214810030845846,0.013931086537934265,Jan
Slowing down time (in writing & film) - Aaron Sitze,2013-01-24,226269,2698,79,2013,0.011923860537678604,0.00034914195051023337,0.012273002488188836,0.012544982623920271,0.0011880454855447346,0.013733028109465006,Jan
Surviving a nuclear attack - Irwin Redlener,2013-01-25,1397280,16137,3655,2013,0.011548866368945379,0.0026157964044429176,0.014164662773388298,0.012720094409737292,0.001220318231998786,0.013940412641736078,Jan
Do the green thing - Andy Hobsbawm,2013-01-26,32796,293,49,2013,0.00893401634345652,0.0014940846444688376,0.010428100987925357,0.012549747517153887,0.001235591545290318,0.013785339062444207,Jan
The coming neurological epidemic - Gregory Petsko,2013-01-27,38331,913,87,2013,0.023818841146852416,0.0022697033732488065,0.026088544520101224,0.01271709530922683,0.0012254108477563093,0.013942506156983139,Jan
Parasite tales: The jewel wasp's zombie slave - Carl Zimmer,2013-01-28,112689,1319,111,2013,0.011704780413350017,0.000985011846764103,0.01268979226011412,0.0123396368815175,0.0011511799020010097,0.013490816783518508,Jan
In on a secret? That's dramatic irony - Christopher Warner,2013-01-29,1796701,9632,269,2013,0.005360936516426495,0.00014971884581797416,0.005510655362244469,0.012098339686454412,0.0011442333150741449,0.013242573001528557,Jan
Life of an astronaut - Jerry Carr,2013-01-30,702637,6652,194,2013,0.00946719287484149,0.00027610273868298996,0.00974329561352448,0.011906162568335458,0.0011310665970742462,0.013037229165409704,Jan
What if we could look inside human brains? - Moran Cerf,2013-01-31,222106,2947,170,2013,0.013268439393802959,0.0007654003043591799,0.014033839698162139,0.011984827252785353,0.00113487148510949,0.013119698737894843,Jan
Earth's mass extinction - Peter Ward,2013-02-01,56692,813,95,2013,0.014340647710435335,0.0016757214421787906,0.016016369152614125,0.011851356441804538,0.0011496009329370626,0.013000957374741601,Feb
Our loss of wisdom - Barry Schwartz,2013-02-02,89466,1795,135,2013,0.02006348780542329,0.0015089531218563477,0.021572440927279637,0.012035179479396214,0.0011483851471871835,0.013183564626583396,Feb
Our buggy moral code - Dan Ariely,2013-02-03,58508,1146,76,2013,0.019587065016749845,0.0012989676625418747,0.020886032679291722,0.012532306203451301,0.0011857790738287392,0.013718085277280039,Feb
How polarity makes water behave strangely - Christina Kleinberg,2013-02-04,1156978,11864,373,2013,0.010254300427493004,0.00032239160986639333,0.010576692037359397,0.012446634801713903,0.001181025138810554,0.013627659940524457,Feb
How did trains standardize time in the United States? - William Heuisler,2013-02-05,239780,1939,174,2013,0.008086579364417383,0.0007256651930936692,0.008812244557511052,0.012522045261417461,0.0011982017608221074,0.013720247022239567,Feb
Make robots smarter - Ayanna Howard,2013-02-06,66436,526,226,2013,0.007917394183876212,0.003401770124631224,0.011319164308507436,0.01247997868296416,0.0012886051459584662,0.013768583828922626,Feb
The historical audacity of the Louisiana Purchase - Judy Walton,2013-02-07,775015,4039,355,2013,0.00521151203525093,0.0004580556505357961,0.005669567685786726,0.01229839221160063,0.0012683103847568346,0.013566702596357467,Feb
Four principles for the open world - Don Tapscott,2013-02-08,21215,711,56,2013,0.03351402309686542,0.002639641762903606,0.03615366485976903,0.012778799589445358,0.0013104720027817,0.014089271592227056,Feb
"How bacteria ""talk"" - Bonnie Bassler",2013-02-09,658758,9139,427,2013,0.013873076304196685,0.0006481894717028105,0.014521265775899496,0.012731491290539349,0.0012977991335879685,0.014029290424127318,Feb
The world needs all kinds of minds - Temple Grandin,2013-02-10,689703,9356,426,2013,0.013565259249271064,0.0006176571654755743,0.014182916414746637,0.012901874412877875,0.001310217582216638,0.014212091995094513,Feb
How Curiosity got us to Mars - Bobak Ferdowsi,2013-02-11,73425,1008,84,2013,0.01372829417773238,0.0011440245148110317,0.014872318692543412,0.01269834247787276,0.0012593518829698254,0.013957694360842583,Feb
Where we get our fresh water - Christiana Z. Peppard,2013-02-12,458267,2510,234,2013,0.005477156330261616,0.0005106193550921188,0.005987775685353735,0.012665179799298853,0.0012458486056815617,0.013911028404980413,Feb
Inside OKCupid: The math of online dating - Christian Rudder,2013-02-13,1242326,14171,932,2013,0.01140682880338977,0.0007502056626038576,0.012157034465993628,0.012731693652549976,0.0012260392077404713,0.01395773286029045,Feb
Fresh water scarcity: An introduction to the problem - Christiana Z. Peppard,2013-02-14,636843,4084,337,2013,0.006412883552147076,0.0005291728102530765,0.006942056362400152,0.01246610762845664,0.0012195601223380945,0.013685667750794734,Feb
How I fell in love with a fish - Dan Barber,2013-02-15,56009,949,103,2013,0.01694370547590566,0.0018389901622953453,0.018782695638201004,0.012608299321671129,0.0012593320751360653,0.013867631396807193,Feb
Science can answer moral questions - Sam Harris,2013-02-16,119983,3207,1212,2013,0.026728786578098563,0.010101431036063443,0.036830217614162004,0.012970201259008716,0.0015634076728869924,0.014533608931895708,Feb
Let's simplify legal jargon - Alan Siegel,2013-02-18,20908,227,7,2013,0.010857088195905874,0.0003348000765257318,0.011191888272431606,0.013041576577154913,0.0015643599481883223,0.014605936525343236,Feb
Inventing the American presidency - Kenneth C. Davis,2013-02-18,204537,1426,180,2013,0.006971843725096193,0.0008800363748368266,0.007851880099933019,0.012959895164587185,0.0015244912627576492,0.014484386427344835,Feb
Distorting Madonna in Medieval art - James Earle,2013-02-19,119328,1749,119,2013,0.0146570796460177,0.0009972512737999465,0.015654330919817647,0.013054153825650753,0.0013663763278325234,0.014420530153483276,Feb
Gridiron physics: Scalars and vectors - Michelle Buchanan,2013-02-20,117497,800,93,2013,0.006808684477050478,0.0007915095704571181,0.007600194047507596,0.012696865300569666,0.0013604763143708414,0.01405734161494051,Feb
Visualizing the world's Twitter data - Jer Thorp,2013-02-21,69250,754,56,2013,0.010888086642599278,0.0008086642599277979,0.011696750902527076,0.012779795679705582,0.0013770640058117904,0.014156859685517375,Feb
High-altitude wind energy from kites! - Saul Griffith,2013-02-22,64937,629,46,2013,0.009686311347921832,0.0007083788903090688,0.0103946902382309,0.012766900924715314,0.0013865685766685498,0.014153469501383863,Feb
How Benjamin Button got his face - Ed Ulbrich,2013-02-22,24343,345,18,2013,0.014172452039600707,0.0007394322803269934,0.0149118843199277,0.012841853974779386,0.0013995782543291082,0.014241432229108496,Feb
The El Sistema music revolution - Jose Antonio Abreu,2013-02-22,29965,346,17,2013,0.011546804605372935,0.0005673285499749708,0.012114133155347906,0.012841785249326972,0.00133129599251351,0.01417308124184048,Feb
How to restore a rainforest - Willie Smits,2013-02-22,42425,756,32,2013,0.01781968179139658,0.0007542722451384797,0.018573954036535063,0.013137974097591638,0.0013066355792024982,0.014444609676794137,Feb
"Mosquitos, malaria and education - Bill Gates",2013-02-22,274917,3264,888,2013,0.011872674298060869,0.0032300658016783247,0.015102740099739194,0.012739768535965255,0.0013386476601501488,0.014078416196115405,Feb
What adults can learn from kids - Adora Svitak,2013-02-22,235645,2241,213,2013,0.009510068110929576,0.0009039020560589021,0.010413970166988478,0.012666611459217906,0.0013359440004599753,0.014002555459677882,Feb
Toy tiles that talk to each other - David Merrill,2013-02-22,48239,287,31,2013,0.0059495429009722425,0.0006426335537635524,0.006592176454735795,0.012686231672036098,0.0013523744907248281,0.014038606162760927,Feb
Why I'm a weekday vegetarian - Graham Hill,2013-02-22,333761,3778,248,2013,0.011319477110866758,0.0007430466711209518,0.01206252378198771,0.012747974479903607,0.0013679392884727603,0.014115913768376367,Feb
Toward a science of simplicity - George Whitesides,2013-02-22,13645,133,4,2013,0.009747160131916453,0.00029314767314034447,0.010040307805056797,0.01263059850450739,0.001352197534098799,0.01398279603860619,Feb
The danger of science denial - Michael Specter,2013-02-23,74782,1611,433,2013,0.021542617207349363,0.005790163408306812,0.027332780615656173,0.012870664154404524,0.0014893455996363996,0.014360009754040923,Feb
How art gives shape to cultural change - Thelma Golden,2013-02-24,105889,2641,57,2013,0.02494121202391183,0.000538299540084428,0.02547951156399626,0.013033254961687476,0.0014569904802440024,0.014490245441931478,Feb
Why are blue whales so enormous? - Asha de Vos,2013-02-25,1065227,13734,840,2013,0.012893026556780856,0.0007885643153994407,0.013681590872180295,0.012810120346355177,0.0014399770353392546,0.014250097381694431,Feb
Insights into cell membranes via dish detergent - Ethan Perlstein,2013-02-26,258028,1855,53,2013,0.007189142263630303,0.00020540406467515153,0.007394546328305455,0.012707948407559753,0.0014360774504995463,0.0141440258580593,Feb
Beach Bodies (in spoken word) - David Fasanya and Gabriel Barralaga,2013-02-27,250328,3294,100,2013,0.01315873573871081,0.00039947588763542235,0.013558211626346234,0.012877020286702867,0.0014252044736509381,0.014302224760353806,Feb
Illuminating photography: From camera obscura to camera phone - Eva Timothy,2013-02-28,486592,3251,107,2013,0.006681162041299487,0.00021989675128238854,0.006901058792581876,0.012835812548616977,0.0013191420278726438,0.01415495457648962,Feb
A new ecosystem for electric cars - Shai Agassi,2013-03-01,21813,714,121,2013,0.03273277403383303,0.005547150781643974,0.03827992481547701,0.013753187948569714,0.0014887785322429165,0.01524196648081263,Mar
The business logic of sustainability - Ray Anderson,2013-03-01,40919,172,3,2013,0.004203426281189668,7.33155746719128e-05,0.00427674185586158,0.012776168054713854,0.0014032343259685266,0.014179402380682382,Mar
Could a Saturn moon harbor life? - Carolyn Porco,2013-03-01,24633,242,11,2013,0.009824219542889619,0.00044655543376770997,0.01027077497665733,0.012641206162670286,0.00139651319137069,0.014037719354040974,Mar
Supercharged motorcycle design - Yves Behar,2013-03-01,20208,66,10,2013,0.0032660332541567696,0.0004948535233570863,0.003760886777513856,0.012297898629499808,0.0013924197366334068,0.013690318366133216,Mar
The world's English mania - Jay Walker,2013-03-01,567298,3835,180,2013,0.006760115494854556,0.00031729355647296483,0.007077409051327521,0.012065626006737214,0.0013648620380221383,0.013430488044759353,Mar
Planning for the end of oil - Richard Sears,2013-03-01,46572,639,74,2013,0.013720690543674311,0.0015889375590483553,0.015309628102722666,0.01234041048051764,0.0014008059781540128,0.013741216458671652,Mar
Does racism affect how you vote? - Nate Silver,2013-03-02,108004,1689,441,2013,0.01563830969223362,0.004083182104366505,0.019721491796600127,0.0124814598434791,0.0015119051928794344,0.013993365036358533,Mar
The tribes we lead - Seth Godin,2013-03-03,292480,5048,184,2013,0.017259299781181618,0.0006291028446389497,0.01788840262582057,0.012843007051113584,0.0015152361940256299,0.014358243245139214,Mar
"How to organize, add and multiply matrices - Bill Shillito",2013-03-04,550665,11815,408,2013,0.02145587607710677,0.0007409223393533273,0.0221967984164601,0.012993412737820289,0.0014786339332608961,0.014472046671081184,Mar
The simple story of photosynthesis and food - Amanda Ooten,2013-03-05,1981314,7978,523,2013,0.004026620717362316,0.0002639662365480686,0.004290586953910385,0.012236673875795747,0.0011507184399437167,0.013387392315739464,Mar
Visualizing hidden worlds inside your body - Dee Breger,2013-03-06,63370,644,45,2013,0.010162537478302036,0.0007101151964652043,0.01087265267476724,0.012213522185208953,0.0011632289439416992,0.013376751129150651,Mar
The importance of focus - Richard St. John,2013-03-06,464808,6680,125,2013,0.014371525447066316,0.00026892824564121097,0.014640453692707526,0.012460178242607957,0.0011428586729685121,0.01360303691557647,Mar
The difference between classical and operant conditioning - Peggy Andover,2013-03-07,3392852,43749,841,2013,0.012894461650552396,0.0002478740599354172,0.013142335710487814,0.01240142430942578,0.0011178794325063612,0.01351930374193214,Mar
A 3D atlas of the universe - Carter Emmart,2013-03-08,1878497,25640,1155,2013,0.013649209980106436,0.0006148532576842018,0.014264063237790638,0.01262944182619431,0.001111990888747264,0.013741432714941576,Mar
How YouTube thinks about copyright - Margaret Gould Stewart,2013-03-08,18085,338,35,2013,0.01868952170306884,0.0019353055017970694,0.02062482720486591,0.012889489661543298,0.001149545596809573,0.01403903525835287,Mar
Fractals and the art of roughness - Benoit Mandelbrot,2013-03-08,47592,726,32,2013,0.015254664649520928,0.0006723819129265423,0.01592704656244747,0.013075101438263266,0.0011483456975634888,0.014223447135826758,Mar
How architecture helped music evolve - David Byrne,2013-03-08,95584,2601,89,2013,0.027211667224640107,0.0009311181787746903,0.028142785403414798,0.013509741944431247,0.0011547352275117454,0.014664477171942992,Mar
HIV and flu -- the vaccine strategy - Seth Berkley,2013-03-08,87284,959,198,2013,0.010987122496677512,0.0022684569909719996,0.013255579487649513,0.0134910858741414,0.0012114395088783129,0.014702525383019714,Mar
The pattern behind self-deception - Michael Shermer,2013-03-08,68376,941,110,2013,0.013762138762138762,0.0016087516087516086,0.01537089037089037,0.013355834439832804,0.0012399221543320839,0.01459575659416489,Mar
How state budgets are breaking US schools - Bill Gates,2013-03-09,56677,1011,227,2013,0.01783792367274203,0.004005152001693809,0.021843075674435837,0.01355467608565551,0.0012657583609992668,0.014820434446654778,Mar
Working backward to solve problems - Maurice Ashley,2013-03-11,2232849,63991,1064,2013,0.02865890169912968,0.00047652125154902997,0.029135422950678707,0.014192970538595513,0.0012515123341822712,0.015444482872777785,Mar
How Mendel's pea plants helped us understand genetics - Hortensia Jiménez Díaz,2013-03-12,4471582,34683,1332,2013,0.007756315326432569,0.000297881152576426,0.008054196479008995,0.014253196286110858,0.0012400205874760336,0.015493216873586893,Mar
What is verbal irony? - Christopher Warner,2013-03-13,2091300,16544,984,2013,0.00791086883756515,0.0004705207287333238,0.008381389566298475,0.014139576010334139,0.001230936389396446,0.015370512399730585,Mar
The infamous and ingenious Ho Chi Minh Trail - Cameron Paterson,2013-03-14,999678,15765,1504,2013,0.015770077965104764,0.001504484443990965,0.01727456240909573,0.014340339938107082,0.0012713142817581333,0.015611654219865215,Mar
3 things I learned while my plane crashed - Ric Elias,2013-03-15,86314,1033,43,2013,0.011967931042472832,0.0004981810598512408,0.012466112102324073,0.014021183732611195,0.0010949148701429475,0.015116098602754147,Mar
On being wrong - Kathryn Schulz,2013-03-15,52111,666,35,2013,0.01278041104565255,0.0006716432231198787,0.013452054268772428,0.013615823700002555,0.0010993596595774626,0.014715183359580018,Mar
The sound the universe makes - Janna Levin,2013-03-15,28197,396,20,2013,0.014044047239067986,0.0007092953151044437,0.01475334255417243,0.013654191056078792,0.0010967173595676292,0.014750908415646422,Mar
The greatest TED Talk ever sold - Morgan Spurlock,2013-03-15,5865788,39662,1095,2013,0.006761580882227588,0.00018667568619936485,0.006948256568426953,0.013639939010032036,0.001096093080285103,0.014736032090317137,Mar
The history of our world in 18 minutes - David Christian,2013-03-15,305179,3111,392,2013,0.010194017281660927,0.001284492052205427,0.011478509333866354,0.013541115061463705,0.0011255936191041033,0.014666708680567807,Mar
Printing a human kidney - Anthony Atala,2013-03-15,198058,2649,225,2013,0.013374869987579396,0.001136030859647174,0.01451090084722657,0.013764238659673035,0.0011561314227162627,0.0149203700823893,Mar
Let's use video to reinvent education - Salman Khan,2013-03-16,112597,2477,156,2013,0.021998809915006617,0.0013854720818494276,0.023384281996856045,0.013406439855712157,0.001017408799389778,0.014423848655101932,Mar
Social animal - David Brooks,2013-03-17,23819,558,47,2013,0.023426676182879216,0.0019732146605650953,0.02539989084344431,0.01404721485243514,0.0010807387689195506,0.015127953621354691,Mar
The story behind the Boston Tea Party - Ben Labaree,2013-03-18,1629628,12024,813,2013,0.007378371014734651,0.0004988868625232262,0.007877257877257878,0.013965686568163308,0.0010824831498780676,0.015048169718041376,Mar
Dear Subscribers...,2013-03-19,265322,1011,106,2013,0.003810464266061616,0.00039951455212911105,0.004209978818190727,0.013983834268560138,0.0010793051841704688,0.015063139452730606,Mar
Why do we see illusions? - Mark Changizi,2013-03-20,127779,1811,111,2013,0.01417290791131563,0.0008686873429906322,0.015041595254306263,0.01423092734910884,0.0010976849770543908,0.01532861232616323,Mar
How farming planted seeds for the Internet - Patricia Russac,2013-03-21,174055,1139,172,2013,0.006543908534658585,0.0009881933871477406,0.007532101921806326,0.013991701282141647,0.0010776601713243703,0.015069361453466018,Mar
Your elusive creative genius - Elizabeth Gilbert,2013-03-22,146921,2553,163,2013,0.017376685429584607,0.001109439766949585,0.01848612519653419,0.01404964714005335,0.0009785354267438065,0.015028182566797155,Mar
"Beware online ""filter bubbles"" - Eli Pariser",2013-03-22,73874,734,47,2013,0.00993583669491296,0.0006362184259685411,0.010572055120881501,0.013805531703844392,0.000978772612788126,0.014784304316632519,Mar
The hidden beauty of pollination - Louie Schwartzberg,2013-03-22,33515,242,9,2013,0.007220647471281516,0.00026853647620468446,0.0074891839474862006,0.013331024083650217,0.000963026417349838,0.014294050501000055,Mar
"Silk, the ancient material of the future - Fiorenzo Omenetto",2013-03-22,146344,786,24,2013,0.005370906904280326,0.00016399715738260536,0.005534904061662931,0.01337583362321415,0.0009596941147109893,0.014335527737925142,Mar
The hidden power of smiling - Ron Gutman,2013-03-22,73303,683,47,2013,0.009317490416490458,0.0006411743039166201,0.009958664720407077,0.01334766538782043,0.0009573960849593698,0.014305061472779802,Mar
Building a museum of museums on the web - Amit Sood,2013-03-22,60436,613,17,2013,0.01014296114898405,0.00028128929776954133,0.01042425044675359,0.013206713244551022,0.0009578081200303141,0.014164521364581335,Mar
The lost art of democratic debate - Michael Sandel,2013-03-23,53212,1146,162,2013,0.021536495527324662,0.003044426069307675,0.02458092159663234,0.013494781040443432,0.0010510265203427227,0.014545807560786154,Mar
Are we ready for neo-evolution? - Harvey Fineberg,2013-03-24,49078,1177,520,2013,0.02398223236480704,0.010595378784791555,0.0345776111495986,0.013839215119933452,0.0013837107045796345,0.015222925824513086,Mar
Haptography: Digitizing our sense of touch - Katherine Kuchenbecker,2013-03-25,396758,1744,84,2013,0.004395626553213798,0.00021171595783827925,0.004607342511052077,0.013362751948271617,0.001326257719781008,0.014689009668052625,Mar
Could the sun be good for your heart? - Richard Weller,2013-03-25,7837,121,7,2013,0.015439581472502233,0.0008931989281612862,0.016332780400663518,0.013368915842370994,0.0013336182869554995,0.014702534129326492,Mar
Euclid's puzzling parallel postulate - Jeff Dekofsky,2013-03-26,190061,3023,160,2013,0.01590541983889383,0.0008418349898190581,0.016747254828712886,0.012992040929512784,0.0013306421806569787,0.014322683110169761,Mar
Your brain on video games - Daphne Bavelier,2013-03-27,175342,3104,492,2013,0.01770254702239053,0.002805944953291282,0.02050849197568181,0.013215888413703218,0.0013485584460676213,0.01456444685977084,Mar
Become a slam poet in five steps - Gayle Danley,2013-03-27,834361,16621,409,2013,0.019920633874306204,0.0004901954909205967,0.020410829365226802,0.0134211715841088,0.001311273242139921,0.014732444826248721,Mar
Want to be happier? Stay in the moment - Matt Killingsworth,2013-03-29,128904,1178,131,2013,0.009138583752249737,0.0010162601626016261,0.010154843914851362,0.013131193586759056,0.0012116435141701814,0.014342837100929238,Mar
"The weird, wonderful world of bioluminescence - Edith Widder",2013-03-29,129013,1491,51,2013,0.011556974878500615,0.00039530899986823034,0.011952283878368846,0.012561129359404757,0.0012089364391141546,0.01377006579851891,Mar
How we'll stop polio for good - Bruce Aylward,2013-03-29,15403,104,25,2013,0.006751931441926897,0.0016230604427708887,0.008374991884697786,0.012527649896587898,0.0012531090821206368,0.013780758978708535,Mar
Making a car for blind drivers - Dennis Hong,2013-03-29,21079,155,12,2013,0.0073532900042696525,0.0005692869680724893,0.007922576972342141,0.012509063935478048,0.001256401290098609,0.013765465225576657,Mar
Making sense of a visible quantum object - Aaron O'Connell,2013-03-29,25996,448,31,2013,0.017233420526234805,0.0011924911524849977,0.018425911678719802,0.012557842020849051,0.0012460015137150768,0.013803843534564127,Mar
Building a dinosaur from a chicken - Jack Horner,2013-03-29,41255,563,56,2013,0.01364683068718943,0.001357411222882075,0.015004241910071506,0.012613805342339605,0.001274642519149438,0.013888447861489042,Mar
Building the Seed Cathedral - Thomas Heatherwick,2013-03-30,49269,1396,71,2013,0.02833424668655747,0.001441068420304857,0.029775315106862328,0.013132266530369769,0.0013002900257222706,0.01443255655609204,Mar
The mystery of chronic pain - Elliot Krane,2013-03-31,240915,4547,550,2013,0.018873876678496566,0.002282962870722039,0.021156839549218605,0.013293260845017387,0.0013527456109095237,0.014646006455926912,Mar
Early forensics and crime-solving chemists - Deborah Blum,2013-04-01,88842,761,30,2013,0.008565768442853606,0.00033767812521104883,0.008903446568064655,0.013353400430371589,0.0013577790255432467,0.014711179455914833,Apr
Mysteries of vernacular: Clue - Jessica Oreck,2013-04-01,74510,1142,46,2013,0.015326801771574285,0.0006173667964031673,0.01594416856797745,0.013524493246702034,0.0013355415170165045,0.014860034763718537,Apr
Kids need structure - Colin Powell,2013-04-01,9475,210,31,2013,0.02216358839050132,0.003271767810026385,0.025435356200527705,0.01381745052679943,0.0014067327486958117,0.015224183275495243,Apr
Mysteries of vernacular: Pants - Jessica Oreck,2013-04-02,47671,454,47,2013,0.009523609741771726,0.000985924356527029,0.010509534098298755,0.013401610521024933,0.001393414491185065,0.01479502501221,Apr
Who is Alexander von Humboldt? - George Mehler,2013-04-02,306585,5128,190,2013,0.016726193388456708,0.0006197302542524911,0.0173459236427092,0.013178261094544183,0.0013482983443079781,0.014526559438852163,Apr
TED-Ed YouTube Channel Teaser,2013-04-02,1263489,0,0,2013,0.0,0.0,0.0,0.01293231539405303,0.0013316687822238706,0.0142639841762769,Apr
The future of lying - Jeff Hancock,2013-04-03,98769,834,51,2013,0.00844394496248823,0.0005163563466269781,0.008960301309115208,0.013086764750600582,0.0013355635087071327,0.014422328259307716,Apr
Networking for the networking averse - Lisa Green Chau,2013-04-03,220117,2632,133,2013,0.011957277266181168,0.0006042241171740483,0.012561501383355215,0.013012910395762767,0.0013267480678465801,0.014339658463609347,Apr
Mysteries of vernacular: Assassin - Jessica Oreck,2013-04-03,65100,527,33,2013,0.008095238095238095,0.0005069124423963134,0.008602150537634409,0.013064621381115417,0.001310705369688199,0.014375326750803616,Apr
A call to invention: DIY speaker edition - William Gurstelle,2013-04-04,89014,1175,69,2013,0.013200170759655785,0.0007751589637585099,0.013975329723414294,0.012925404225451124,0.0012995626762484966,0.01422496690169962,Apr
Mysteries of vernacular: Hearse - Jessica Oreck,2013-04-04,34031,716,67,2013,0.021039640327936295,0.001968793159178396,0.02300843348711469,0.013295531013218568,0.0013439818340221586,0.014639512847240726,Apr
Mysteries of vernacular: Noise - Jessica Oreck,2013-04-05,51208,881,65,2013,0.017204343071395095,0.0012693329167317606,0.018473675988126857,0.013628320866555688,0.001377341715373061,0.01500566258192875,Apr
Why it pays to work hard - Richard St. John,2013-04-05,738234,0,479,2013,0.0,0.0006488457589328045,0.0006488457589328045,0.01344929063641301,0.0013935033354247344,0.014842793971837742,Apr
The power of passion - Richard St. John,2013-04-05,545146,0,245,2013,0.0,0.0004494208890829246,0.0004494208890829246,0.013138707622529996,0.001387111554930278,0.014525819177460271,Apr
8 traits of successful people - Richard St. John,2013-04-05,7116554,0,2721,2013,0.0,0.00038234797347143015,0.00038234797347143015,0.01280060891756386,0.001390480177453674,0.014191089095017534,Apr
"Doodlers, unite! - Sunni Brown",2013-04-05,29579,221,13,2013,0.007471516954596166,0.00043950099732918625,0.007911017951925352,0.012331776298472909,0.0013036493417210577,0.013635425640193967,Apr
Unintended consequences - Edward Tenner,2013-04-05,20962,97,4,2013,0.004627421047609961,0.00019082148649937983,0.0048182425341093404,0.011686615921233007,0.0009568307651113186,0.012643446686344324,Apr
Try something new for 30 days - Matt Cutts,2013-04-05,2203250,27301,579,2013,0.01239124021332123,0.0002627936003631,0.01265403381368433,0.01195313637656992,0.0009585333531954793,0.0129116697297654,Apr
A Rosetta Stone for the Indus script - Rajesh Rao,2013-04-05,65397,1169,143,2013,0.017875437711209995,0.0021866446473079804,0.020062082358517974,0.012034331584526846,0.001001648210500369,0.013035979795027216,Apr
Different ways of knowing - Daniel Tammet,2013-04-05,63168,920,28,2013,0.01456433637284701,0.0004432624113475177,0.01500759878419453,0.011989628802325287,0.0009883624578846512,0.012977991260209938,Apr
A light switch for neurons - Ed Boyden,2013-04-06,24602,613,67,2013,0.024916673441183642,0.0027233558247296966,0.02764002926591334,0.012230099682951722,0.0009856094869325981,0.013215709169884321,Apr
"Healthier men, one moustache at a time - Adam Garone",2013-04-07,30674,630,48,2013,0.020538566864445457,0.001564843189672035,0.022103410054117492,0.012250697449289697,0.0010214310768909796,0.013272128526180678,Apr
The strange politics of disgust - David Pizarro,2013-04-08,5099,70,13,2013,0.013728181996469895,0.0025495195136301238,0.01627770151010002,0.012403684057430371,0.0010725397219252628,0.013476223779355635,Apr
Self-assembly: The power of organizing the unorganized - Skylar Tibbits,2013-04-08,77888,856,100,2013,0.01099013968775678,0.0012838948233360723,0.012274034511092852,0.012384789551072242,0.001102159249374191,0.013486948800446432,Apr
"The beginning of the universe, for beginners - Tom Whyntie",2013-04-09,1283920,11371,2070,2013,0.00885647080815004,0.0016122499844227055,0.010468720792572746,0.01245494086327968,0.0011017989007625847,0.013556739764042265,Apr
What cameras see that our eyes don't - Bill Shribman,2013-04-10,381195,4302,232,2013,0.011285562507378114,0.0006086123899841289,0.011894174897362242,0.012586016613383296,0.0011031097481596394,0.013689126361542934,Apr
What's a snollygoster? A short lesson in political speak - Mark Forsyth,2013-04-10,6222,94,5,2013,0.015107682417229186,0.0008036001285760206,0.01591128254580521,0.012515158676416442,0.0010901467140293402,0.01360530539044578,Apr
How is power divided in the United States government? - Belinda Stutzman,2013-04-12,3691027,36763,1673,2013,0.009960100535704562,0.0004532613822656946,0.010413361917970257,0.012392267671366947,0.0010600083860087942,0.013452276057375739,Apr
"Less stuff, more happiness - Graham Hill",2013-04-12,86325,691,21,2013,0.008004633651896902,0.00024326672458731537,0.008247900376484216,0.011714613903544927,0.0010200816628182095,0.012734695566363136,Apr
The quest to understand consciousness - Antonio Damasio,2013-04-12,37781,350,32,2013,0.009263915724835235,0.0008469865805563644,0.010110902305391599,0.011394281871756217,0.0009722157864793537,0.01236649765823557,Apr
The Earth is full - Paul Gilding,2013-04-12,20792,113,32,2013,0.005434782608695652,0.0015390534821085034,0.006973836090804156,0.011289915677284285,0.0010122616317092689,0.012302177308993554,Apr
We need to talk about an injustice - Bryan Stevenson,2013-04-12,150982,1831,101,2013,0.01212727344981521,0.0006689539150362295,0.01279622736485144,0.011183264733225649,0.001013981202330371,0.012197245935556019,Apr
Why I must speak out about climate change - James Hansen,2013-04-12,60478,625,399,2013,0.01033433645292503,0.006597440391547339,0.01693177684447237,0.010788956335306438,0.001124836955047736,0.011913793290354174,Apr
A future beyond traffic gridlock - Bill Ford,2013-04-13,27214,459,89,2013,0.016866318806496656,0.003270375542000441,0.020136694348497096,0.011033713304130603,0.0012009853278968498,0.012234698632027452,Apr
Every city needs healthy honey bees - Noah Wilson-Rich,2013-04-14,41395,604,60,2013,0.014591134194951082,0.0014494504167169948,0.016040584611668077,0.010962544664347084,0.0012286426666456667,0.012191187330992748,Apr
How to solve traffic jams - Jonas Eliasson,2013-04-15,14502,197,23,2013,0.013584333195421322,0.0015859881395669563,0.015170321334988277,0.011415355770861125,0.0012815089379645652,0.012696864708825691,Apr
What is Zeno's Dichotomy Paradox? - Colm Kelleher,2013-04-15,3767136,71140,3797,2013,0.018884372637462517,0.0010079275077937192,0.019892300145256236,0.011763370026693603,0.0012978946433367898,0.013061264670030392,Apr
The magic of Vedic math - Gaurav Tekriwal,2013-04-16,4626358,124361,5410,2013,0.026880972030266573,0.0011693863726067028,0.028050358402873274,0.012260826518829784,0.001316733385184545,0.013577559904014328,Apr
How to live to be 100+ - Dan Buettner,2013-04-17,867609,9920,507,2013,0.011433721872410268,0.000584364615858065,0.012018086488268333,0.01237210931140219,0.0013193151242999366,0.013691424435702124,Apr
How does an atom-smashing particle accelerator work? - Don Lincoln,2013-04-18,701243,13135,627,2013,0.01873102476602262,0.0008941265723864623,0.019625151338409082,0.012556471111614417,0.0013232807112542016,0.013879751822868618,Apr
A giant bubble for debate - Liz Diller,2013-04-19,9395,58,12,2013,0.006173496540713145,0.0012772751463544438,0.007450771687067589,0.012060932985373645,0.0013002301108267366,0.013361163096200382,Apr
Is our universe the only universe? - Brian Greene,2013-04-19,2044997,30775,1684,2013,0.015048921832159168,0.0008234730906695706,0.01587239492282874,0.011989085610732447,0.0012853681166246635,0.01327445372735711,Apr
Mysteries of vernacular: Miniature - Jessica Oreck,2013-04-19,42470,792,30,2013,0.018648457734871674,0.0007063809748057452,0.01935483870967742,0.012610700868561503,0.0012872859571537616,0.013897986825715266,Apr
How can technology transform the human body? - Lucy McRae,2013-04-19,13705,169,31,2013,0.012331265961327982,0.0022619481940897483,0.014593214155417731,0.013021743067272435,0.0013477035339873223,0.014369446601259757,Apr
How do we heal medicine? - Atul Gawande,2013-04-19,8870,142,9,2013,0.01600901916572717,0.0010146561443066515,0.017023675310033824,0.013555377039463341,0.001368780473015163,0.014924157512478504,Apr
"Connected, but alone? - Sherry Turkle",2013-04-19,154428,1535,96,2013,0.009939907270702205,0.0006216489237703007,0.010561556194472506,0.013637656716666875,0.0013748520705632002,0.015012508787230077,Apr
From mach-20 glider to humming bird drone - Regina Dugan,2013-04-20,19856,449,96,2013,0.022612812248186946,0.004834810636583401,0.027447622884770345,0.014237169756686107,0.0015296517088993346,0.015766821465585442,Apr
Dare to educate Afghan girls - Shabana Basij-Rasikh,2013-04-21,45144,695,0,2013,0.01539517986886408,0.0,0.01539517986886408,0.014337301078537536,0.0015208919222205644,0.0158581930007581,Apr
String theory and the hidden structures of the universe - Clifford Johnson,2013-04-22,128896,1676,301,2013,0.013002730883813306,0.002335215988083416,0.015337946871896723,0.014174877517624314,0.0015258443002464123,0.015700721817870727,Apr
Hey science teachers -- make it fun - Tyler DeWitt,2013-04-22,40303,1052,80,2013,0.02610227526486862,0.0019849638984690966,0.02808723916333772,0.0145594754806917,0.0015772343498171315,0.01613670983050883,Apr
Making sense of how life fits together - Bobbi Seleski,2013-04-23,286654,2385,152,2013,0.008320135075735905,0.0005302559880552861,0.00885039106379119,0.014006257535176777,0.0015041310219279845,0.015510388557104762,Apr
Exciting news from TED-Ed...,2013-04-23,34075,504,49,2013,0.01479090242112986,0.001438004402054292,0.016228906823184154,0.013814668720399591,0.0014999030623407265,0.015314571782740318,Apr
How much does a video weigh? - Michael Stevens of Vsauce,2013-04-24,627784,15017,1359,2013,0.023920647866145044,0.002164757305060339,0.026085405171205382,0.014154417582722095,0.0014870776553884003,0.015641495238110495,Apr
Let's teach kids to code - Mitch Resnick,2013-04-24,8535,157,35,2013,0.01839484475688342,0.004100761570005858,0.02249560632688928,0.014401241085026318,0.0015809732136107264,0.015982214298637044,Apr
The search for other Earth-like planets - Olivier Guyon,2013-04-25,43015,744,90,2013,0.017296291991165873,0.00209229338602813,0.019388585377194,0.01468256845779351,0.001596974660330907,0.016279543118124417,Apr
Pavlovian reactions aren't just for dogs - Benjamin N. Witts,2013-04-26,158559,1460,53,2013,0.009207928909743377,0.00033426043302493076,0.009542189342768306,0.01461331400453902,0.001587829595098934,0.016201143599637955,Apr
Tracking the trackers - Gary Kovacs,2013-04-26,4655,80,13,2013,0.017185821697099892,0.0027926960257787323,0.019978517722878626,0.014682585313868042,0.0016541327916723577,0.016336718105540403,Apr
Music and emotion through time - Michael Tilson Thomas,2013-04-26,31459,302,32,2013,0.00959979656060269,0.0010171969865539273,0.010616993547156617,0.014670575181364645,0.001672930645148632,0.01634350582651328,Apr
Feats of memory anyone can do - Joshua Foer,2013-04-26,41401,728,33,2013,0.017584116325692616,0.0007970821960822202,0.018381198521774837,0.01498989127049117,0.0016913911608651291,0.0166812824313563,Apr
"404, the story of a page not found - Renny Gleeson",2013-04-26,33272,465,35,2013,0.013975715316181775,0.0010519355614330367,0.01502765087761481,0.015146951256869389,0.001698222793561018,0.016845174050430407,Apr
The optimism bias - Tali Sharot,2013-04-26,16017,364,27,2013,0.02272585378035837,0.0016857089342573516,0.024411562714615722,0.01572332029592481,0.0017031113086326463,0.01742643160455746,Apr
A 40-year plan for energy - Amory Lovins,2013-04-27,57459,1303,186,2013,0.02267703928018239,0.0032370907951756907,0.02591413007535808,0.016074979156937053,0.0017887158713039617,0.017863695028241016,Apr
"Pool medical patents, save lives - Ellen 't Hoen",2013-04-28,8264,195,39,2013,0.023596321393998063,0.004719264278799613,0.028315585672797676,0.016517045321639487,0.0017261100008790372,0.018243155322518526,Apr
A host of heroes - April Gudenrath,2013-04-29,268756,1908,113,2013,0.007099376386015568,0.0004204557293604608,0.007519832115376029,0.016191480574290117,0.0016311126737910378,0.017822593248081154,Apr
The dance of the dung beetle - Marcus Byrne,2013-04-29,7178,118,11,2013,0.016439119531903038,0.0015324602953468932,0.01797157982724993,0.01625308008552185,0.001633879669745368,0.017886959755267218,Apr
How do you know whom to trust? - Ram Neta,2013-04-30,999851,13191,627,2013,0.013192965751897033,0.0006270934369221014,0.013820059188819135,0.01624003450407104,0.0016019165129905395,0.01784195101706158,Apr
Mysteries of vernacular: Tuxedo - Jessica Oreck,2013-05-01,44251,710,47,2013,0.016044835144968475,0.0010621228898781948,0.01710695803484667,0.016145383254321237,0.0016037230257266888,0.017749106280047926,May
Sometimes it's good to give up the driver's seat - Baba Shiv,2013-05-01,6622,79,9,2013,0.011929930534581697,0.001359106010268801,0.013289036544850499,0.015647015204465077,0.0016100470136487586,0.017257062218113836,May
How did feathers evolve? - Carl Zimmer,2013-05-02,752264,12202,1017,2013,0.01622036944476939,0.0013519190071570619,0.017572288451926453,0.015806570123543712,0.0016356321600253917,0.017442202283569106,May
Dark matter: The matter we can't see - James Gillies,2013-05-03,3094553,69787,2456,2013,0.022551560758532815,0.0007936525889199506,0.023345213347452765,0.01593392132329405,0.0016322830272431747,0.017566204350537226,May
Big Data - Tim Smith,2013-05-03,599864,5621,107,2013,0.009370457303655495,0.0001783737647200032,0.009548831068375499,0.016040486682058798,0.0015956529811886934,0.017636139663247494,May
The basics of the Higgs boson - Dave Barney and Steve Goldfarb,2013-05-03,2316862,63822,1825,2013,0.027546742102032836,0.0007877033677448203,0.028334445469777658,0.016457080691054584,0.001594460657091202,0.018051541348145787,May
What happened to antimatter? - Rolf Landua,2013-05-03,1600699,31026,2993,2013,0.01938278214704951,0.001869808127574266,0.021252590274623773,0.016481558171460513,0.0016332415621834856,0.018114799733644,May
The mathematics of history - Jean-Baptiste Michel,2013-05-04,37770,667,63,2013,0.017659518136086842,0.0016679904686258936,0.019327508604712735,0.016659166577285812,0.0016134429713346905,0.0182726095486205,May
The single biggest health threat women face - Noel Bairey Merz,2013-05-06,5924,63,9,2013,0.010634706279540851,0.0015192437542201215,0.012153950033760972,0.016480022814412933,0.0016302625583318063,0.018110285372744738,May
Strange answers to the psychopath test - Jon Ronson,2013-05-07,143953,2514,141,2013,0.017464033399790208,0.0009794863601314317,0.01844351975992164,0.016730827018715866,0.0016421904728771773,0.018373017491593042,May
Archeology from space - Sarah Parcak,2013-05-07,23466,108,20,2013,0.004602403477371516,0.0008522969402539845,0.005454700417625501,0.016130480059688687,0.0015094400163328636,0.01763992007602155,May
What's left to explore? - Nathan Wolfe,2013-05-07,3888,76,5,2013,0.01954732510288066,0.001286008230452675,0.020833333333333332,0.016268884900822574,0.001552306957347953,0.017821191858170524,May
The journey across the high wire - Philippe Petit,2013-05-07,15447,295,15,2013,0.019097559396646598,0.0009710623422023694,0.020068621738848966,0.01647204585125035,0.0015068351691519175,0.01797888102040227,May
Why is 'x' the unknown? - Terry Moore,2013-05-07,66777,919,46,2013,0.013762223520074278,0.0006888599368045884,0.014451083456878866,0.016060710793090537,0.0014636317037631007,0.017524342496853636,May
Historical role models - Amy Bissetta,2013-05-07,94653,611,116,2013,0.006455157258618322,0.0012255290376427582,0.00768068629626108,0.015998544865853285,0.001486807472082683,0.017485352337935967,May
Meet Melissa Perez,2013-05-08,32481,436,0,2013,0.013423232043348419,0.0,0.013423232043348419,0.015952955853260568,0.0014388739920142067,0.017391829845274775,May
Meet Shayna Cody,2013-05-08,25986,336,0,2013,0.012930039251904871,0.0,0.012930039251904871,0.015586602232785896,0.001366715415178862,0.016953317647964757,May
How a fly flies - Michael Dickinson,2013-05-08,28154,408,49,2013,0.014491724088939405,0.00174042764793635,0.016232151736875755,0.015456498210521094,0.001288037617776545,0.016744535828297644,May
Meet Julia Delmedico,2013-05-08,40498,745,0,2013,0.018395970171366488,0.0,0.018395970171366488,0.015493154149861117,0.0012182945049089408,0.016711448654770054,May
How giant sea creatures eat tiny sea creatures - Kelly Benoit-Bird,2013-05-09,65948,561,36,2013,0.00850670225025778,0.0005458846363801783,0.009052586886637957,0.015469779927878262,0.0012253486450207825,0.016695128572899048,May
Mysteries of vernacular: Earwig - Jessica Oreck and Rachael Teel,2013-05-10,57607,498,35,2013,0.008644782752096099,0.0006075650528581596,0.009252347804954259,0.01518507862971147,0.0011525109459234301,0.0163375895756349,May
Can democracy exist without trust? - Ivan Krastev,2013-05-10,3297,71,5,2013,0.021534728541097968,0.001516530178950561,0.02305125872004853,0.01558290969572798,0.0011691553856699845,0.016752065081397965,May
Embrace the remix - Kirby Ferguson,2013-05-10,10370,254,12,2013,0.024493731918997105,0.0011571841851494697,0.025650916104146576,0.015813230215504796,0.0011811587853055594,0.016994389000810354,May
Averting the climate crisis - Al Gore,2013-05-10,65910,419,180,2013,0.006357153694431801,0.0027309968138370506,0.009088150508268852,0.015559278161446461,0.0012371274937190266,0.016796405655165488,May
Print your own medicine - Lee Cronin,2013-05-10,5136,85,19,2013,0.016549844236760123,0.0036993769470404984,0.020249221183800622,0.015353411176659856,0.0013042497608117983,0.016657660937471654,May
Weaving narratives in museum galleries - Thomas P. Campbell,2013-05-11,10206,167,19,2013,0.01636292377033118,0.001861650009798158,0.018224573780129337,0.015142940659664815,0.0012584017346325472,0.01640134239429736,May
Your brain is more than a bag of chemicals - David Anderson,2013-05-12,28556,784,57,2013,0.027454825605827148,0.0019960778820563106,0.029450903487883456,0.015271557466725783,0.0011676288547411038,0.016439186321466886,May
A girl who demanded school - Kakenya Ntaiya,2013-05-13,22807,370,13,2013,0.016223089402376465,0.0005700004384618757,0.01679308984083834,0.015575681233937815,0.0011726136783778178,0.01674829491231563,May
Biofuels and bioprospecting for beginners - Craig A. Kohn,2013-05-13,120667,1563,134,2013,0.012953002892257204,0.001110494169905608,0.014063497062162813,0.01545947734594962,0.001158548140863108,0.016618025486812727,May
Meet Shahruz Ghaemi,2013-05-14,17733,72,0,2013,0.004060226695990526,0.0,0.004060226695990526,0.015155052710752737,0.001137645026299038,0.016292697737051772,May
Four sisters in Ancient Rome - Ray Laurence,2013-05-14,10020593,95768,3411,2013,0.009557119024792246,0.0003403990163057216,0.009897518041097966,0.014938795506746863,0.001113587563846622,0.016052383070593482,May
The brilliance of bioluminescence - Leslie Kenna,2013-05-15,2348294,20734,740,2013,0.008829388483724781,0.00031512238246148055,0.009144510866186261,0.01483544410505163,0.0010787881095863782,0.01591423221463801,May
Who controls the world? - James B. Glattfelder,2013-05-15,263585,1578,135,2013,0.005986683612496917,0.0005121687501185576,0.006498852362615475,0.014494321243975882,0.0010507964343517615,0.015545117678327643,May
Animation basics: Homemade special effects - TED-Ed,2013-05-16,171942,2379,57,2013,0.013836060997313047,0.00033150713612729876,0.014167568133440346,0.014203804585268558,0.0010353915859253398,0.015239196171193896,May
"Ladies and gentlemen, the Hobart Shakespeareans",2013-05-16,27586,366,44,2013,0.013267599506996302,0.0015950119625897194,0.014862611469586022,0.014333709325379917,0.0010826128591876634,0.015416322184567578,May
Pros and cons of public opinion polls - Jason Robert Jaffe,2013-05-17,343606,2321,112,2013,0.006754829659551929,0.00032595472721663765,0.0070807843867685665,0.01364064557729722,0.001067221237836724,0.014707866815133943,May
What fear can teach us - Karen Thompson Walker,2013-05-17,13015,176,5,2013,0.01352285824049174,0.000384172109104879,0.01390703034959662,0.01344531478041196,0.0010177000372210779,0.014463014817633037,May
"Excuse me, may I rent your car? - Robin Chase",2013-05-17,2537,46,6,2013,0.018131651556957035,0.002364998029168309,0.020496649586125345,0.013461052561107634,0.0010409336225724918,0.014501986183680125,May
Could tissue engineering mean personalized medicine? - Nina Tandon,2013-05-17,6977,112,5,2013,0.016052744732693136,0.0007166403898523721,0.016769385122545506,0.013641653842879378,0.0010141801770935668,0.014655834019972943,May
The arts festival revolution - David Binder,2013-05-17,2043,34,4,2013,0.016642192853646598,0.0019579050416054823,0.01860009789525208,0.013614259158007923,0.0010467941331427017,0.014661053291150623,May
How open data is changing international aid - Sanjay Pradhan,2013-05-17,2491,50,3,2013,0.02007226013649137,0.0012043356081894822,0.02127659574468085,0.014129921046645252,0.0010585287554072183,0.01518844980205247,May
A universal translator for surgeons - Steven Schwaitzberg,2013-05-19,7140,148,18,2013,0.02072829131652661,0.0025210084033613447,0.023249299719887956,0.014169286587100116,0.0010996954278375073,0.015268982014937623,May
A cinematic journey through visual effects - Don Levy,2013-05-19,19701,289,20,2013,0.01466930612659256,0.0010151768945738794,0.01568448302116644,0.014021678144764982,0.0011011659129165575,0.015122844057681542,May
What's an algorithm? - David J. Malan,2013-05-20,2633528,44930,1141,2013,0.017060764115665372,0.00043325911097204966,0.01749402322663742,0.014131629497951352,0.0010926458853888065,0.015224275383340157,May
Why domestic violence victims don't leave - Leslie Morgan Steiner,2013-05-20,47483,733,97,2013,0.01543710380557252,0.002042836383547796,0.017479940189120316,0.014431027716183157,0.001119889463585641,0.0155509171797688,May
Why do fingers become pruney? - Mark Changizi,2013-05-21,112841,1546,97,2013,0.013700693896721936,0.0008596166287076506,0.014560310525429587,0.014440276444628943,0.0011485433512092294,0.015588819795838172,May
What is fat? - George Zaidan,2013-05-22,3479215,65703,1656,2013,0.018884432264174533,0.0004759694356341876,0.01936040169980872,0.014638756211704598,0.0011644089990637022,0.0158031652107683,May
How movies teach manhood - Colin Stokes,2013-05-22,232331,4727,459,2013,0.020345971910765245,0.0019756295974278078,0.022321601508193054,0.01483389780576546,0.0011722490640467507,0.01600614686981221,May
Reasons for the seasons - Rebecca Kaplan,2013-05-23,1302829,11321,574,2013,0.008689551737027653,0.0004405796923464246,0.009130131429374078,0.01451035052462083,0.0011869350537916316,0.015697285578412462,May
Mysteries of vernacular: Inaugurate - Jessica Oreck,2013-05-24,38190,593,50,2013,0.015527625032731081,0.0013092432573972245,0.016836868290128305,0.014744381284036608,0.0012123803411588667,0.015956761625195475,May
The secret lives of paintings - Maurizio Seracini,2013-05-24,3557,61,5,2013,0.017149283103739105,0.0014056789429294349,0.018554962046668542,0.015027864629091373,0.0012389841374945759,0.01626684876658595,May
Let's pool our medical data - John Wilbanks,2013-05-24,3172,51,5,2013,0.016078184110970995,0.0015762925598991173,0.017654476670870115,0.014845979814753808,0.0012409762168595275,0.016086956031613336,May
"Science is for everyone, kids included - Beau Lotto and Amy O'Toole",2013-05-24,10261,175,27,2013,0.0170548679465939,0.002631322483188773,0.019686190429782674,0.014598017682340368,0.0012901141601275043,0.015888131842467873,May
What's so funny about mental illness? - Ruby Wax,2013-05-24,28162,701,41,2013,0.024891698032810168,0.0014558625097649315,0.026347560542575102,0.01521583582695298,0.0012476096833251005,0.01646344551027808,May
Let's prepare for our new climate - Vicki Arroyo,2013-05-24,5928,95,29,2013,0.016025641025641024,0.004892037786774629,0.020917678812415654,0.015198362386582343,0.0012873650446495713,0.016485727431231917,May
"Actually, the world isn't flat - Pankaj Ghemawat",2013-05-25,106236,538,110,2013,0.005064196694152642,0.001035430550849053,0.006099627245001694,0.014821738150709725,0.0012598243960179345,0.01608156254672766,May
"Looks aren't everything. Believe me, I'm a model - Cameron Russell",2013-05-26,692289,8507,565,2013,0.012288220670847002,0.0008161331467060721,0.013104353817553075,0.014316184652877055,0.0012204929048395931,0.01553667755771665,May
Making a TED-Ed Lesson: Concept and design,2013-05-27,34940,374,12,2013,0.01070406410990269,0.00034344590726960504,0.011047510017172295,0.014132217143127929,0.0012129410871331843,0.015345158230261113,May
Making a TED-Ed Lesson: Creative process,2013-05-27,21024,200,10,2013,0.009512937595129375,0.00047564687975646877,0.009988584474885844,0.014017548299890334,0.0011917795107948797,0.015209327810685213,May
Making a TED-Ed Lesson: Animation,2013-05-27,112089,1378,34,2013,0.012293802246429177,0.00030333038924426126,0.012597132635673438,0.014292000818238289,0.0012018905237696884,0.015493891342007978,May
A broken body isn't a broken person - Janine Shepherd,2013-05-28,8546,244,15,2013,0.028551369061549262,0.0017552071144395038,0.030306576175988767,0.01492514248613019,0.001249050793707481,0.016174193279837674,May
Is space trying to kill us? - Ron Shaneyfelt,2013-05-28,348935,4655,271,2013,0.013340593520283148,0.0007766489460787826,0.01411724246636193,0.015075515987348803,0.0012644350124947246,0.016339950999843526,May
Put those smartphones away: Great tips for making your job interview count - Anna Post,2013-05-28,114606,577,15,2013,0.0050346404202223265,0.00013088319983246951,0.0051655236200547966,0.015043781214272982,0.0012517254941518548,0.016295506708424837,May
What on Earth is spin? - Brian Jones,2013-05-29,164736,2232,169,2013,0.013548951048951048,0.0010258838383838385,0.014574834887334888,0.015034210882660916,0.001274871384227073,0.01630908226688799,May
Making sense of maps - Aris Venetikidis,2013-05-29,3486,63,1,2013,0.018072289156626505,0.00028686173264486515,0.01835915088927137,0.015194367204315254,0.0012312663765622445,0.0164256335808775,May
Gyotaku: The ancient Japanese art of printing fish - K. Erica Dodge,2013-05-30,534444,10470,248,2013,0.0195904528818735,0.0004640336499240332,0.020054486531797533,0.015622221311725974,0.0012358690073191575,0.016858090319045133,May
Mining literature for deeper meanings - Amy E. Harter,2013-05-31,415895,5918,120,2013,0.014229553132401207,0.00028853436564517485,0.014518087498046383,0.01564577780812296,0.0012326810825371674,0.016878458890660128,May
What doctors don't know about the drugs they prescribe - Ben Goldacre,2013-05-31,19171,418,26,2013,0.02180376610505451,0.001356215116582338,0.023159981221636847,0.01576818162639287,0.0011990549854509686,0.016967236611843843,May
"What we're learning from 5,000 brains - Read Montague",2013-05-31,8761,90,7,2013,0.010272799908686223,0.0007989955484533729,0.011071795457139596,0.015575516798925975,0.001201800157404335,0.016777316956330314,May
A story about knots and surgeons - Ed Gavagan,2013-05-31,2590,89,8,2013,0.03436293436293436,0.003088803088803089,0.03745173745173745,0.016166208182568902,0.0012394967589775888,0.01740570494154649,May
"What is the Internet, really? - Andrew Blum",2013-05-31,13211,105,12,2013,0.007947922186057074,0.0009083339641208085,0.008856256150177882,0.01576206358422109,0.001229630037508633,0.016991693621729722,May
Why architects need to use their ears - Julian Treasure,2013-05-31,4468,105,3,2013,0.023500447627573858,0.0006714413607878246,0.024171888988361683,0.015854468794589332,0.0011679778027561822,0.017022446597345517,May
The mysterious workings of the adolescent brain - Sarah-Jayne Blakemore,2013-06-01,239291,2304,130,2013,0.009628444028400567,0.0005432715814635736,0.01017171560986414,0.015686440057982934,0.0011522476256525052,0.016838687683635438,Jun
A new way to diagnose autism - Ami Klin,2013-06-02,50066,570,83,2013,0.011384971837174929,0.0016578116885710861,0.013042783525746015,0.015497246982033253,0.0011930660449058067,0.01669031302693906,Jun
"Cheese, dogs and a pill to kill mosquitoes and end malaria - Bart Knols",2013-06-02,19447,690,86,2013,0.03548105106186044,0.004422275929449273,0.03990332699130971,0.01616537855724285,0.0012723806964358559,0.017437759253678704,Jun
How do you decide where to go in a zombie apocalypse? - David Hunter,2013-06-03,3162153,26564,2441,2013,0.008400605536797239,0.0007719424075938135,0.009172547944391053,0.01598870894524536,0.001269458222398728,0.017258167167644087,Jun
Tracking grizzly bears from space - David Laskin,2013-06-04,71006,745,59,2013,0.010492071092583726,0.0008309156972650198,0.011322986789848746,0.015708963572859,0.001281289764453089,0.01699025333731209,Jun
The secret of the bat genome - Emma Teeling,2013-06-05,11419,174,10,2013,0.01523776162536124,0.0008757334267448988,0.016113495052106137,0.015538689896678864,0.0012446265587636586,0.016783316455442523,Jun
Why democracy matters - Rory Stewart,2013-06-05,19855,275,33,2013,0.013850415512465374,0.0016620498614958448,0.01551246537396122,0.015710718689193458,0.0012853422310686391,0.0169960609202621,Jun
Ethical riddles in HIV research - Boghuma Kabisen Titanji,2013-06-05,5730,46,3,2013,0.008027923211169284,0.0005235602094240838,0.008551483420593368,0.015460728628474729,0.0012591527961362014,0.016719881424610932,Jun
Let's put birth control back on the agenda - Melinda Gates,2013-06-05,22924,292,92,2013,0.012737742104344791,0.004013261210957948,0.01675100331530274,0.015313677261828253,0.001346072205070485,0.016659749466898736,Jun
The post-crisis consumer - John Gerzema,2013-06-05,48917,129,13,2013,0.002637120019625079,0.0002657562810474886,0.002902876300672568,0.014865641792116722,0.0013023876624420974,0.016168029454558818,Jun
The emergence of drama as a literary art - Mindy Ploeckelmann,2013-06-05,234687,2798,126,2013,0.011922262417603021,0.0005368852982909152,0.012459147715893935,0.01469455494115036,0.0012325730896121689,0.01592712803076253,Jun
Energy from floating algae pods - Jonathan Trent,2013-06-07,7038,145,8,2013,0.020602443876101165,0.0011366865586814436,0.021739130434782608,0.014551579802593393,0.0012219338912427193,0.015773513693836113,Jun
Mental health for all by involving all - Vikram Patel,2013-06-07,7860,109,5,2013,0.013867684478371502,0.0006361323155216285,0.01450381679389313,0.01447964791768441,0.001080070375534286,0.015559718293218694,Jun
The promise of research with stem cells - Susan Solomon,2013-06-07,3228,41,2,2013,0.012701363073110285,0.0006195786864931846,0.01332094175960347,0.014734220130316332,0.0010662086467224236,0.015800428777038755,Jun
Demand a more open-source government - Beth Noveck,2013-06-07,2530,60,8,2013,0.023715415019762844,0.0031620553359683794,0.026877470355731226,0.015115126608613525,0.001144406053031167,0.01625953266164469,Jun
Mysteries of vernacular: Dynamite - Jessica Oreck and Rachael Teel,2013-06-07,49348,531,29,2013,0.010760314501094268,0.0005876631271784065,0.011347977628272676,0.015117001621653244,0.0011525466270281273,0.01626954824868137,Jun
Mysteries of vernacular: Venom - Jessica Oreck and Rachael Teel,2013-06-07,44610,623,35,2013,0.013965478592243891,0.0007845774490024658,0.014750056041246358,0.015265419654890394,0.0011628443126696607,0.016428263967560055,Jun
A choreographer's creative process in real time - Wayne McGregor,2013-06-07,7871,122,4,2013,0.015499936475670181,0.0005081946385465633,0.016008131114216746,0.015372290795865095,0.001169673120979737,0.016541963916844832,Jun
Your body language shapes who you are - Amy Cuddy,2013-06-08,1091004,17007,400,2013,0.015588393809738553,0.00036663476944172525,0.01595502857918028,0.014940191620804738,0.0011233873761464781,0.016063578996951218,Jun
Let's talk about dying - Peter Saul,2013-06-09,404232,5481,841,2013,0.013559045300718399,0.002080488432385363,0.015639533733103762,0.014947473346819246,0.0011668486923566974,0.016114322039175944,Jun
What color is Tuesday? Exploring synesthesia - Richard E. Cytowic,2013-06-10,1824041,34021,8283,2013,0.018651444786602932,0.004541016347768499,0.02319246113437143,0.0154013668256986,0.0013138531306212317,0.01671521995631983,Jun
How do we experience time? - Matt Danzico,2013-06-11,165137,2893,214,2013,0.017518787431042106,0.0012958937124932632,0.018814681143535367,0.015533694705101634,0.0013228534597582125,0.01685654816485985,Jun
Why Libya's revolution didn't work -- and what might - Zahra' Langhi,2013-06-12,17842,62,13,2013,0.003474946754848111,0.0007286178679520233,0.004203564622800134,0.015047116625042354,0.001337578664268451,0.016384695289310806,Jun
"Be an artist, right now! - Young-ha Kim",2013-06-12,3286,84,8,2013,0.02556299452221546,0.002434570906877663,0.02799756542909312,0.015246201346387085,0.0014032632395002385,0.016649464585887324,Jun
The contributions of female explorers - Courtney Stephens,2013-06-12,475245,8646,189,2013,0.01819272164883376,0.0003976896127260676,0.018590411261559827,0.015378306963601507,0.0014069017477362684,0.016785208711337773,Jun
The security mirage - Bruce Schneier,2013-06-12,45566,498,20,2013,0.010929201597682483,0.0004389237589430716,0.011368125356625553,0.015015821480022439,0.001376325369148293,0.016392146849170734,Jun
All your devices can be hacked - Avi Rubin,2013-06-12,120494,1349,37,2013,0.011195578203064053,0.0003070692316629874,0.01150264743472704,0.015046580756501698,0.00135992782525528,0.01640650858175698,Jun
"Parkinson's, depression and the switch that might turn them off - Andres Lozano",2013-06-12,6263,121,4,2013,0.019319814785246688,0.0006386715631486508,0.019958486348395338,0.014545143437245443,0.0012782567744001323,0.015823400211645574,Jun
Mysteries of vernacular: Window - Jessica Oreck and Rachael Teel,2013-06-13,39858,576,44,2013,0.014451302122534999,0.0011039189121380903,0.01555522103467309,0.014761922768461376,0.001284776272667375,0.016046699041128747,Jun
The punishable perils of plagiarism - Melissa Huseman D'Annunzio,2013-06-14,711090,2912,252,2013,0.004095121573921725,0.00035438552082014935,0.004449507094741875,0.01411507856667297,0.0012742077446684524,0.015389286311341422,Jun
Before I die I want to... - Candy Chang,2013-06-14,10707,155,16,2013,0.014476510693938545,0.0014943494909872047,0.015970860184925748,0.01427668078885757,0.0013059103416525734,0.01558259113051014,Jun
The art of creating awe - Rob Legato,2013-06-14,3363,80,9,2013,0.023788284269997028,0.0026761819803746653,0.02646446625037169,0.014690124536618304,0.0013398560180460262,0.01602998055466433,Jun
A test for Parkinson's with a phone call - Max Little,2013-06-14,3543,47,5,2013,0.013265594129268981,0.0014112334180073384,0.01467682754727632,0.013949609305531924,0.001239487934331295,0.015189097239863218,Jun
Dare to disagree - Margaret Heffernan,2013-06-14,29560,169,11,2013,0.005717185385656292,0.0003721244925575101,0.006089309878213802,0.013860161967160558,0.0012261606704967514,0.01508632263765731,Jun
What we're learning from online education - Daphne Koller,2013-06-14,10387,241,4,2013,0.02320207952248002,0.0003850967555598344,0.023587176278039856,0.014283828914823769,0.0012113000391065784,0.015495128953930348,Jun
The rise of human-computer cooperation - Shyam Sankar,2013-06-15,19537,418,36,2013,0.021395301223319854,0.0018426575216256335,0.023237958744945487,0.014489080234755723,0.0012435308422692698,0.015732611077024995,Jun
The happy secret to better work - Shawn Achor,2013-06-16,189547,2793,75,2013,0.014735131656000886,0.00039568022706769297,0.01513081188306858,0.014518570772873572,0.0012013185211216645,0.01571988929399524,Jun
Dissecting Botticelli's Adoration of the Magi - James Earle,2013-06-17,85941,901,41,2013,0.010483936654216265,0.0004770714792706624,0.010961008133486928,0.014600437887641806,0.0011997688967832173,0.015800206784425022,Jun
The game-changing amniotic egg - April Tucker,2013-06-18,282223,3904,239,2013,0.013833032743610548,0.0008468480598675515,0.014679880803478101,0.014636947575617332,0.0010942217917468708,0.0157311693673642,Jun
The greatest machine that never was - John Graham-Cumming,2013-06-19,1770682,19686,943,2013,0.011117750109844681,0.0005325631592798707,0.011650313269124551,0.014919635245291319,0.0011031153543546168,0.016022750599645936,Jun
Fighting with non-violence - Scilla Elworthy,2013-06-19,4535,48,7,2013,0.010584343991179712,0.0015435501653803748,0.012127894156560088,0.01487503796441054,0.0011366708499242655,0.016011708814334804,Jun
Want to help someone? Shut up and listen! - Ernesto Sirolli,2013-06-19,19439,322,22,2013,0.016564638098667626,0.0011317454601574154,0.01769638355882504,0.01474044443849609,0.001136506146640131,0.01587695058513622,Jun
"Equality, sports, and Title IX - Erin Buzuvis and Kristine Newhall",2013-06-19,389482,2016,373,2013,0.005176105699364797,0.0009576822548923956,0.006133787954257193,0.014450725145862533,0.00114722447795249,0.015597949623815024,Jun
"Neuroscience, game theory, monkeys - Colin Camerer",2013-06-19,8343,127,7,2013,0.015222342083183507,0.0008390267289943665,0.016061368812177873,0.01453475777953164,0.0011545394127025293,0.01568929719223417,Jun
Why global jihad is losing - Bobby Ghosh,2013-06-19,16908,109,36,2013,0.006446652472202508,0.0021291696238466998,0.008575822096049207,0.013959132361279629,0.0011201098889651402,0.015079242250244769,Jun
Using unanswered questions to teach - John Gensic,2013-06-20,13594,199,15,2013,0.014638811240253053,0.0011034279829336472,0.0157422392231867,0.014088415585918255,0.0011373020508236482,0.015225717636741904,Jun
The magic of QR codes in the classroom - Karen Mensing,2013-06-20,171189,1370,150,2013,0.008002850650450671,0.0008762245237719713,0.008879075174222643,0.013889661321191816,0.0011403569533159652,0.015030018274507779,Jun
Overcoming the scientific divide - Aaron Reedy,2013-06-20,24592,155,14,2013,0.006302862719583605,0.0005692908262849707,0.006872153545868575,0.01358309219598893,0.0011423934929072454,0.014725485688896173,Jun
Building a culture of success - Mark Wilson,2013-06-21,55791,298,17,2013,0.005341363302324748,0.0003047086447634923,0.00564607194708824,0.013241524512408469,0.001140329288751304,0.014381853801159772,Jun
Mysteries of vernacular: Gorgeous - Jessica Oreck and Rachael Teel,2013-06-21,53645,853,45,2013,0.01590082952744897,0.0008388479821045764,0.016739677509553547,0.013319583986632822,0.0010989412737419447,0.014418525260374765,Jun
I listen to color - Neil Harbisson,2013-06-21,73612,1391,98,2013,0.01889637559093626,0.0013313046785850132,0.020227680269521275,0.013327748346777265,0.0009919508847691617,0.014319699231546424,Jun
A Navy Admiral's thoughts on global security - James Stavridis,2013-06-21,20989,151,19,2013,0.007194244604316547,0.0009052360760398304,0.008099480680356376,0.012983596919219745,0.0009789289635540473,0.013962525882773793,Jun
Your phone company is watching - Malte Spitz,2013-06-21,3250,52,12,2013,0.016,0.0036923076923076922,0.019692307692307693,0.013401098694058143,0.001077718624365903,0.014478817318424046,Jun
Imaging at a trillion frames per second - Ramesh Raskar,2013-06-21,28502,497,33,2013,0.01743737281594274,0.001157813486772858,0.0185951863027156,0.013130244637182386,0.0010351600436957428,0.014165404680878128,Jun
Building unimaginable shapes - Michael Hansmeyer,2013-06-21,5154,141,9,2013,0.027357392316647265,0.0017462165308498253,0.02910360884749709,0.013435733659442835,0.0010801109409665347,0.01451584460040937,Jun
Behind the Great Firewall of China - Michael Anti,2013-06-22,32219,752,125,2013,0.02334026506098886,0.0038796983146590523,0.02721996337564791,0.013849435774886381,0.0011948034261570677,0.015044239201043448,Jun
Medicine's future? There's an app for that - Daniel Kraft,2013-06-23,45234,508,44,2013,0.011230490339125437,0.0009727196356722819,0.012203209974797718,0.013850599512755095,0.0012169917729573773,0.015067591285712471,Jun
How big is the ocean? - Scott Gass,2013-06-24,2906232,38738,1734,2013,0.01332928685665838,0.0005966488566638864,0.013925935713322268,0.013650915248468818,0.0012155910160745519,0.014866506264543368,Jun
A critical examination of the technology in our lives - Kevin Shindel,2013-06-25,10968,162,19,2013,0.01477024070021882,0.0017323121808898614,0.01650255288110868,0.013661546534391611,0.0012365374583662777,0.01489808399275789,Jun
Is there a center of the universe? - Marjee Chmiel and Trevor Owens,2013-06-25,641061,10381,1079,2013,0.016193466768373056,0.0016831471576027866,0.017876613925975844,0.014064824707539987,0.0012808295129256987,0.015345654220465688,Jun
Vermicomposting: How worms can reduce our waste - Matthew Ross,2013-06-26,1962365,12322,437,2013,0.006279158056732565,0.000222690478071103,0.006501848534803668,0.013791579619633123,0.0012384408791618286,0.015030020498794953,Jun
How to set the table - Anna Post,2013-06-26,1468419,11835,472,2013,0.008059688685586335,0.0003214341410728137,0.008381122826659149,0.013267293100152767,0.0011599492845184335,0.014427242384671201,Jun
How to fool a GPS - Todd Humphreys,2013-06-26,230715,1608,155,2013,0.006969637864898251,0.0006718245454348439,0.007641462410333095,0.01305742789134041,0.0011353023220993504,0.01419273021343976,Jun
Digital humanitarianism - Paul Conneally,2013-06-26,1704,21,1,2013,0.01232394366197183,0.0005868544600938967,0.012910798122065728,0.013277653167217594,0.0011424599876838969,0.01442011315490149,Jun
How great leaders inspire action - Simon Sinek,2013-06-26,160859,2028,47,2013,0.012607314480383441,0.0002921813513698332,0.012899495831753274,0.012924494332481041,0.00113936280754423,0.014063857140025272,Jun
A reality check on renewables - David MacKay,2013-06-26,982551,13004,3608,2013,0.01323493640533672,0.0036720740195674323,0.016907010424904154,0.012652482171881604,0.001200343357475623,0.013852825529357226,Jun
How do you save a shark you know nothing about? - Simon Berrow,2013-06-26,8041,86,7,2013,0.0106951871657754,0.0008705384902375327,0.011565725656012934,0.012517817355540754,0.0012161719662479515,0.013733989321788704,Jun
"If superpowers were real, which would you choose? - Joy Lin",2013-06-27,259863,2093,606,2013,0.008054243967013389,0.0023319980143383244,0.010386241981351713,0.012436827599300657,0.0012780028507502067,0.013714830450050865,Jun
If superpowers were real: Invisibility - Joy Lin,2013-06-27,1438569,19734,1260,2013,0.013717798729153763,0.00087587039620623,0.014593669125359993,0.012432986465485431,0.0012789702619614958,0.013711956727446928,Jun
If superpowers were real: Immortality - Joy Lin,2013-06-27,5326567,110738,8314,2013,0.020789750696837195,0.0015608552375291629,0.022350605934366358,0.012755386485051848,0.0013132466645698058,0.014068633149621654,Jun
If superpowers were real: Body mass - Joy Lin,2013-06-27,1432582,16444,1337,2013,0.011478575048409096,0.0009332799099807201,0.012411854958389817,0.012785194186959496,0.0012929043227231506,0.014078098509682646,Jun
A tale of mental illness -- from the inside - Elyn Saks,2013-06-28,38219,530,21,2013,0.013867448127894503,0.000549464925822235,0.014416913053716738,0.01269528785460039,0.0012734949715786446,0.013968782826179034,Jun
How I'm preparing to get Alzheimer's - Alanna Shaikh,2013-06-28,14639,156,16,2013,0.010656465605574152,0.0010929708313409385,0.01174943643691509,0.012877966518140703,0.001278004590793596,0.014155971108934297,Jun
Experiments that point to a new understanding of cancer - Mina Bissell,2013-06-28,3811,72,4,2013,0.018892679086853843,0.0010495932826029913,0.019942272369456837,0.013000311084929713,0.0012850234759138835,0.014285334560843597,Jun
A vision of crimes in the future - Marc Goodman,2013-06-28,7828,78,12,2013,0.009964230965763925,0.0015329586101175269,0.011497189575881452,0.01311756370138176,0.0012651497754562445,0.014382713476838005,Jun
If superpowers were real: Super strength - Joy Lin,2013-06-28,2213097,27128,2032,2013,0.012257935372918584,0.0009181703287293779,0.013176105701647962,0.013038201172470612,0.001258974520316102,0.014297175692786714,Jun
If superpowers were real: Flight - Joy Lin,2013-06-28,2194788,29611,1634,2013,0.013491508063648973,0.0007444910396812813,0.014235999103330253,0.013221156419577223,0.0012545834041797457,0.014475739823756967,Jun
Let's crowdsource the world's goals - Jamie Drummond,2013-06-28,1140,22,6,2013,0.01929824561403509,0.005263157894736842,0.02456140350877193,0.013654335849392272,0.001411045639794808,0.015065381489187079,Jun
If superpowers were real: Super speed - Joy Lin,2013-06-28,1907929,24712,2537,2013,0.012952263946928843,0.0013297140512042115,0.014281977998133055,0.013908032537545741,0.0014452124866761653,0.015353245024221907,Jun
The human and the honeybee - Dino Martins,2013-06-29,59753,619,51,2013,0.010359312503137917,0.0008535136311147557,0.011212826134252674,0.01372331530340204,0.0014457013416431714,0.015169016645045212,Jun
Image recognition that triggers augmented reality - Matt Mills,2013-06-29,22835,115,15,2013,0.0050361287497262975,0.0006568863586599519,0.005693015108386249,0.013261307075361708,0.0014232207309790026,0.01468452780634071,Jun
Inside your computer - Bettina Bair,2013-07-01,3164209,34444,1144,2013,0.010885500926139834,0.0003615437539050044,0.01124704468004484,0.013384348952755816,0.0014050976535745084,0.014789446606330326,Jul
Beatboxing 101 - BEAT NYC,2013-07-02,220943,2837,209,2013,0.01284041585386276,0.0009459453343169958,0.013786361188179757,0.013279029481217909,0.0013135522416414852,0.014592581722859394,Jul
What is an aurora? - Michael Molina,2013-07-03,931543,18787,468,2013,0.020167614377436145,0.0005023922674530322,0.020670006644889178,0.013370037533267688,0.0012917048676641576,0.014661742400931847,Jul
Distant time and the hint of a multiverse - Sean Carroll,2013-07-03,21402,275,23,2013,0.01284926642369872,0.0010746659190729838,0.013923932342771703,0.01288643333683607,0.001269319847271596,0.014155753184107667,Jul
Moral behavior in animals - Frans de Waal,2013-07-03,137979,2748,121,2013,0.019916074185202096,0.0008769450423615188,0.020793019227563613,0.012772293640976512,0.0011692280715283451,0.013941521712504856,Jul
Your brain on improv - Charles Limb,2013-07-03,41098,745,50,2013,0.018127402793323276,0.0012166042143169984,0.019344007007640274,0.013002190722783106,0.001177357557483169,0.014179548280266276,Jul
Welcome to the genomic revolution - Richard Resnick,2013-07-03,3454,59,6,2013,0.017081644470179503,0.0017371163867979154,0.018818760856977416,0.013127269309900476,0.0012153731418209702,0.014342642451721448,Jul
Why eyewitnesses get it wrong - Scott Fraser,2013-07-03,67650,636,27,2013,0.009401330376940133,0.0003991130820399113,0.009800443458980044,0.012948305632457854,0.0011709331718593049,0.014119238804317159,Jul
Mysteries of vernacular: Quarantine - Jessica Oreck and Rachael Teel,2013-07-04,68890,829,72,2013,0.012033676876179417,0.001045144433154304,0.013078821309333721,0.012809645969384735,0.001149666414377689,0.013959312383762421,Jul
What if our healthcare system kept us healthy? - Rebecca Onie,2013-07-05,6322,62,7,2013,0.009807023093957609,0.0011072445428661815,0.01091426763682379,0.012927241470625569,0.001179151549870858,0.014106393020496426,Jul
Mining minerals from seawater - Damian Palin,2013-07-05,14180,269,23,2013,0.018970380818053596,0.001622002820874471,0.02059238363892807,0.013290931208374475,0.0012225038391975801,0.014513435047572056,Jul
Advice to young scientists - E.O. Wilson,2013-07-05,6908,206,12,2013,0.029820497973364217,0.0017371163867979154,0.031557614360162134,0.014052626545323342,0.001258013567243016,0.015310640112566358,Jul
"The 100,000-student classroom - Peter Norvig",2013-07-05,4740,95,3,2013,0.020042194092827006,0.0006329113924050633,0.02067510548523207,0.014309901559685182,0.0012595487983200547,0.015569450358005237,Jul
How Arduino is open-sourcing imagination - Massimo Banzi,2013-07-05,15914,198,7,2013,0.012441875078547191,0.00043986427045368857,0.01288173934900088,0.014304386912957306,0.0012644715622895167,0.015568858475246822,Jul
On positive psychology - Martin Seligman,2013-07-06,181509,1782,46,2013,0.009817694990331059,0.0002534309593463685,0.010071125949677427,0.014190478865790451,0.001150516793615481,0.015340995659405934,Jul
On spaghetti sauce - Malcolm Gladwell,2013-07-06,388997,5355,321,2013,0.013766173003904914,0.0008251991660604066,0.014591372169965321,0.01429284506039477,0.0011490054828095766,0.015441850543204346,Jul
Free falling in outer space - Matt J. Carlson,2013-07-06,221949,2682,240,2013,0.012083857102307288,0.0010813294946136274,0.013165186596920914,0.014427165498237898,0.0011073165321520868,0.015534482030389984,Jul
Toward a new understanding of mental illness - Thomas Insel,2013-07-07,57802,375,66,2013,0.006487664786685582,0.0011418290024566625,0.007629493789142244,0.014186161033488959,0.0011161818190271013,0.01530234285251606,Jul
4 lessons from robots about being human - Ken Goldberg,2013-07-07,27741,240,10,2013,0.008651454525792149,0.0003604772719080062,0.009011931797700155,0.01378155116112079,0.0010761692201730628,0.014857720381293852,Jul
Making a TED-Ed Lesson: Synesthesia and playing cards,2013-07-07,54108,674,30,2013,0.012456568344791898,0.0005544466622310934,0.01301101500702299,0.013814150937666884,0.0010635414452480755,0.014877692382914958,Jul
Myths and misconceptions about evolution - Alex Gendler,2013-07-08,3117943,43814,7704,2013,0.01405221327009506,0.002470859794422156,0.016523073064517214,0.013820309775740235,0.0011275879408680727,0.014947897716608309,Jul
Comma story - Terisa Folaron,2013-07-09,2835019,28577,1221,2013,0.01008000299116161,0.00043068494426316015,0.010510687935424772,0.013801094355259818,0.0011055117446321467,0.014906606099891966,Jul
Visualizing the medical data explosion - Anders Ynnerman,2013-07-10,4781,53,2,2013,0.011085546956703619,0.0004183225266680611,0.01150386948337168,0.013540856617588144,0.0010844693861009824,0.014625326003689126,Jul
The infinite life of pi - Reynaldo Lopes,2013-07-10,1641094,23344,1223,2013,0.014224657454112928,0.0007452345813219718,0.014969892035434898,0.013682870833866444,0.001058211918474464,0.014741082752340907,Jul
The power of vulnerability - Brené Brown,2013-07-10,198747,2814,59,2013,0.01415870428232879,0.00029685982681499593,0.014455564109143787,0.013746229797513452,0.0010375015684106511,0.014783731365924101,Jul
How Mr. Condom made Thailand a better place - Mechai Viravaidya,2013-07-10,33242,406,26,2013,0.012213464893809037,0.0007821430720173274,0.012995607965826364,0.013703628358518787,0.001038756636155186,0.014742384994673974,Jul
Why work doesn't happen at work - Jason Fried,2013-07-10,91176,853,48,2013,0.00935553215758533,0.0005264543300868649,0.009881986487672195,0.013372204576637127,0.0008808665173335201,0.014253071093970648,Jul
The linguistic genius of babies - Patricia Kuhl,2013-07-10,127067,1027,101,2013,0.008082350256164071,0.0007948562569353176,0.008877206513099388,0.013209874120278301,0.0008630379241912238,0.014072912044469525,Jul
Da Vinci's Vitruvian Man of math - James Earle,2013-07-11,2490067,53198,995,2013,0.02136408377766542,0.00039958764161767535,0.021763671419283096,0.013576699829429217,0.0008479070578746545,0.014424606887303872,Jul
"Unlock the intelligence, passion, greatness of girls - Leymah Gbowee",2013-07-12,11828,109,3,2013,0.0092154210348326,0.0002536354413256679,0.009469056476158269,0.013716009572266095,0.0008344653606301782,0.014550474932896273,Jul
How to look inside the brain - Carl Schoonover,2013-07-12,4994,56,0,2013,0.011213456147376852,0.0,0.011213456147376852,0.013726941412973996,0.000822413902166678,0.014549355315140676,Jul
Texting that saves lives - Nancy Lublin,2013-07-12,14857,117,3,2013,0.007875075721881942,0.00020192501850979335,0.008077000740391735,0.0135614300752413,0.0007976132249731047,0.014359043300214406,Jul
Mysteries of vernacular: Jade - Jessica Oreck and Rachael Teel,2013-07-12,36273,629,27,2013,0.01734072174895928,0.000744355305599206,0.018085077054558488,0.013467200320958739,0.0008056786595779772,0.014272878980536719,Jul
Tracking ancient diseases using ... plaque - Christina Warinner,2013-07-12,4789,76,2,2013,0.015869701399039465,0.00041762372102735435,0.01628732512006682,0.013567881486803431,0.0007837772529764562,0.014351658739779888,Jul
The 4 commandments of cities - Eduardo Paes,2013-07-12,10058,56,6,2013,0.005567707297673493,0.0005965400676078744,0.006164247365281368,0.013089602590552477,0.000774430420484668,0.013864033011037146,Jul
The surprising science of happiness - Nancy Etcoff,2013-07-13,51037,202,19,2013,0.003957912886729235,0.00037227893489037364,0.004330191821619609,0.012617286260332677,0.0007462862445037805,0.013363572504836458,Jul
The best stats you've ever seen - Hans Rosling,2013-07-13,440575,4322,122,2013,0.009809907507234863,0.0002769108551324973,0.010086818362367361,0.012374895028234523,0.0006976127267816,0.013072507755016121,Jul
Animation basics: The optical illusion of motion - TED-Ed,2013-07-13,236612,3369,116,2013,0.014238500160600477,0.0004902540868594999,0.014728754247459976,0.0125361340210232,0.0007006507602755861,0.013236784781298786,Jul
Making a TED-Ed Lesson: Animating zombies,2013-07-14,75396,873,24,2013,0.011578863600190992,0.0003183192742320548,0.011897182874423047,0.012520973578490252,0.0006764232549781779,0.013197396833468432,Jul
What we learned from 5 million books - Erez Lieberman Aiden and Jean-Baptiste Michel,2013-07-14,49339,1235,51,2013,0.02503090861184864,0.0010336650519872717,0.02606457366383591,0.013028436429086621,0.0006739706052822142,0.013702407034368836,Jul
The moral dangers of non-lethal weapons - Stephen Coleman,2013-07-14,16291,216,25,2013,0.013258854582284697,0.0015345896507273954,0.014793444233012093,0.012838052221227659,0.0006710568329439784,0.013509109054171636,Jul
What is dyslexia? - Kelli Sandman-Hurley,2013-07-15,6782729,120845,6247,2013,0.017816575009852228,0.0009210157150610028,0.018737590724913232,0.012437921455777257,0.0006438534772194146,0.013081774932996672,Jul
"Got seeds? Just add bleach, acid, and sandpaper - Mary Koga",2013-07-16,855345,18828,744,2013,0.022012170527681812,0.0008698244567981341,0.022881994984479948,0.012503587336939083,0.0006517505793658503,0.013155337916304936,Jul
Animating a photo-real digital face - Paul Debevec,2013-07-17,12392,102,5,2013,0.008231116849580375,0.00040348612007746934,0.008634602969657844,0.012363228729306858,0.0006505379743533096,0.013013766703660168,Jul
Tribal leadership - David Logan,2013-07-17,22886,206,6,2013,0.009001136065717032,0.00026216901162282616,0.009263305077339858,0.012336010098486389,0.0006508292427625249,0.012986839341248915,Jul
Building a theater that remakes itself - Joshua Prince-Ramus,2013-07-17,18264,332,8,2013,0.018177836180464303,0.0004380201489268506,0.018615856329391153,0.012483065537705035,0.0006379232755247397,0.013120988813229774,Jul
The case for collaborative consumption - Rachel Botsman,2013-07-17,8110,46,6,2013,0.005672009864364982,0.0007398273736128237,0.006411837237977805,0.012269337296440292,0.0006265398714913796,0.012895877167931672,Jul
Exploring other dimensions - Alex Rosenthal and George Zaidan,2013-07-17,5245414,123580,6458,2013,0.023559627514625155,0.0012311706950109181,0.024790798209636075,0.012838402720704944,0.0006295179279098548,0.0134679206486148,Jul
Creative houses from reclaimed stuff - Dan Phillips,2013-07-17,52888,809,23,2013,0.015296475571018,0.00043488125850854636,0.015731356829526547,0.013059903422212473,0.0006319980607965395,0.013691901483009012,Jul
How to read music - Tim Hansen,2013-07-18,7036824,240802,7644,2013,0.034220267552520854,0.001086285517443665,0.03530655306996452,0.013785360062470104,0.0006497260226369585,0.014435086085107064,Jul
Ultrasound surgery -- healing without cuts - Yoav Medan,2013-07-19,8445,155,11,2013,0.018354055654233273,0.0013025458851391356,0.01965660153937241,0.013928754808608047,0.0006107822256608578,0.014539537034268904,Jul
Listening to shame - Brené Brown,2013-07-19,388305,6339,120,2013,0.016324796229767836,0.0003090354231853826,0.01663383165295322,0.01413691458322825,0.0006067272416249319,0.014743641824853186,Jul
A census of the ocean - Paul Snelgrove,2013-07-19,3216,51,2,2013,0.01585820895522388,0.0006218905472636816,0.016480099502487564,0.01429600331651226,0.0006135128423114526,0.014909516158823714,Jul
"Yup, I built a nuclear fusion reactor - Taylor Wilson",2013-07-19,47545,346,142,2013,0.007277316226732569,0.0029866442317804187,0.010263960458512987,0.014064425275599583,0.0006882264973267342,0.014752651772926317,Jul
Mysteries of vernacular: Fizzle - Jessica Oreck and Rachael Teel,2013-07-19,37073,486,35,2013,0.013109270897958082,0.000944083295120438,0.01405335419307852,0.014029444162787225,0.0007098006129369155,0.014739244775724141,Jul
Let's transform energy -- with natural gas - T. Boone Pickens,2013-07-19,7753,61,13,2013,0.00786792209467303,0.0016767702824713015,0.009544692377144332,0.013884592736149358,0.000739621519952048,0.014624214256101407,Jul
Making a TED-Ed Lesson: Two ways to animate slam poetry,2013-07-20,51273,642,14,2013,0.012521209993563863,0.0002730481930060656,0.012794258186569929,0.013990115330681976,0.0007311746487160215,0.014721289979397999,Jul
A brief history of plural word...s - John McWhorter,2013-07-22,897538,19602,1232,2013,0.021839743832573106,0.0013726438323502738,0.023212387664923378,0.014448695116562278,0.0007504342345631865,0.015199129351125464,Jul
What creates a total solar eclipse? - Andy Cohen,2013-07-22,1096761,5998,443,2013,0.005468830492696221,0.0004039166235852661,0.005872747116281487,0.013918853340396638,0.0007505785339621062,0.014669431874358744,Jul
What is chemical equilibrium? - George Zaidan and Charles Morton,2013-07-23,971384,12419,282,2013,0.012784851304942228,0.00029030743763537386,0.0130751587425776,0.014037834349400292,0.0007518009338390965,0.014789635283239391,Jul
What's below the tip of the iceberg? - Camille Seaman,2013-07-24,513331,5168,174,2013,0.010067578229251691,0.0003389625797000376,0.010406540808951729,0.01399963841879612,0.0007630996864957645,0.014762738105291884,Jul
3 stories of local eco-entrepreneurship - Majora Carter,2013-07-25,4215,65,3,2013,0.01542111506524318,0.0007117437722419929,0.01613285883748517,0.014251173063574828,0.0007800936449535044,0.015031266708528333,Jul
How to expose the corrupt - Peter Eigen,2013-07-25,8010,154,13,2013,0.019225967540574283,0.0016229712858926342,0.020848938826466917,0.014314014589961994,0.0008093808442966187,0.015123395434258615,Jul
Inside the Egyptian revolution - Wael Ghonim,2013-07-25,7552,84,4,2013,0.011122881355932203,0.0005296610169491525,0.011652542372881356,0.014155787255191753,0.0008131154208273452,0.014968902676019098,Jul
Don't insist on English! - Patricia Ryan,2013-07-25,188314,2005,91,2013,0.010647110676848244,0.00048323544717864843,0.01113034612402689,0.014325100701164245,0.0008093386001463711,0.015134439301310615,Jul
The terrors of sleep paralysis - Ami Angelowicz,2013-07-25,969869,13086,2481,2013,0.01349254383839467,0.0025580774310757434,0.016050621269470412,0.014642921732886425,0.0008821985500192167,0.015525120282905643,Jul
Technology's epic story - Kevin Kelly,2013-07-25,3361,46,1,2013,0.01368640285629277,0.0002975304968759298,0.0139839333531687,0.01477213824452169,0.0008828858714106644,0.015655024115932354,Jul
Meet the Water Canary - Sonaar Luthra,2013-07-26,6806,35,6,2013,0.005142521304731119,0.000881575080811049,0.006024096385542169,0.014468938949326044,0.0008959299045423828,0.015364868853868428,Jul
How healthy living nearly killed me - A.J. Jacobs,2013-07-26,6283,61,4,2013,0.009708737864077669,0.0006366385484641095,0.01034537641254178,0.014406601424788933,0.0009065405470167847,0.015313141971805718,Jul
A prosthetic eye to treat blindness - Sheila Nirenberg,2013-07-26,6339,55,2,2013,0.008676447389178103,0.0003155071777882947,0.008991954566966399,0.013861452717366581,0.0008826019512101521,0.014744054668576733,Jul
Atheism 2.0 - Alain de Botton,2013-07-26,21958,467,98,2013,0.021267875034156117,0.004463065852992076,0.025730940887148192,0.014128420065762294,0.0009802178246189747,0.01510863789038127,Jul
Praising slowness - Carl Honore,2013-07-26,27497,249,13,2013,0.009055533330908826,0.00047277884860166564,0.009528312179510492,0.013836385343130852,0.0009652765957369969,0.014801661938867845,Jul
How I discovered DNA - James Watson,2013-07-26,331077,4083,808,2013,0.012332478547286583,0.0024405198790613666,0.014772998426347949,0.013513728943784342,0.0010176331098124378,0.014531362053596779,Jul
Mysteries of vernacular: Sarcophagus - Jessica Oreck and Rachael Teel,2013-07-26,39303,581,30,2013,0.01478258657099967,0.0007633005114113426,0.015545887082411012,0.013732111267831653,0.0010296269228569003,0.01476173819068855,Jul
Put a value on nature! - Pavan Sukhdev,2013-07-26,2553,40,3,2013,0.015667841754798278,0.0011750881316098707,0.016842929886408148,0.013954334790801026,0.0010600575601898018,0.015014392350990828,Jul
Greening the ghetto - Majora Carter,2013-07-27,18070,160,10,2013,0.008854454897620365,0.0005534034311012728,0.009407858328721638,0.013643555414706228,0.001063903669595616,0.014707459084301846,Jul
The shape-shifting future of the mobile phone - Fabian Hemmert,2013-07-28,48132,289,39,2013,0.006004321449347628,0.0008102717526801296,0.006814593202027757,0.013654632467538983,0.0010662518155645261,0.01472088428310351,Jul
How to take a great picture - Carolina Molinari,2013-07-29,142693,2657,75,2013,0.01862039483366388,0.0005256039189028193,0.0191459987525667,0.013489991378173607,0.0010427329230275895,0.014532724301201196,Jul
What's the definition of comedy? Banana. - Addison Anderson,2013-07-30,497505,5163,486,2013,0.010377785147887961,0.000976874604275334,0.011354659752163295,0.013326035030735938,0.0010607993678864824,0.014386834398622423,Jul
The science of macaroni salad: What's in a mixture? - Josh Kurz,2013-07-31,651342,3694,249,2013,0.005671367730009734,0.0003822876461213924,0.006053655376131126,0.012374405036652237,0.00103733277217574,0.013411737808827977,Jul
Let's raise kids to be entrepreneurs - Cameron Herold,2013-08-01,28410,408,19,2013,0.014361140443505808,0.0006687785990848292,0.015029919042590637,0.012241307862961319,0.0010162071959739299,0.013257515058935248,Aug
Obesity + Hunger = 1 global food issue - Ellen Gustafson,2013-08-01,8166,57,7,2013,0.0069801616458486405,0.0008572128337007102,0.007837374479549351,0.011929820043497349,0.0010344797763244405,0.012964299819821785,Aug
Re-examining the remix - Lawrence Lessig,2013-08-01,9562,66,6,2013,0.006902321690023008,0.0006274837900020916,0.007529805480025099,0.011631290467990652,0.0010346662177490543,0.012665956685739705,Aug
How I taught rats to sniff out land mines - Bart Weetjens,2013-08-01,6627,81,6,2013,0.012222725215029425,0.0009053870529651426,0.013128112267994568,0.011796137434267212,0.0009652909784552118,0.012761428412722424,Aug
Math class needs a makeover -  Dan Meyer,2013-08-01,141794,913,23,2013,0.006438918430963229,0.0001622071455773869,0.006601125576540615,0.01157379235203405,0.00093922844013711,0.01251302079217116,Aug
Why we need to go back to Mars - Joel Levine,2013-08-01,25102,250,48,2013,0.009959365787586646,0.001912198231216636,0.011871564018803283,0.01164350714179784,0.0009470760384286212,0.01259058318022646,Aug
Mysteries of vernacular: Zero - Jessica Oreck and Rachael Teel,2013-08-01,84794,1213,66,2013,0.014305257447460905,0.0007783569592188127,0.015083614406679718,0.011702975390261074,0.000963919663969046,0.01266689505423012,Aug
Lessons from fashion's free culture - Johanna Blakley,2013-08-01,22743,229,6,2013,0.01006903222969705,0.00026381743833267377,0.010332849668029723,0.011310618336831871,0.0009269587841684595,0.01223757712100033,Aug
The hidden meanings of yin and yang - John Bellaimey,2013-08-02,4900614,115922,5495,2013,0.023654586955838594,0.0011212880671687261,0.02477587502300732,0.011916810218936617,0.0009508711656212415,0.012867681384557858,Aug
Mysteries of vernacular: X-ray - Jessica Oreck and Rachael Teel,2013-08-05,44982,665,53,2013,0.01478369125427949,0.0011782490774087412,0.01596194033168823,0.01198343821724786,0.0009804692202803537,0.012963907437528212,Aug
Why do we have to wear sunscreen? - Kevin P. Boyd,2013-08-06,2390917,25980,1102,2013,0.010866123750845388,0.0004609110228418636,0.011327034773687251,0.012010056401300982,0.0009845341683850813,0.012994590569686064,Aug
Massive-scale online collaboration - Luis von Ahn,2013-08-08,2544,69,5,2013,0.027122641509433963,0.0019654088050314465,0.02908805031446541,0.01240010728277401,0.0010263230028113965,0.013426430285585406,Aug
How to defend Earth from asteroids - Phil Plait,2013-08-08,8247,124,11,2013,0.01503577058324239,0.0013338183581908573,0.016369588941433248,0.012260434050862945,0.0010166845718880037,0.013277118622750949,Aug
The shared experience of absurdity - Charlie Todd,2013-08-08,6615,92,3,2013,0.013907785336356764,0.00045351473922902497,0.01436130007558579,0.012353264183543764,0.0010141463626306662,0.013367410546174432,Aug
How cyberattacks threaten real-world peace - Guy-Philippe Goldstein,2013-08-08,2035,11,1,2013,0.005405405405405406,0.0004914004914004914,0.005896805896805897,0.01217854067449567,0.0010144185307713943,0.013192959205267063,Aug
Finding life we can't imagine - Christoph Adami,2013-08-08,2807,50,3,2013,0.017812611328820806,0.0010687566797292483,0.018881368008550052,0.012322542924176541,0.0009647745057265111,0.01328731742990305,Aug
A civil response to violence - Emiliano Salinas,2013-08-08,7820,29,18,2013,0.0037084398976982096,0.002301790281329923,0.006010230179028133,0.011989944158890055,0.001031583165208311,0.013021527324098366,Aug
"We need a ""moral operating system"" - Damon Horowitz",2013-08-08,24818,173,9,2013,0.006970747038439842,0.00036264001934080105,0.007333387057780643,0.012050885016680345,0.0010142853298259692,0.013065170346506314,Aug
Distant time and the hint of a multiverse - Sean Carroll,2013-08-08,112390,1049,49,2013,0.009333570602366758,0.00043598184891894295,0.009769552451285702,0.012038379441289984,0.0010075967731744638,0.013045976214464445,Aug
Faith versus tradition in Islam - Mustafa Akyol,2013-08-08,39709,547,109,2013,0.013775214686846811,0.0027449696542345566,0.01652018434108137,0.012208338351212272,0.0010885788557226726,0.013296917206934943,Aug
The economic injustice of plastic - Van Jones,2013-08-08,2944,28,4,2013,0.009510869565217392,0.001358695652173913,0.010869565217391304,0.011816438168914315,0.0009850998490287337,0.012801538017943048,Aug
A lab the size of a postage stamp - George Whitesides,2013-08-08,2574,37,0,2013,0.014374514374514374,0.0,0.014374514374514374,0.0119937375370345,0.0009693405540753449,0.012963078091109847,Aug
How to make work-life balance work - Nigel Marsh,2013-08-08,93517,719,25,2013,0.007688441673706385,0.0002673310734946587,0.007955772747201044,0.01183893630791516,0.0008969009272231214,0.01273583723513828,Aug
Are we born to run? - Christopher McDougall,2013-08-08,49887,548,35,2013,0.010984825706095776,0.0007015855834185259,0.011686411289514302,0.011712344279085029,0.0008948437629566941,0.012607188042041724,Aug
Filming democracy in Ghana - Jarreth Merz,2013-08-09,1580,32,1,2013,0.020253164556962026,0.0006329113924050633,0.02088607594936709,0.011865188372490489,0.0008767712049832005,0.012741959577473688,Aug
String theory - Brian Greene,2013-08-09,6871516,135302,6222,2013,0.01969026922152259,0.0009054770446579764,0.020595746266180562,0.012226382183287228,0.0008885069921017574,0.013114889175388987,Aug
The science behind a climate headline - Rachel Pike,2013-08-09,25776,69,19,2013,0.002676908752327747,0.0007371198013656114,0.003414028553693358,0.0121154684267199,0.0008860685937246066,0.013001537020444506,Aug
What we learn before we're born - Annie Murphy Paul,2013-08-09,10807,80,4,2013,0.007402609419820487,0.0003701304709910243,0.007772739890811511,0.011741542246258454,0.0008808861454608802,0.012622428391719334,Aug
How to stop torture - Karen Tse,2013-08-09,1994,24,4,2013,0.012036108324974924,0.0020060180541624875,0.014042126379137413,0.011796819685494685,0.0009151909271237854,0.01271201061261847,Aug
Experiments that hint of longer lives - Cynthia Kenyon,2013-08-09,6657,67,7,2013,0.010064593660808172,0.0010515247108307045,0.011116118371638877,0.011943260549854635,0.0009374988292807624,0.012880759379135397,Aug
A map of the brain - Allan Jones,2013-08-09,11848,121,4,2013,0.010212694125590817,0.00033760972316002703,0.010550303848750844,0.011804979005924135,0.0009264598667499355,0.012731438872674071,Aug
Ancient wonders captured in 3D - Ben Kacyra,2013-08-09,10429,108,7,2013,0.010355738805254578,0.0006712052929331671,0.011026944098187746,0.011917498244571,0.0009202596153910175,0.012837757859962017,Aug
The real reason for brains - Daniel Wolpert,2013-08-09,15119,268,8,2013,0.017726040082016007,0.0005291355248362987,0.018255175606852306,0.012278288857637432,0.000916981339885491,0.013195270197522922,Aug
A plane you can drive - Anna Mracek Dietrich,2013-08-09,7336,42,8,2013,0.0057251908396946565,0.0010905125408942203,0.006815703380588877,0.012061704378459605,0.000923152189483127,0.012984856567942734,Aug
"Trust, morality -- and oxytocin? - Paul Zak",2013-08-09,25662,440,14,2013,0.0171459745927831,0.0005455537370430987,0.017691528329826203,0.012418606250520268,0.0009359304091986507,0.013354536659718919,Aug
Mysteries of vernacular: Keister - Jessica Oreck and Rachael Teel,2013-08-09,38928,463,26,2013,0.011893752568845048,0.0006678997122893547,0.012561652281134402,0.012483085809895548,0.0008944537919010747,0.013377539601796624,Aug
"A prosthetic arm that ""feels"" - Todd Kuiken",2013-08-09,9655,105,7,2013,0.010875194199896427,0.0007250129466597618,0.011600207146556189,0.012368750368310064,0.0008926756581491064,0.013261426026459171,Aug
Freeing energy from the grid - Justin Hall-Tipping,2013-08-09,2623,47,6,2013,0.017918414029736943,0.002287457110179184,0.020205871139916128,0.012630396428311397,0.0009601303138773233,0.013590526742188719,Aug
Learning from a barefoot movement - Bunker Roy,2013-08-09,14361,274,14,2013,0.01907945129169278,0.0009748624747580252,0.020054313766450803,0.012477891906173202,0.0009552494607969666,0.013433141366970169,Aug
How to spot a liar - Pamela Meyer,2013-08-09,50054,781,44,2013,0.015603148599512527,0.0008790506253246494,0.016482199224837176,0.012505207151014304,0.0009452761790608303,0.013450483330075131,Aug
The day I turned down Tim Berners-Lee - Ian Ritchie,2013-08-09,1938,33,2,2013,0.017027863777089782,0.0010319917440660474,0.01805985552115583,0.01271059848522245,0.0009643122031016364,0.013674910688324085,Aug
What do babies think? - Alison Gopnik,2013-08-09,39750,414,31,2013,0.010415094339622642,0.000779874213836478,0.01119496855345912,0.012153680246228737,0.0009247943833951375,0.013078474629623877,Aug
Trusting the ensemble - Charles Hazlewood,2013-08-09,10260,137,5,2013,0.013352826510721248,0.0004873294346978557,0.013840155945419104,0.012097582110478036,0.0008965780859453708,0.012994160196423406,Aug
We can recycle plastic - Mike Biddle,2013-08-09,5378,99,3,2013,0.01840833023428784,0.0005578281889178133,0.01896615842320565,0.012247600273742405,0.0009000552009349969,0.0131476554746774,Aug
The generation that's remaking China - Yang Lan,2013-08-09,15058,156,19,2013,0.010359941559304024,0.0012617877540177977,0.011621729313321822,0.012412751478872358,0.0009257347763555739,0.013338486255227933,Aug
Battling bad science - Ben Goldacre,2013-08-09,33667,407,27,2013,0.012088989217928536,0.0008019722577004188,0.012890961475628954,0.012221964075175949,0.0009168419622879463,0.013138806037463894,Aug
How economic inequality harms societies - Richard Wilkinson,2013-08-09,63072,614,75,2013,0.009734906139015728,0.001189117199391172,0.0109240233384069,0.012422846283219864,0.0008797528595566545,0.01330259914277652,Aug
A warm embrace that saves lives - Jane Chen,2013-08-10,57719,363,10,2013,0.006289090247578787,0.0001732531748644294,0.006462343422443216,0.012400124390191164,0.0008734399647407755,0.01327356435493194,Aug
Inside an Antarctic time machine - Lee Hotz,2013-08-10,36324,351,53,2013,0.009663032705649157,0.0014590904085453145,0.011122123114194473,0.012411106460300577,0.0009075435833949878,0.013318650043695564,Aug
The good news of the decade? - Hans Rosling,2013-08-11,32448,191,13,2013,0.005886341222879684,0.00040064102564102563,0.00628698224852071,0.012148144011501672,0.0008293992957752035,0.012977543307276877,Aug
Taking imagination seriously - Janet Echelman,2013-08-11,117719,1312,39,2013,0.011145184719543998,0.00033129741163278654,0.011476482131176786,0.01220262118331256,0.0007951526877571659,0.012997773871069726,Aug
"RNAi: Slicing, dicing and serving your cells - Alex Dainis",2013-08-12,387749,7236,188,2013,0.01866155683186804,0.0004848497352668866,0.019146406567134924,0.012345522598557682,0.0008113143455993954,0.013156836944157075,Aug
A brief history of video games (Part I) - Safwat Saleem,2013-08-13,1284056,12140,867,2013,0.009454416318291414,0.0006752041967017015,0.010129620514993115,0.01240438842004385,0.0008249101163729636,0.013229298536416812,Aug
Who won the space race?  - Jeff Steers,2013-08-14,1675832,14701,1465,2013,0.00877235904314991,0.0008741926398350193,0.009646551682984929,0.012330639531278987,0.0008306636849201801,0.013161303216199167,Aug
Why you will fail to have a great career - Larry Smith,2013-08-15,148359,2031,70,2013,0.013689766040482883,0.00047182847012988764,0.01416159451061277,0.012111859580729682,0.0008252942541776742,0.012937153834907357,Aug
My immigration story - Tan Le,2013-08-15,6327,83,8,2013,0.013118381539434171,0.001264422317053896,0.014382803856488068,0.011892796657993402,0.0008372590965908714,0.012730055754584272,Aug
An unexpected place of healing - Ramona Pierson,2013-08-15,1422,29,4,2013,0.020393811533052038,0.0028129395218002813,0.023206751054852322,0.012483360084017544,0.0009064530872720272,0.013389813171289573,Aug
My friend Richard Feynman - Leonard Susskind,2013-08-15,11692,297,7,2013,0.025401984262743756,0.0005986999657885734,0.026000684228532328,0.01308333924544832,0.0009140720704319455,0.013997411315880266,Aug
Using nature to grow batteries - Angela Belcher,2013-08-15,7045,107,3,2013,0.015188076650106458,0.00042583392476933996,0.015613910574875798,0.013188404856286038,0.0008613992661188405,0.01404980412240488,Aug
A radical experiment in empathy - Sam Richards,2013-08-15,14422,157,10,2013,0.010886146165580363,0.0006933851060879212,0.011579531271668284,0.013215789939778445,0.0008494612792940812,0.014065251219072527,Aug
A whistleblower you haven't heard - Geert Chatrou,2013-08-15,8683,108,10,2013,0.012438097431763216,0.0011516756881262238,0.01358977311988944,0.013289970049984192,0.000876596811459621,0.014166566861443812,Aug
Gaming to re-engage boys in learning - Ali Carr-Chellman,2013-08-15,5278,96,15,2013,0.01818870784388026,0.0028419856006062904,0.021030693444486548,0.01355106901793838,0.0009489561550487251,0.014500025172987105,Aug
What nonprofits can learn from Coca-Cola - Melinda French Gates,2013-08-15,9132,111,7,2013,0.012155059132720105,0.0007665352606219887,0.012921594393342093,0.01336536965296185,0.0009568694795749148,0.014322239132536767,Aug
My seven species of robot - Dennis Hong,2013-08-15,36979,278,12,2013,0.007517780361826983,0.000324508504827064,0.007842288866654046,0.01342512263703293,0.0009313360117060095,0.014356458648738938,Aug
What you don't know about marriage - Jenna McCarthy,2013-08-15,30822,175,7,2013,0.005677762637077412,0.0002271105054830965,0.005904873142560509,0.013042848905176072,0.0009207212373206762,0.013963570142496749,Aug
Crowdsource your health - Lucien Engelen,2013-08-15,5619,19,3,2013,0.003381384588004983,0.0005339028296849973,0.003915287417689981,0.012759103305814735,0.0009162546745671976,0.013675357980381934,Aug
The economic case for preschool - Timothy Bartik,2013-08-15,1146,22,12,2013,0.019197207678883072,0.010471204188481676,0.029668411867364748,0.013036503755114292,0.0012411277159612613,0.014277631471075553,Aug
Should you trust your first impression? - Peter Mende-Siedlecki,2013-08-15,3163813,57447,1054,2013,0.01815752068785355,0.00033314231909408045,0.01849066300694763,0.013044473977051512,0.001175983889591758,0.01422045786664327,Aug
How to topple a dictator - Srdja Popovic,2013-08-15,6309,91,13,2013,0.014423838960215565,0.002060548422887938,0.016484387383103503,0.012889286899335604,0.0012121734211960884,0.014101460320531693,Aug
There are no scraps of men - Alberto Cairo,2013-08-15,1487,29,5,2013,0.019502353732347006,0.0033624747814391394,0.022864828513786146,0.01301926040376342,0.0012949542263999045,0.014314214630163326,Aug
It's time to question bio-engineering - Paul Root Wolpe,2013-08-15,175986,1679,201,2013,0.009540531633198096,0.0011421363062970918,0.010682667939495186,0.012769682665633697,0.0012986257118076062,0.014068308377441304,Aug
"1000 TEDTalks, 6 words - Sebastian Wernicke",2013-08-15,7175,64,5,2013,0.0089198606271777,0.0006968641114982578,0.009616724738675959,0.012719841541885534,0.001295858708396332,0.014015700250281865,Aug
"Women entrepreneurs, example not exception - Gayle Tzemach Lemmon",2013-08-15,1911,37,1,2013,0.01936159079016222,0.0005232862375719519,0.01988487702773417,0.012920133684533566,0.0012970572684921353,0.014217190953025701,Aug
Shape-shifting dinosaurs - Jack Horner,2013-08-15,11091,228,8,2013,0.020557208547470923,0.0007213055630691552,0.02127851411054008,0.012991762961639668,0.00130250651429718,0.014294269475936847,Aug
Everyday leadership - Drew Dudley,2013-08-15,1135564,10314,478,2013,0.009082711322303278,0.000420936204388304,0.009503647526691583,0.012949188620406308,0.0012744781293095304,0.01422366674971584,Aug
Life's third act - Jane Fonda,2013-08-15,7859,100,6,2013,0.01272426517368622,0.0007634559104211731,0.013487721084107392,0.012970364485598233,0.0012731942510668887,0.01424355873666512,Aug
Our failing schools. Enough is enough! - Geoffrey Canada,2013-08-16,15258,259,15,2013,0.016974701795779264,0.0009830908375933936,0.017957792633372657,0.01321169100749035,0.0012663267056736295,0.01447801771316398,Aug
A short intro to the Studio School - Geoff Mulgan,2013-08-16,2579,36,1,2013,0.013958898797983715,0.00038774718883288094,0.014346645986816595,0.013467351292503848,0.0012734765061392446,0.014740827798643092,Aug
A doctor's touch - Abraham Verghese,2013-08-16,16371,278,9,2013,0.016981247327591473,0.0005497526113249038,0.017530999938916377,0.013711291779901925,0.0012431652462318976,0.014954457026133823,Aug
Fighting a contagious cancer - Elizabeth Murchison,2013-08-16,4733,92,7,2013,0.019437988590745827,0.001478977392774139,0.020916965983519966,0.014163013358830797,0.0012791097918030013,0.015442123150633797,Aug
Hire the hackers! - Misha Glenny,2013-08-16,11560,200,69,2013,0.01730103806228374,0.00596885813148789,0.023269896193771625,0.014368208470255455,0.001467028482464838,0.01583523695272029,Aug
Teachers need real feedback - Bill Gates,2013-08-16,24592,329,26,2013,0.013378334417696812,0.0010572543916720885,0.014435588809368901,0.014192101056449746,0.001486108637678345,0.015678209694128094,Aug
What's wrong with our food system - Birke Baehr,2013-08-16,117207,698,72,2013,0.005955275708788724,0.0006142977808492667,0.006569573489637991,0.01407546303613299,0.001484078423816597,0.015559541459949588,Aug
The voice of the natural world - Bernie Krause,2013-08-16,6089,79,5,2013,0.01297421579898177,0.0008211528986697323,0.013795368697651503,0.014215524927994053,0.0014823104324444207,0.015697835360438474,Aug
Michael Green: Why we should build wooden skyscrapers,2013-08-16,6610,99,12,2013,0.01497730711043873,0.001815431164901664,0.016792738275340394,0.014258442963659248,0.0015270971889368133,0.01578554015259606,Aug
Sex needs a new metaphor. Here's one ... - Al Vernacchio,2013-08-16,11600,209,18,2013,0.018017241379310343,0.0015517241379310344,0.01956896551724138,0.014421738291655122,0.0015366739162993846,0.015958412207954506,Aug
Protecting the brain against concussion - Kim Gorgens,2013-08-16,20002,61,8,2013,0.0030496950304969503,0.00039996000399960006,0.0034496550344965504,0.013843601074903284,0.0014562412657060284,0.01529984234060931,Aug
The science of macaroni salad: What's in a molecule? - Josh Kurz,2013-08-16,325333,2186,153,2013,0.006719269179579077,0.0004702873670977122,0.0071895565466767895,0.013220843905464462,0.0014519608457496665,0.014672804751214128,Aug
Cloudy with a chance of joy - Gavin Pretor-Pinney,2013-08-16,4670,74,16,2013,0.015845824411134905,0.003426124197002141,0.019271948608137045,0.013242768830832077,0.00155197052149076,0.014794739352322835,Aug
Time-lapse proof of extreme ice loss - James Balog,2013-08-17,75683,657,78,2013,0.008680945522772618,0.0010306145369501738,0.009711560059722792,0.013169262142738484,0.0015632115025195016,0.014732473645257985,Aug
Navigating Our Global Future - Ian Goldin,2013-08-17,55165,213,32,2013,0.003861143841203662,0.000580077947974259,0.0044412217891779205,0.012883363689719833,0.0015441582445144362,0.01442752193423427,Aug
"Symmetry, reality's riddle - Marcus du Sautoy",2013-08-17,39170,240,16,2013,0.006127138115905029,0.00040847587439366863,0.006535613990298698,0.012481311365453992,0.001463041253640682,0.013944352619094675,Aug
On being a woman and a diplomat - Madeleine Albright,2013-08-17,56345,930,77,2013,0.016505457449640607,0.001366580885615405,0.017872038335256014,0.012626324642684676,0.0014830427744737958,0.01410936741715847,Aug
"The walk from ""no"" to ""yes"" - William Ury",2013-08-18,36798,228,15,2013,0.006195988912440893,0.0004076308495026904,0.0066036197619435836,0.01258226492770514,0.0014858135192963168,0.014068078447001454,Aug
How to learn? From mistakes - Diana Laufenberg,2013-08-18,44764,162,7,2013,0.0036189795371280495,0.00015637565901170585,0.0037753551961397552,0.012513638824373492,0.0014834556910806038,0.013997094515454096,Aug
The Arctic vs. the Antarctic - Camille Seaman,2013-08-19,4669818,75439,2272,2013,0.01615459103545363,0.00048652859704596623,0.016641119632499597,0.012939412372621781,0.001481876549992636,0.014421288922614416,Aug
Defining cyberwarfare...in hopes of preventing it - Daniel Garrie,2013-08-20,118234,1346,195,2013,0.011384204205220157,0.0016492717830742425,0.013033475988294399,0.012678978923499683,0.001187812136479055,0.013866791059978739,Aug
The other inconvenient truth - Jonathan Foley,2013-08-21,44695,257,40,2013,0.005750083902002461,0.000894954692918671,0.006645038594921132,0.012265397697304647,0.0012065392156065413,0.01347193691291119,Aug
Older people are happier - Laura Carstensen,2013-08-21,15076,83,9,2013,0.005505439108516848,0.0005969753250198991,0.006102414433536747,0.011968117702248026,0.0011577534456776067,0.013125871147925629,Aug
How to buy happiness - Michael Norton,2013-08-21,10701,97,6,2013,0.009064573404354733,0.000560695262125035,0.009625268666479768,0.011620191691314948,0.0010643607950338032,0.012684552486348751,Aug
How to use a paper towel - Joe Smith,2013-08-21,37358,347,30,2013,0.009288505808662135,0.0008030408480111355,0.01009154665667327,0.011611790830497083,0.001053057613090938,0.012664848443588022,Aug
Gaming for understanding - Brenda Brathwaite,2013-08-21,12694,196,11,2013,0.01544036552702064,0.0008665511265164644,0.016306916653537104,0.01182914099382518,0.001058713846924878,0.012887854840750059,Aug
A teen just trying to figure it out - Tavi Gevinson,2013-08-21,89784,965,36,2013,0.010748017464136148,0.00040096230954290296,0.011148979773679051,0.011542021882957644,0.0010546363826572434,0.012596658265614886,Aug
Religions and babies - Hans Rosling,2013-08-21,19443,354,16,2013,0.018207066810677363,0.0008229182739289204,0.019029985084606287,0.011463683825064526,0.0010580234730192355,0.012521707298083763,Aug
What your designs say about you - Sebastian Deterding,2013-08-21,2387,25,1,2013,0.010473397570171765,0.00041893590280687055,0.010892333472978634,0.011510040033326811,0.0010579567962998545,0.012567996829626664,Aug
India's invisible innovation - Nirmalya Kumar,2013-08-21,252831,4653,169,2013,0.01840359766009706,0.0006684306908567383,0.0190720283509538,0.01169935111620717,0.00105478928898104,0.012754140405188212,Aug
Will our kids be a different species? - Juan Enriquez,2013-08-21,28312,434,68,2013,0.015329189036450974,0.0024018084204577564,0.01773099745690873,0.011644500690896228,0.0011020798750765186,0.012746580565972747,Aug
ET is (probably) out there -- get ready - Seth Shostak,2013-08-21,266772,2948,1071,2013,0.011050634999175326,0.004014664207637983,0.015065299206813309,0.011547558564269282,0.0012229771090366888,0.01277053567330597,Aug
Overcoming obstacles - Steven Claunch,2013-08-21,1156135,9940,377,2013,0.008597611870586047,0.00032608648643973236,0.00892369835702578,0.01126810404903577,0.0012155215715405163,0.012483625620576283,Aug
Tour the solar system from home - Jon Nguyen,2013-08-21,22454,122,7,2013,0.005433330364300348,0.0003117484635254298,0.005745078827825777,0.010801282108154252,0.0011766139405655592,0.011977896048719811,Aug
Lessons from death row inmates - David R. Dow,2013-08-21,8418,115,8,2013,0.01366120218579235,0.000950344499881207,0.014611546685673557,0.010679954245604539,0.0010093301528453366,0.011689284398449875,Aug
Perspective is everything - Rory Sutherland,2013-08-21,32242,757,15,2013,0.023478692388809626,0.0004652316853793189,0.023943924074188945,0.011016632844641633,0.0009895960626355776,0.012006228907277209,Aug
Pop an ollie and innovate! - Rodney Mullen,2013-08-21,49507,425,19,2013,0.008584644595713738,0.00038378411133779063,0.008968428707051527,0.0111042784742058,0.0009819122736518617,0.012086190747857661,Aug
The myth of the gay agenda - LZ Granderson,2013-08-21,36825,661,385,2013,0.017949762389680924,0.010454854039375424,0.028404616429056347,0.011270130027229104,0.001303035645008718,0.012573165672237822,Aug
Women should represent women in media - Megan Kamerick,2013-08-21,20240,231,9,2013,0.01141304347826087,0.00044466403162055334,0.011857707509881422,0.011151321239489842,0.0012573434072326811,0.012408664646722523,Aug
Shakespearean dating tips - Anthony John Peters,2013-08-22,450443,4416,141,2013,0.00980368215290281,0.00031302517743643477,0.010116707330339245,0.010877535931942925,0.001216053441882861,0.012093589373825786,Aug
"The good news on poverty (Yes, there's good news) - Bono",2013-08-23,8636,116,11,2013,0.013432144511347846,0.0012737378415933302,0.014705882352941176,0.011223617581304622,0.0012451793698026522,0.012468796951107274,Aug
A mini robot -- powered by your phone - Keller Rinaudo,2013-08-23,7097,77,4,2013,0.010849654783711428,0.0005636184303226716,0.0114132732140341,0.011361297101442366,0.001248290405243484,0.012609587506685848,Aug
"We the People, and the Republic we must reclaim - Lawrence Lessig",2013-08-23,6067,142,15,2013,0.02340530740069227,0.0024723916268336904,0.02587769902752596,0.011613279867760945,0.0012164993195712024,0.012829779187332146,Aug
"The emergence of ""4D printing"" - Skylar Tibbits",2013-08-23,15828,213,13,2013,0.013457164518574679,0.0008213292898660602,0.014278493808440738,0.011772487167621014,0.0012095231446683985,0.012982010312289412,Aug
Is the obesity crisis hiding a bigger problem? - Peter Attia,2013-08-23,81301,1276,91,2013,0.015694763902043024,0.001119297425615921,0.016814061327658947,0.012166941169648993,0.001227497127256454,0.013394438296905446,Aug
A Saudi woman who dared to drive - Manal al-Sharif,2013-08-23,18682,267,38,2013,0.014291831709667059,0.0020340434642971846,0.016325875173964242,0.012439097622774394,0.001281682713586571,0.013720780336360964,Aug
Meet global corruption's hidden players - Charmian Gooch,2013-08-23,9452,170,19,2013,0.017985611510791366,0.002010156580617859,0.019995768091409225,0.01248843609147942,0.0013031352367533196,0.013791571328232739,Aug
Where is home? - Pico Iyer,2013-08-23,8099,138,10,2013,0.017039140634646253,0.0012347203358439314,0.018273860970490184,0.012849874482219598,0.0013307048862980274,0.014180579368517627,Aug
Mysteries of vernacular: Bewilder - Jessica Oreck and Rachael Teel,2013-08-23,60447,784,34,2013,0.012970039869637864,0.000562476218836336,0.0135325160884742,0.013161576493303259,0.0013442415716255153,0.014505818064928773,Aug
True success - John Wooden,2013-08-24,75581,576,19,2013,0.007620962940421534,0.0002513859303264048,0.007872348870747939,0.012877122223468854,0.0013364034827348633,0.014213525706203718,Aug
How to use experts—and when not to - Noreena Hertz,2013-08-24,27119,218,20,2013,0.008038644492791033,0.0007374903204395442,0.008776134813230576,0.012765603566387885,0.0013060107673137065,0.014071614333701592,Aug
The art of choosing - Sheena Iyengar,2013-08-24,128440,1924,42,2013,0.014979757085020242,0.00032700093428838367,0.015306758019308626,0.013073259339155143,0.0012870789753593637,0.014360338314514507,Aug
On reading the Koran - Lesley Hazleton,2013-08-25,1553391,34938,3853,2013,0.022491439695479117,0.002480380020226717,0.024971819715705834,0.013639459358720551,0.0013498591318662578,0.014989318490586812,Aug
The 3 A's of awesome - Neil Pasricha,2013-08-25,55608,492,32,2013,0.008847647820457489,0.0005754567688102431,0.009423104589267732,0.013632228505923976,0.0013503511820890978,0.014982579688013076,Aug
Gravity and the human body - Jay Buckey,2013-08-26,448896,5053,245,2013,0.011256504847447961,0.0005457834331337325,0.011802288280581694,0.013697828473883506,0.0013417759349265178,0.015039604408810024,Aug
"The Higgs Field, explained - Don Lincoln",2013-08-27,1037611,23155,982,2013,0.022315684779748865,0.0009464047701884425,0.023262089549937307,0.013927005782307779,0.0013444377230489172,0.015271443505356697,Aug
What is déjà vu? What is déjà vu? - Michael Molina,2013-08-28,5027276,115571,8991,2013,0.022988791544367167,0.0017884436820258128,0.024777235226392982,0.014335031584982146,0.0013906871021316808,0.015725718687113827,Aug
Reinventing the encyclopedia game - Rives,2013-08-28,9882,80,2,2013,0.008095527221210281,0.00020238818053025704,0.008297915401740538,0.013997980265333245,0.0013700027656850587,0.015367983031018303,Aug
Are droids taking our jobs? - Andrew McAfee,2013-08-29,11435,101,16,2013,0.008832531700918234,0.0013992129427197202,0.010231744643637953,0.013943284736358124,0.001402678667015487,0.015345963403373613,Aug
Demand a fair trade cell phone - Bandi Mbubi,2013-08-29,2581,50,5,2013,0.019372336303758234,0.0019372336303758234,0.021309569934134055,0.013975576024480164,0.0014449720983327897,0.015420548122812955,Aug
"Design for people, not awards - Timothy Prestero",2013-08-29,3500,60,2,2013,0.017142857142857144,0.0005714285714285715,0.017714285714285714,0.01403603162802704,0.0013839594366984837,0.015419991064725521,Aug
"The future race car -- 150mph, and no driver - Chris Gerdes",2013-08-29,6825,64,6,2013,0.009377289377289377,0.0008791208791208791,0.010256410256410256,0.013980253440630839,0.0012794413257479135,0.015259694766378753,Aug
A teacher growing green in the South Bronx - Stephen Ritz,2013-08-29,4637,85,5,2013,0.018330817338796636,0.0010782833728703904,0.019409100711667026,0.014304693622904523,0.001304514555295602,0.015609208178200128,Aug
What's your 200-year plan? - Raghava KK,2013-08-29,3345,22,5,2013,0.006576980568011958,0.0014947683109118087,0.008071748878923767,0.01434281529636158,0.0013439485502084814,0.01568676384657006,Aug
Four ways to understand the Earth's age - Joshua M. Sneideman,2013-08-29,708029,5191,457,2013,0.007331620597461404,0.0006454537879098173,0.00797707438537122,0.014131829243417214,0.001333785526476102,0.015465614769893315,Aug
How to step up in the face of disaster - Caitria + Morgan O'Neill,2013-08-29,5443,46,2,2013,0.008451221752709903,0.00036744442403086535,0.008818666176740767,0.013630913555547223,0.0013305259510978202,0.014961439506645044,Aug
"Your online life, permanent as a tattoo - Juan Enriquez",2013-08-30,20477,218,10,2013,0.010646090735947649,0.0004883527860526445,0.011134443522000293,0.013699628426888353,0.0013340115735883153,0.015033640000476668,Aug
The key to growth? Race with the machines - Erik Brynjolfsson,2013-08-30,11975,78,3,2013,0.00651356993736952,0.00025052192066805847,0.006764091858037578,0.013318422011811307,0.000993867169631403,0.014312289181442709,Aug
Txtng is killing language. JK!!! - John McWhorter,2013-08-30,50238,770,55,2013,0.015327043274015685,0.0010947888052868346,0.01642183207930252,0.013448888671669802,0.001015537995420279,0.01446442666709008,Aug
How we found the giant squid - Edith Widder,2013-08-30,8826,154,11,2013,0.017448447767958303,0.0012463176977113076,0.018694765465669613,0.01370371419217165,0.0010466477460961082,0.014750361938267759,Aug
A clean energy proposal -- race to the top! - Jennifer Granholm,2013-08-30,5706,102,13,2013,0.017875920084121977,0.002278303540133193,0.02015422362425517,0.013851840044597457,0.0010801332693807703,0.014931973313978225,Aug
We need better drugs -- now - Francis Collins,2013-08-30,8893,127,18,2013,0.014280895086022715,0.0020240638704599125,0.016304958956482627,0.013966214721341165,0.0011288147840520118,0.015095029505393176,Aug
Why do Americans and Canadians celebrate Labor Day? -Kenneth C. Davis,2013-08-30,600734,4520,321,2013,0.007524128815748734,0.0005343463163396778,0.008058475132088412,0.013436842101843045,0.0010642132737022111,0.014501055375545257,Aug
The art of asking - Amanda Palmer,2013-08-30,34763,853,44,2013,0.024537583062451455,0.001265713546011564,0.02580329660846302,0.01380618938663894,0.0010790260822403947,0.014885215468879333,Aug
The beautiful tricks of flowers - Jonathan Drori,2013-08-31,26686,306,17,2013,0.011466686652177172,0.0006370381473431762,0.012103724799520347,0.013665253478310078,0.0010629507729646363,0.014728204251274715,Aug
The neurons that shaped civilization - VS Ramachandran,2013-08-31,143137,2295,86,2013,0.01603359019680446,0.0006008229877669646,0.016634413184571425,0.013723312094547992,0.0010151767570802958,0.014738488851628288,Aug
The moon illusion - Andrew Vanden Heuvel,2013-09-03,789922,11025,719,2013,0.013957074242773338,0.0009102164517509324,0.01486729069452427,0.013589027518947389,0.0009785120861180647,0.014567539605065455,Sep
Cicadas: The dormant army beneath your feet - Rose Eveleth,2013-09-05,485755,6409,348,2013,0.013193894041234779,0.0007164105361756441,0.013910304577410423,0.013460852632500341,0.0009612350927957886,0.014422087725296129,Sep
A trip through space to calculate distance - Heather Tunnell,2013-09-06,156096,1136,202,2013,0.007277572775727758,0.0012940754407544076,0.008571648216482165,0.013271103729370005,0.000985621733526391,0.014256725462896394,Sep
The game layer on top of the world - Seth Priebatsch,2013-09-06,17777,108,16,2013,0.006075265792878438,0.0009000393767227316,0.00697530516960117,0.013219580491118568,0.0010072435150729352,0.014226824006191501,Sep
The true power of the performing arts - Ben Cameron,2013-09-06,24775,192,18,2013,0.007749747729566095,0.0007265388496468214,0.008476286579212917,0.013209950599011068,0.0010068784660465112,0.014216829065057581,Sep
What is love? - Brad Troeger,2013-09-09,1852873,41092,1763,2013,0.022177450910019197,0.0009514953264470905,0.02312894623646629,0.013449873726511036,0.0010276949457851347,0.014477568672296168,Sep
What are stem cells? - Craig A. Kohn,2013-09-10,2040725,25645,816,2013,0.012566612355902926,0.00039985789364074044,0.012966470249543668,0.013119046148525163,0.0009583442082322689,0.01407739035675743,Sep
Urbanization and the future of cities - Vance Kite,2013-09-12,2739714,25706,1367,2013,0.009382731190189925,0.000498957190422066,0.009881688380611991,0.013136882260849577,0.0009557942222859963,0.014092676483135573,Sep
Natural pest control ... using bugs! - Shimon Steinberg,2013-09-13,17660,75,10,2013,0.004246885617214043,0.0005662514156285391,0.004813137032842582,0.012903228286508445,0.0009564764883691565,0.013859704774877602,Sep
America's native prisoners of war - Aaron Huey,2013-09-13,124796,1380,153,2013,0.01105804673226706,0.0012260008333600436,0.012284047565627104,0.01252797368492572,0.0009657963571415432,0.013493770042067262,Sep
Why are frogs disappearing? - Kerry M. Kriger,2013-09-16,395537,3888,390,2013,0.009829674594285744,0.0009860013096119958,0.010815675903897738,0.012089336453256338,0.0009390482780610827,0.01302838473131742,Sep
"Bird migration, a perilous journey - Alyssa Klavans",2013-09-17,266303,3105,124,2013,0.011659650848845113,0.0004656350097445391,0.012125285858589652,0.012208140574177498,0.0009478231723682254,0.013155963746545726,Sep
"Light waves, visible and invisible",2013-09-19,1107356,9233,430,2013,0.008337878694837072,0.00038831234038556704,0.008726191035222639,0.012191652140641461,0.0009141264856237537,0.013105778626265214,Sep
Human sperm vs. the sperm whale - Aatish Bhatia,2013-09-23,4373788,57776,1378,2013,0.013209602294395613,0.0003150587088354534,0.013524661003231067,0.011986227673662706,0.0008600539882390746,0.01284628166190178,Sep
Birth of a nickname - John McWhorter,2013-09-24,438914,8611,511,2013,0.01961887750219861,0.0011642371854167332,0.02078311468761534,0.012068761685640755,0.0008798142753720133,0.012948575961012768,Sep
"Are Elvish, Klingon, Dothraki and Na'vi real languages? - John McWhorter",2013-09-26,2922349,51656,2755,2013,0.01767619131048345,0.0009427347657654852,0.018618926076248935,0.012345391750080557,0.0008819347382601669,0.013227326488340723,Sep
Kabuki: The people's dramatic art - Amanda Mattes,2013-09-30,1059496,19278,472,2013,0.01819544387142566,0.00044549483905555095,0.01864093871048121,0.012340879301168194,0.0008608417871330056,0.013201721088301198,Sep
The most groundbreaking scientist you've never heard of - Addison Anderson,2013-10-01,3021923,63099,1582,2013,0.020880412902645105,0.0005235077134658957,0.021403920616111,0.012817660378989296,0.0008284664338848084,0.013646126812874106,Oct
Speech acts: Constative and performative - Colleen Glenney Boggs,2013-10-03,213467,2989,70,2013,0.014002164268950236,0.00032791953791452545,0.014330083806864761,0.013040011834705592,0.0008178819588849654,0.013857893793590557,Oct
How art can help you analyze - Amy E. Herman,2013-10-04,1079203,7534,415,2013,0.006981077702712094,0.0003845430377788053,0.007365620740490899,0.012991007033038997,0.0008184519126765634,0.013809458945715562,Oct
Why extremophiles bode well for life beyond Earth - Louisa Preston,2013-10-07,141509,1522,102,2013,0.010755499650198928,0.0007208022104601121,0.01147630186065904,0.012994653996847374,0.000826200226823479,0.013820854223670853,Oct
The science of stage fright (and how to overcome it) - Mikael Cho,2013-10-08,1649783,26926,1322,2013,0.016320934328939017,0.0008013175066054142,0.017122251835544434,0.013321566143233023,0.0008445600796880575,0.01416612622292108,Oct
Why don't oil and water mix? - John Pollard,2013-10-10,1248320,15138,1299,2013,0.012126698282491669,0.0010405985644706486,0.013167296846962318,0.013214887976848888,0.0008427537383275178,0.014057641715176407,Oct
The uncertain location of electrons - George Zaidan and Charles Morton,2013-10-14,896391,12755,523,2013,0.014229281641605059,0.0005834507486130495,0.014812732390218108,0.013107582439303782,0.0008206581733575761,0.013928240612661357,Oct
How atoms bond - George Zaidan and Charles Morton,2013-10-15,1249118,14146,396,2013,0.011324790772368984,0.0003170236919170167,0.011641814464286,0.012889211462245347,0.0007552821784170368,0.013644493640662385,Oct
What is the shape of a molecule? - George Zaidan and Charles Morton,2013-10-17,330573,5435,131,2013,0.01644114915616218,0.0003962816079958133,0.01683743076415799,0.012961219931249997,0.0007010227696682335,0.013662242700918231,Oct
Mysteries of vernacular: Ukulele - Jessica Oreck and Rachael Teel,2013-10-18,81544,1017,49,2013,0.012471794368684392,0.0006009025802020995,0.01307269694888649,0.013126142116347854,0.0007032413117969809,0.013829383428144833,Oct
Is time travel possible? - Colin Stuart,2013-10-21,3876278,54960,4533,2013,0.014178549629309353,0.0011694207690986045,0.015347970398407957,0.012780841001909784,0.0007000315525665489,0.01348087255447633,Oct
Why does ice float in water? - George Zaidan and Charles Morton,2013-10-22,1889401,28684,1260,2013,0.015181531077838956,0.0006668780211294479,0.015848409098968404,0.01290466914943184,0.0007010262150260913,0.013605695364457934,Oct
The strengths and weaknesses of acids and bases - George Zaidan and Charles Morton,2013-10-24,1063989,11002,371,2013,0.010340332465843162,0.00034868781538155,0.010689020281224712,0.012714893891733131,0.0006926217092799108,0.013407515601013043,Oct
How we conquered the deadly smallpox virus - Simona Zompi,2013-10-28,8906673,93073,7377,2013,0.01044980544362637,0.0008282553990698884,0.011278060842696258,0.012597984931761567,0.0006898896741905428,0.013287874605952108,Oct
"Vampires: Folklore, fantasy, and fact - Michael Molina",2013-10-29,3819482,73723,5234,2013,0.019301832028531616,0.0013703428894284617,0.02067217491796008,0.01280158286467146,0.0007116874192989699,0.01351327028397043,Oct
Mysteries of vernacular: Robot - Jessica Oreck and Rachael Teel,2013-10-31,113422,1092,44,2013,0.009627761809878154,0.000387931794537215,0.01001569360441537,0.01287992249914314,0.0006814826310917302,0.013561405130234872,Oct
The deadly irony of gunpowder - Eric Rosado,2013-11-04,3088359,43012,1905,2013,0.013927137356764548,0.0006168324343122027,0.01454396979107675,0.013141651551272678,0.0006720423996780458,0.013813693950950725,Nov
The fight for the right to vote in the United States - Nicki Beaman Griffin,2013-11-05,798422,4301,480,2013,0.0053868756121449556,0.0006011858390675607,0.005988061451212516,0.01306288914735864,0.0006678639659920706,0.013730753113350709,Nov
Why is yawning contagious? - Claudia Aguirre,2013-11-07,2406185,20898,2394,2013,0.008685117727855506,0.000994935967101449,0.009680053694956954,0.012613144707953184,0.0006693119873472157,0.013282456695300399,Nov
The operating system of life - George Zaidan and Charles Morton,2013-11-11,414586,6954,360,2013,0.016773359447738227,0.0008683361232651367,0.01764169557100336,0.01275336961101436,0.0006849279283346957,0.013438297539349055,Nov
Where does energy come from? - George Zaidan and Charles Morton,2013-11-12,460582,5058,188,2013,0.010981757862877837,0.0004081792167301371,0.011389937079607974,0.012806670500103957,0.0006819019958782981,0.013488572495982256,Nov
The five major world religions - John Bellaimey,2013-11-14,12842324,215223,38474,2013,0.016758882582311427,0.0029958752014043566,0.01975475778371578,0.013223737065607203,0.0007628894554041586,0.013986626521011363,Nov
The chemical reaction that feeds the world - Daniel D. Dulek,2013-11-18,762695,8790,378,2013,0.0115249214954864,0.0004956109585089715,0.012020532453995371,0.013239299557714515,0.0007385431262424562,0.01397784268395697,Nov
The chemistry of cookies - Stephanie Warren,2013-11-19,3707533,61485,1448,2013,0.016583803839372434,0.00039055620003921747,0.016974360039411652,0.013464437199217406,0.0007186949559233636,0.01418313215514077,Nov
Mysteries of vernacular: Lady - Jessica Oreck and Rachael Teel,2013-11-21,129226,1368,53,2013,0.010586104963397458,0.00041013418352343954,0.010996239146920899,0.013428652336369149,0.0007168449283826603,0.014145497264751809,Nov
Making a TED-Ed Lesson: Visualizing big ideas,2013-11-25,229588,2031,51,2013,0.008846281164520794,0.0002221370454901824,0.009068418210010976,0.013445599085358608,0.0007113057518861475,0.014156904837244754,Nov
Mysteries of vernacular: Yankee - Jessica Oreck and Rachael Teel,2013-11-26,82589,822,42,2013,0.009952899296516484,0.0005085422998220102,0.010461441596338496,0.013337042318762636,0.0007177552049190326,0.014054797523681668,Nov
"The loathsome, lethal mosquito - Rose Eveleth",2013-12-02,12480869,44098,4839,2013,0.0035332475647328722,0.0003877133875854318,0.003920960952318304,0.012800854654180443,0.000691871078324656,0.0134927257325051,Dec
Agile programming -- for your family - Bruce Feiler,2013-12-03,11484,135,6,2013,0.011755485893416929,0.0005224660397074191,0.012277951933124347,0.012603497806944893,0.0006778621207893871,0.013281359927734281,Dec
Learn to read Chinese ... with ease! - ShaoLan,2013-12-03,335929,9181,485,2013,0.027330179889202777,0.0014437574606538882,0.028773937349856667,0.012907989007537464,0.0007111375415093317,0.013619126549046796,Dec
Music and creativity in Ancient Greece - Tim Hansen,2013-12-03,722506,22054,271,2013,0.030524313984935766,0.0003750833903109455,0.03089939737524671,0.013229452376947151,0.0007061900640708334,0.013935642441017986,Dec
Could your language affect your ability to save money? - Keith Chen,2013-12-03,60552,566,56,2013,0.009347337825340203,0.0009248249438499141,0.010272162769190117,0.013074291495493487,0.0007260869109353464,0.013800378406428832,Dec
Mysteries of vernacular: Odd - Jessica Oreck and Rachael Teel,2013-12-05,205955,1306,56,2013,0.006341191036876988,0.0002719040567114175,0.0066130950935884055,0.013052961939965647,0.0007223322782331001,0.01377529421819875,Dec
What makes us feel good about our work? - Dan Ariely,2013-12-06,78865,792,19,2013,0.010042477651683257,0.00024091802447219932,0.010283395676155455,0.013029194540015127,0.0007063361387001696,0.013735530678715295,Dec
How to sequence the human genome - Mark J. Kiel,2013-12-09,1548284,26431,487,2013,0.017071157487902736,0.00031454177657329015,0.017385699264476025,0.01305420197864725,0.0006901102810324322,0.013744312259679682,Dec
From DNA to Silly Putty: The diverse world of polymers - Jan Mattingly,2013-12-10,378419,3228,97,2013,0.008530227076336019,0.00025632962404107616,0.008786556700377096,0.01293431960510873,0.0006639679830181131,0.013598287588126841,Dec
My glacier cave discoveries - Eddy Cartaya,2013-12-11,127839,740,19,2013,0.005788530886505683,0.00014862444168055132,0.005937155328186235,0.012652961246605416,0.0006494737727870298,0.013302435019392444,Dec
A child of the state - Lemn Sissay,2013-12-11,5950,108,7,2013,0.01815126050420168,0.001176470588235294,0.019327731092436976,0.012880510237666506,0.0006781220026643058,0.01355863224033081,Dec
The beautiful nano details of our world - Gary Greenberg,2013-12-11,13417,128,3,2013,0.009540135648803757,0.00022359692926883805,0.009763732578072594,0.012650476454087891,0.00067236584670674,0.013322842300794632,Dec
Deep sea diving ... in a wheelchair - Sue Austin,2013-12-11,75415,391,33,2013,0.005184644964529603,0.00043757873102168003,0.005622223695551283,0.012407571473949398,0.0006669217184007259,0.013074493192350123,Dec
A father-daughter dance ... in prison - Angela Patton,2013-12-11,6583,92,3,2013,0.013975391159046028,0.00045571927692541396,0.014431110435971442,0.01240079952494062,0.0006431316686616195,0.013043931193602238,Dec
The death of the universe,2013-12-12,1326057,23618,1886,2013,0.01781069742854191,0.001422261637320266,0.019232959065862178,0.012488438403297386,0.0006683111225346468,0.013156749525832033,Dec
The true story of 'true' - Gina Cooke,2013-12-16,447312,10350,304,2013,0.023138212254533747,0.0006796151232249527,0.023817827377758703,0.01291503439625374,0.0006793420327960935,0.013594376429049834,Dec
"The popularity, plight, and poop of penguins - Dyan deNapoli",2013-12-17,528339,6323,277,2013,0.011967694983713108,0.0005242845975784487,0.012491979581291557,0.01296563071425663,0.0006692096727463788,0.013634840387003012,Dec
How do we smell? - Rose Eveleth,2013-12-19,1718705,13693,526,2013,0.007967044955358831,0.000306044376434583,0.008273089331793415,0.012587804478484203,0.000633733055646583,0.013221537534130788,Dec
Should we eat bugs? - Emma Bryce,2014-01-02,3152742,28498,4754,2014,0.009039115791904317,0.0015078937635873788,0.010547009555491696,0.012568182944551743,0.0006710651212815885,0.01323924806583333,Jan
How to fossilize...yourself - Phoebe A. Cohen,2014-01-06,969287,14424,948,2014,0.014881041425295088,0.00097803849633803,0.01585907992163312,0.012599979746836095,0.0006831053233491161,0.01328308507018521,Jan
How sugar affects the brain - Nicole Avena,2014-01-07,17671719,332720,6866,2014,0.01882782314499229,0.00038853039707116213,0.01921635354206345,0.013048011331264339,0.0006760168086159027,0.013724028139880242,Jan
How to build a fictional world - Kate Messner,2014-01-09,7801484,252073,6184,2014,0.03231090392545828,0.0007926697023284288,0.033103573627786716,0.013835537537851099,0.0006692745997901354,0.014504812137641234,Jan
The mystery of motion sickness - Rose Eveleth,2014-01-13,1589709,15484,1209,2014,0.009740147410626725,0.0007605165473681032,0.010500663957994828,0.013601097136614048,0.0006656806139269008,0.014266777750540948,Jan
Start a TED-Ed Club today!,2014-01-14,171397,1500,62,2014,0.00875161175516491,0.0003617332858801496,0.00911334504104506,0.013526758933023615,0.0006641324162319014,0.014190891349255517,Jan
The Infinite Hotel Paradox - Jeff Dekofsky,2014-01-16,24864110,512409,39056,2014,0.020608378904372608,0.0015707781215575382,0.022179157025930145,0.013655075477092323,0.0006166291802370074,0.01427170465732933,Jan
History vs. Andrew Jackson - James Fester,2014-01-21,3221377,37534,2594,2014,0.011651539077853974,0.0008052457070377046,0.012456784784891678,0.013659296063171242,0.0006269503385212986,0.014286246401692541,Jan
Biodiesel: The afterlife of oil - Natascia Radice,2014-01-23,1071371,18412,580,2014,0.017185456765210185,0.0005413624225408378,0.01772681918775102,0.013679351160699165,0.0006319772126046858,0.014311328373303851,Jan
How fast are you moving right now? - Tucker Hiatt,2014-01-27,1924993,26702,2141,2014,0.013871219271966185,0.0011122118366144707,0.014983431108580655,0.01378885497098479,0.0006553798010410536,0.014444234772025845,Jan
Animation basics: The art of timing and spacing - TED-Ed,2014-01-28,717615,24772,274,2014,0.03451990273335981,0.00038182033541662313,0.03490172306877643,0.014644642356612758,0.0006607025773719348,0.015305344933984694,Jan
Want to be an activist? Start with your toys - McKenna Pope,2014-01-29,225737,1874,0,2014,0.008301696221709334,0.0,0.008301696221709334,0.014589602254119186,0.0006437511673778679,0.015233353421497056,Jan
What percentage of your brain do you use? - Richard E. Cytowic,2014-01-30,4223895,94271,2546,2014,0.022318499868012816,0.0006027611955316124,0.02292126106354443,0.015215777330895184,0.0006509194276427406,0.015866696758537926,Jan
The Pangaea Pop-up - Michael Molina,2014-02-03,890018,7557,224,2014,0.008490839511111011,0.0002516803030949936,0.008742519814206005,0.01510695578481832,0.0006418932364223264,0.015748849021240647,Feb
Why is glass transparent? - Mark Miodownik,2014-02-04,4595999,94874,2482,2014,0.020642737302597323,0.0005400349303818386,0.021182772232979163,0.014884041031931472,0.0006117691520799247,0.015495810184011397,Feb
How one teenager unearthed baseball's untold history - Cam Perron,2014-02-06,63321,844,46,2014,0.013328911419592237,0.0007264572574659276,0.014055368677058163,0.014310860946420022,0.0006234816143184241,0.014934342560738447,Feb
Eli the eel: A mysterious migration - James Prosek,2014-02-10,1077230,12114,463,2014,0.011245509315559352,0.00042980607669671286,0.011675315392256065,0.014374133329427326,0.0006069809854133174,0.014981114314840645,Feb
"How one piece of legislation divided a nation - Ben Labaree, Jr.",2014-02-11,3027676,31051,1740,2014,0.010255720889553573,0.0005746982173786099,0.010830419106932181,0.01450461765784988,0.0006170741241022238,0.015121691781952103,Feb
The history of marriage - Alex Gendler,2014-02-13,4356080,77973,4084,2014,0.017899809002589483,0.000937540173734183,0.018837349176323667,0.014766528702880087,0.0006402948624109566,0.015406823565291043,Feb
An athlete uses physics to shatter world records - Asaf Bar-Yosef,2014-02-18,2133097,29243,732,2014,0.013709174969539594,0.00034316301602786936,0.014052337985567464,0.01465446261893465,0.0006412489037261093,0.015295711522660758,Feb
Poison vs. venom: What's the difference? - Rose Eveleth,2014-02-20,3089312,54147,2560,2014,0.01752720346795662,0.0008286634694067806,0.0183558669373634,0.014954361831988668,0.0006603266985716328,0.015614688530560302,Feb
What is the universe made of? - Dennis Wildfogel,2014-02-25,503054,4568,436,2014,0.009080536085589222,0.0008667061587821586,0.00994724224437138,0.015064095338624788,0.000684262755808353,0.01574835809443314,Feb
Why do we cry? The three types of tears - Alex Gendler,2014-02-26,6844646,99570,4713,2014,0.014547136550232109,0.0006885673853695282,0.015235703935601636,0.014943957873492468,0.0006679993157128275,0.015611957189205296,Feb
"What we can learn from galaxies far, far away - Henry Lin",2014-02-27,257906,3105,161,2014,0.012039270121672238,0.0006242584507533753,0.012663528572425612,0.015027262355921417,0.000681354699762312,0.01570861705568373,Feb
"Getting started as a DJ: Mixing, mashups and digital turntables - Cole Plante",2014-03-03,1847705,30707,1604,2014,0.01661899491531386,0.0008681039451644067,0.017487098860478268,0.015408407354280892,0.0006957055402337362,0.01610411289451463,Mar
Making waves: The power of concentration gradients - Sasha Wright,2014-03-04,211125,2368,99,2014,0.01121610420367081,0.0004689165186500888,0.0116850207223209,0.015316431122435052,0.0006961454482912255,0.01601257657072628,Mar
Is there a difference between art and craft? - Laura Morelli,2014-03-06,736932,6581,218,2014,0.008930267650203818,0.0002958210526887148,0.009226088702892533,0.015020416796490448,0.000658597428803507,0.015679014225293955,Mar
The science of spiciness - Rose Eveleth,2014-03-10,4662222,61044,3033,2014,0.013093327602160514,0.0006505481720947651,0.01374387577425528,0.014685587308078006,0.0006576285304325008,0.015343215838510508,Mar
From the top of the food chain down: Rewilding our world - George Monbiot,2014-03-13,797134,16256,569,2014,0.020393058130753424,0.0007138072143453924,0.021106865345098817,0.014966432746312684,0.000663945950991399,0.015630378697304083,Mar
Grammar's great divide: The Oxford comma - TED-Ed,2014-03-17,1777848,27088,1951,2014,0.01523639816227259,0.0010973941529309591,0.01633379231520355,0.015208744519876477,0.0006903242768746114,0.015899068796751088,Mar
The case of the vanishing honeybees - Emma Bryce,2014-03-18,988587,14957,833,2014,0.015129674980553051,0.0008426167853714443,0.015972291765924497,0.0154117631594981,0.0006681483776007469,0.016079911537098847,Mar
Dead stuff: The secret ingredient in our food chain - John C. Moore,2014-03-20,850106,6950,358,2014,0.00817545106139705,0.0004211239539539775,0.008596575015351026,0.015188243480701498,0.0006495845595212785,0.015837828040222778,Mar
The fundamentals of space-time: Part 1 - Andrew Pontzen and Tom Whyntie,2014-03-24,1550785,27702,504,2014,0.017863211212385984,0.0003249966952220972,0.018188207907608084,0.015156089749614623,0.000647466769459643,0.015803556519074266,Mar
Pixar: The math behind the movies - Tony DeRose,2014-03-25,704862,6209,251,2014,0.008808816477551634,0.00035609807309799646,0.009164914550649631,0.014372686834684402,0.0006329143818186286,0.01500560121650303,Mar
How many ways can you arrange a deck of cards? - Yannay Khaikin,2014-03-27,1682832,24275,1247,2014,0.01442508818467916,0.0007410127689513867,0.015166100953630546,0.014528851527152815,0.0006322642558714048,0.015161115783024221,Mar
Sugar: Hiding in plain sight - Robert Lustig,2014-03-31,1348107,13911,552,2014,0.010318913854760787,0.000409463047072673,0.01072837690183346,0.014581094930472679,0.0006338552479111556,0.015214950178383835,Mar
Nature's smallest factory: The Calvin cycle - Cathy Symington,2014-04-01,3032462,61085,1417,2014,0.020143698420623243,0.000467277083768898,0.02061097550439214,0.014565605581014366,0.0005970718799848675,0.015162677460999233,Apr
What is Alzheimer's disease? - Ivan Seah Yu Jun,2014-04-03,1350319,16423,933,2014,0.012162311276076246,0.0006909478426949484,0.012853259118771195,0.014582631320955108,0.0005932619511734423,0.01517589327212855,Apr
History vs. Vladimir Lenin - Alex Gendler,2014-04-07,6005720,126170,11847,2014,0.021008305415503886,0.001972619436137549,0.022980924851641434,0.014710059609298231,0.0006409705182933328,0.015351030127591566,Apr
Why is ketchup so hard to pour? - George Zaidan,2014-04-08,3247445,22021,1641,2014,0.006781023235189511,0.0005053203364491161,0.007286343571638627,0.014473719741405676,0.0006207408016211543,0.015094460543026829,Apr
Can we eat to starve cancer? - William Li,2014-04-08,3573955,66377,3901,2014,0.018572421868770034,0.0010915078673346475,0.01966392973610468,0.013942137045919352,0.0006443970526850884,0.014586534098604439,Apr
"How whales breathe, communicate ... and fart with their faces - Joy Reidenberg",2014-04-10,58457,696,53,2014,0.011906187454026036,0.0009066493319876148,0.012812836786013651,0.014062286753663241,0.0006746186970846756,0.014736905450747914,Apr
The networked beauty of forests - Suzanne Simard,2014-04-14,128728,1625,95,2014,0.012623516251320613,0.0007379901808464359,0.013361506432167049,0.013739120633106835,0.000679126329928503,0.014418246963035336,Apr
The family structure of elephants - Caitlin O'Connell-Rodwell,2014-04-15,74176,847,27,2014,0.011418787748058672,0.0003639991371872304,0.0117827868852459,0.013836718907671757,0.0006828702910649109,0.014519589198736667,Apr
Cell vs. virus: A battle for health - Shannon Stiles,2014-04-17,11066874,65238,2866,2014,0.005894889559599215,0.00025897105180740286,0.006153860611406618,0.013345123982905152,0.0006735014951124297,0.014018625478017582,Apr
How to track a tornado - Karen Kosiba,2014-04-21,79410,393,39,2014,0.004948998866641481,0.0004911220249338874,0.005440120891575369,0.01306579356447346,0.0006656569873613618,0.013731450551834822,Apr
Climate change: Earth's giant game of Tetris - Joss Fong,2014-04-22,1267256,9804,563,2014,0.007736400537855019,0.0004442669831509971,0.008180667521006017,0.012948823271883318,0.0006661390175765045,0.013614962289459822,Apr
How tsunamis work - Alex Gendler,2014-04-24,8763386,55840,2015,2014,0.006371966269658783,0.00022993395475219281,0.006601900224410975,0.012819364784553488,0.0006546468754889573,0.013474011660042447,Apr
Lessons from Auschwitz: The power of our words - Benjamin Zander,2014-04-25,395023,6002,82,2014,0.015194051991909333,0.00020758284960622545,0.015401634841515558,0.012729172884197483,0.0006303149646846919,0.013359487848882178,Apr
Not all scientific studies are created equal - David H. Schwartz,2014-04-28,598124,7817,175,2014,0.013069196353933298,0.00029258147140057914,0.013361777825333878,0.012707840263677274,0.0006286289131971157,0.01333646917687439,Apr
The case of the missing fractals - Alex Rosenthal and George Zaidan,2014-04-29,732586,14196,678,2014,0.01937792969016607,0.0009254886115759788,0.020303418301742048,0.012769531137750922,0.0006318564179360888,0.013401387555687013,Apr
The fundamentals of space-time: Part 2 - Andrew Pontzen and Tom Whyntie,2014-05-01,910881,13939,314,2014,0.015302767320868478,0.0003447212094664396,0.015647488530334916,0.012976938845593564,0.0006144569196255649,0.013591395765219129,May
Population pyramids: Powerful predictors of the future - Kim Preshoff,2014-05-05,2760377,24499,1267,2014,0.008875236969442942,0.00045899527492078077,0.009334232244363723,0.012787875526233925,0.00060680451594394,0.013394680042177866,May
The sweaty teacher's lament - Justin Lamb,2014-05-06,68042,523,53,2014,0.007686428970341848,0.0007789306604744128,0.00846535963081626,0.012642780821189581,0.0006119602562679748,0.013254741077457555,May
The science of attraction - Dawn Maslar,2014-05-08,7203595,129374,2971,2014,0.017959643761205343,0.0004124329588212552,0.0183720767200266,0.012687469116052627,0.0005967712233898696,0.0132842403394425,May
What is the world wide web? - Twila Camp,2014-05-12,1383576,15499,352,2014,0.01120213128877633,0.0002544132017323226,0.011456544490508654,0.012687003352222812,0.0005896211128259439,0.013276624465048757,May
The science of symmetry - Colm Kelleher,2014-05-13,728099,5924,296,2014,0.0081362561959294,0.00040653812187628333,0.008542794317805682,0.012660536303746998,0.000593311681798863,0.013253847985545861,May
From Aaliyah to Jay-Z: Captured moments in hip-hop history - Jonathan Mannion,2014-05-15,264888,1230,83,2014,0.004643471957959591,0.0003133399776509317,0.004956811935610522,0.012378874448940303,0.0005820714086507352,0.012960945857591036,May
The cancer gene we all have - Michael Windelspecht,2014-05-19,369525,3817,142,2014,0.010329477031323997,0.0003842771125093025,0.0107137541438333,0.012043421745625987,0.0005710870719228655,0.012614508817548853,May
How the heart actually pumps blood - Edmond Hui,2014-05-20,4241466,41405,1054,2014,0.009761954946709462,0.00024849898596381536,0.010010453932673278,0.011860940305107216,0.0005427905663572941,0.01240373087146451,May
The fundamentals of space-time: Part 3 - Andrew Pontzen and Tom Whyntie,2014-05-22,624689,12206,309,2014,0.019539322767008864,0.0004946461359172324,0.020033968902926098,0.012007928564655745,0.0005311915447088203,0.012539120109364565,May
A digital reimagining of Gettysburg - Anne Knowles,2014-05-26,101039,608,38,2014,0.006017478399429923,0.0003760923999643702,0.006393570799394293,0.011935996142590173,0.0005296904929091667,0.01246568663549934,May
How languages evolve - Alex Gendler,2014-05-27,3210338,45594,1765,2014,0.014202242879098713,0.0005497863464843888,0.0147520292255831,0.01181396386481393,0.0005371834812845765,0.012351147346098507,May
How does your brain respond to pain? - Karen D. Davis,2014-06-02,2844314,26890,1181,2014,0.009453949177200547,0.0004152143539707641,0.009869163531171312,0.01183546828813556,0.0005391540239803354,0.012374622312115896,Jun
The Silk Road: Connecting the ancient world through trade - Shannon Harris Castelo,2014-06-03,3866036,35296,1565,2014,0.0091297649582156,0.0004048074047939543,0.009534572363009553,0.011658957513920109,0.000527947178508421,0.01218690469242853,Jun
How to choose your news - Damon Brown,2014-06-05,1541978,17070,438,2014,0.011070196851057538,0.0002840507452116697,0.011354247596269207,0.011684000280463335,0.0005237667684463876,0.012207767048909721,Jun
The colossal consequences of supervolcanoes - Alex Gendler,2014-06-09,2279791,20152,732,2014,0.008839406770182004,0.00032108206410149,0.009160488834283494,0.01130719055878196,0.0005188936011241407,0.011826084159906101,Jun
Why do honeybees love hexagons? - Zack Patterson and Andy Peterson,2014-06-10,2679892,26847,1517,2014,0.010017941021503851,0.0005660675877983142,0.010584008609302167,0.011235711550296212,0.0005147309259609195,0.011750442476257133,Jun
"Tycho Brahe, the scandalous astronomer - Dan Wenkel",2014-06-12,517182,7435,294,2014,0.014375983696261665,0.0005684652598118264,0.01494444895607349,0.011014634159654806,0.0004679257867500621,0.011482559946404867,Jun
A brief history of religion in art - TED-Ed,2014-06-16,759813,7151,240,2014,0.009411526257118528,0.0003158671936384347,0.009727393450756962,0.011102317593719106,0.000461610681989706,0.011563928275708813,Jun
How bees help plants have sex - Fernanda S. Valdovinos,2014-06-17,176013,1711,75,2014,0.00972087289007062,0.00042610488997971743,0.010146977780050337,0.010807265961095791,0.0004394305827445417,0.011246696543840334,Jun
Why aren't we only using solar power? - Alexandros George Charalambides,2014-06-19,650484,9558,734,2014,0.014693674248713266,0.0011283905522656975,0.015822064800978964,0.010900182187585367,0.0004468219567538111,0.011347004144339179,Jun
What gives a dollar bill its value? - Doug Levinson,2014-06-23,3712872,61255,3345,2014,0.016498010165715383,0.0009009198270233933,0.017398929992738774,0.011029331984731858,0.00045225294495970965,0.011481584929691568,Jun
Attack of the killer algae - Eric Noel Muñoz,2014-06-24,415866,4800,135,2014,0.01154217945203503,0.00032462379708848523,0.011866803249123516,0.01103344504153107,0.0004509404336230849,0.011484385475154155,Jun
How to speak monkey: The language of cotton-top tamarins - Anne Savage,2014-06-26,425863,6516,180,2014,0.015300695294026483,0.0004226711407189636,0.015723366434745447,0.011346971899345313,0.00045639710325347016,0.011803369002598783,Jun
A guide to the energy of the Earth - Joshua M. Sneideman,2014-06-30,1253827,10342,455,2014,0.008248346861249598,0.0003628889791015826,0.008611235840351181,0.011456950165832251,0.0004521226683923934,0.011909072834224644,Jun
What you might not know about the Declaration of Independence - Kenneth C. Davis,2014-07-01,2100742,14178,980,2014,0.006749043909247304,0.00046650183601794034,0.007215545745265245,0.01142403827821199,0.00045286383015462486,0.011876902108366618,Jul
The time value of money - German Nande,2014-07-03,377901,3420,306,2014,0.009049989282907428,0.0008097358832075067,0.009859725166114934,0.011513305711986948,0.0004721905611031353,0.011985496273090084,Jul
How heavy is air? - Dan Quinn,2014-07-07,1154385,12554,481,2014,0.010875054682796467,0.00041667208080493076,0.011291726763601398,0.01136933913501652,0.00047916020214309215,0.011848499337159611,Jul
Inside the ant colony - Deborah M. Gordon,2014-07-08,2071063,26269,896,2014,0.012683824683266516,0.0004326280755341581,0.013116452758800674,0.01135649341266096,0.00048382842228087813,0.011840321834941837,Jul
What makes tattoos permanent? - Claudia Aguirre,2014-07-10,6447336,92565,1730,2014,0.01435709260382893,0.00026832787991815533,0.014625420483747086,0.011189132176449722,0.0004619230645589506,0.011651055241008674,Jul
It's a church. It's a mosque. It's Hagia Sophia. - Kelly Wall,2014-07-14,2257756,39864,5757,2014,0.01765646952106428,0.00254987695747459,0.02020634647853887,0.011267588916456248,0.0005354282561592223,0.011803017172615471,Jul
The many meanings of Michelangelo's Statue of David - James Earle,2014-07-15,636333,10670,217,2014,0.01676795011416978,0.00034101641750467127,0.017108966531674454,0.011530679354613809,0.0005314956275786853,0.012062174982192496,Jul
How quantum mechanics explains global warming - Lieven Scheire,2014-07-17,532303,21020,923,2014,0.039488787401160616,0.0017339748226104306,0.041222762223771046,0.012590757968974435,0.0005633304329832193,0.013154088401957654,Jul
What happens when you get heat stroke? - Douglas J. Casa,2014-07-21,1786578,18086,885,2014,0.010123263579871688,0.0004953604040797547,0.010618623983951442,0.012329545296263315,0.0005660946811585026,0.012895639977421818,Jul
How playing an instrument benefits your brain - Anita Collins,2014-07-22,13459295,307839,7525,2014,0.022871851757465752,0.0005590931768714483,0.0234309449343372,0.012718535978552962,0.0005762506803298068,0.013294786658882767,Jul
Under the hood: The chemistry of cars - Cynthia Chubbuck,2014-07-24,339844,4118,159,2014,0.012117324419439508,0.0004678617247913749,0.012585186144230882,0.012851238252669964,0.0005782948004269766,0.01342953305309694,Jul
The history of the barometer (and how it works) - Asaf Bar-Yosef,2014-07-28,2221492,29997,703,2014,0.0135030871144258,0.0003164539867800559,0.013819541101205856,0.013146558757885505,0.0005783986007312807,0.013724957358616785,Jul
The coelacanth: A living fossil of a fish - Erin Eastwood,2014-07-29,518487,9736,528,2014,0.01877771284525938,0.0010183476152728999,0.01979606046053228,0.013428166618350019,0.0005995342841567338,0.01402770090250675,Jul
What light can teach us about the universe - Pete Edwards,2014-07-31,316309,5238,223,2014,0.01655975644069565,0.000705006812958215,0.017264763253653864,0.013654760001482889,0.0006147512117232138,0.014269511213206104,Jul
The nurdles' quest for ocean domination - Kim Preshoff,2014-08-04,328052,3131,185,2014,0.009544218599490324,0.0005639349859168668,0.010108153585407191,0.013321589862565606,0.0006170608400565351,0.013938650702622141,Aug
What's hidden among the tallest trees on Earth? - Wendell Oshiro,2014-08-05,818516,16889,429,2014,0.02063368339775887,0.0005241192597334689,0.021157802657492338,0.013808796695843237,0.0006219950687155049,0.014430791764558743,Aug
What causes antibiotic resistance? - Kevin Wu,2014-08-07,3964523,35873,1530,2014,0.009048503439127482,0.0003859228462036921,0.009434426285331173,0.01363700538117753,0.0006165329520394818,0.014253538333217011,Aug
The secret lives of baby fish - Amy McDermott,2014-08-11,252779,3370,67,2014,0.013331803670399836,0.00026505366347679196,0.013596857333876628,0.013766267197617506,0.0006115275956896826,0.014377794793307188,Aug
How optical illusions trick your brain - Nathan S. Jacobs,2014-08-12,1270189,8911,238,2014,0.007015491395375019,0.00018737369005714896,0.0072028650854321676,0.013695791412189486,0.0006042798051984559,0.014300071217387944,Aug
How do you know you exist? - James Zucker,2014-08-14,2562581,39625,3580,2014,0.015462925854831515,0.001397029010985409,0.016859954865816925,0.013842215712315285,0.0006413790807242471,0.014483594793039534,Aug
"The past, present, and future of the bubonic plague - Sharon N. DeWitte",2014-08-18,1705637,18211,824,2014,0.010676949432968446,0.00048310396643600016,0.011160053399404445,0.013903467134408166,0.0006467798108020643,0.01455024694521023,Aug
How do tornadoes form? - James Spann,2014-08-19,10214531,55086,2147,2014,0.005392905459878677,0.00021019075667791305,0.00560309621655659,0.013749299282353994,0.0006349172497647174,0.014384216532118712,Aug
What can Schrödinger's cat teach us about quantum mechanics? - Josh Samani,2014-08-21,2130284,56678,2792,2014,0.026605842225731403,0.0013106233722827566,0.02791646559801416,0.01415696123333632,0.0006596558535137484,0.014816617086850068,Aug
Feedback loops: How nature gets its rhythms - Anje-Margriet Neutel,2014-08-25,871379,9977,268,2014,0.011449667710605833,0.0003075584791462728,0.011757226189752105,0.014224899281785896,0.0006593788963640097,0.014884278178149907,Aug
What happens when you remove the hippocampus? - Sam Kean,2014-08-26,4911699,107443,1798,2014,0.021874915380604553,0.00036606477717791744,0.02224098015778247,0.014630034031470361,0.0006573775592706165,0.015287411590740978,Aug
What did dogs teach humans about diabetes? - Duncan C. Ferguson,2014-08-28,376922,4915,168,2014,0.013039833175033561,0.00044571555918731197,0.013485548734220873,0.014574905995681037,0.0006346217261680036,0.015209527721849043,Aug
Why we love repetition in music - Elizabeth Hellmuth Margulis,2014-09-02,1089857,13275,605,2014,0.012180497074386823,0.0005551186990586838,0.012735615773445508,0.014430988892636751,0.0006230950219025132,0.015054083914539267,Sep
"Corruption, wealth, and beauty: The history of the Venetian gondola - Laura Morelli",2014-09-04,593752,8696,127,2014,0.014645845403468114,0.00021389401635699753,0.014859739419825112,0.014534444424351188,0.0006194040292114636,0.015153848453562652,Sep
Why do we pass gas? - Purna Kashyap,2014-09-08,1203357,19426,818,2014,0.01614317280740462,0.0006797650240119932,0.016822937831416612,0.014562527008130459,0.0006279738253212313,0.015190500833451692,Sep
Making a TED-Ed Lesson: Bringing a pop-up book to life,2014-09-10,3161996,33408,249,2014,0.010565478261199572,7.874772770111032e-05,0.010644225988900682,0.014639764721462124,0.0006185024502745488,0.015258267171736674,Sep
The chemistry of cold packs - John Pollard,2014-09-11,461658,4563,219,2014,0.009883940059524584,0.0004743771363216927,0.010358317195846276,0.014744261259804702,0.0006187649602846739,0.015363026220089374,Sep
Particles and waves: The central mystery of quantum mechanics - Chad Orzel,2014-09-15,1099225,18796,487,2014,0.01709931997543724,0.0004430394141326844,0.017542359389569925,0.015012572282889027,0.0006065417446488465,0.015619114027537875,Sep
What is the Heisenberg Uncertainty Principle? - Chad Orzel,2014-09-16,5051492,98556,3718,2014,0.019510275380026337,0.0007360201698824822,0.020246295549908817,0.015300412972796692,0.0006171866809514316,0.015917599653748123,Sep
The history of tattoos - Addison Anderson,2014-09-18,2328056,36010,843,2014,0.015467840979770246,0.00036210469163972,0.015829945671409967,0.01539321351601348,0.0006148359014882838,0.016008049417501766,Sep
Where do genes come from? - Carl Zimmer,2014-09-22,987087,12179,630,2014,0.012338324787987279,0.0006382416139610795,0.012976566401948358,0.015325921255485427,0.0006271663592897145,0.01595308761477514,Sep
How cosmic rays help us understand the universe - Veronica Bindi,2014-09-23,192856,2797,63,2014,0.014503048906956485,0.0003266686024806073,0.014829717509437092,0.015220807235015166,0.0005530594141232483,0.015773866649138414,Sep
Cloudy climate change: How clouds affect Earth's temperature - Jasper Kirkby,2014-09-25,206368,2426,219,2014,0.011755698557915957,0.0010612110404713908,0.012816909598387346,0.01505373218314004,0.0005770659015554724,0.015630798084695512,Sep
"If matter falls down, does antimatter fall up? - Chloé Malbrunot",2014-09-29,641732,9137,1114,2014,0.014238030829068833,0.0017359271471580036,0.015973957976226836,0.014212040297403646,0.0005771309790403914,0.014789171276444036,Sep
Is telekinesis real? - Emma Bryce,2014-09-30,5189671,80241,9424,2014,0.01546167377469593,0.0018159147275424589,0.01727758850223839,0.014389987303897787,0.0006211494564891482,0.015011136760386935,Sep
A brief history of melancholy - Courtney Stephens,2014-10-02,1515066,33716,500,2014,0.02225381600537534,0.00033001862625126565,0.02258383463162661,0.014369386112161441,0.0006135136381351422,0.014982899750296584,Oct
How do vitamins work? - Ginnie Trinh Nguyen,2014-10-06,6490622,86571,2028,2014,0.013337858836949679,0.0003124507943922786,0.013650309631341957,0.014410070592745112,0.0006083332737885055,0.015018403866533619,Oct
How do we study the stars? - Yuan-Sen Ting,2014-10-07,846535,17123,419,2014,0.02022716131051876,0.0004949588617127467,0.020722120172231507,0.014634206399281544,0.000614283436286262,0.015248489835567808,Oct
"Light seconds, light years, light centuries: How to measure extreme distances - Yuan-Sen Ting",2014-10-09,3527471,73946,2683,2014,0.02096289381259265,0.0007606015754629876,0.021723495388055635,0.01470704576485932,0.0006056919016259317,0.015312737666485252,Oct
History vs. Christopher Columbus - Alex Gendler,2014-10-13,5283817,86032,8001,2014,0.016282168742785756,0.0015142462352500097,0.017796414978035763,0.014697792841595659,0.0006326665490356581,0.015330459390631317,Oct
Schrödinger's cat: A thought experiment in quantum mechanics - Chad Orzel,2014-10-14,8666364,208065,9379,2014,0.024008338445050313,0.0010822301024974257,0.025090568547547737,0.01517993016978099,0.0006499430529216767,0.015829873222702667,Oct
Einstein's brilliant mistake: Entangled states - Chad Orzel,2014-10-16,1275366,18810,723,2014,0.01474870742986719,0.0005668960910044646,0.015315603520871655,0.014983764304184601,0.0006513689472973767,0.015635133251481977,Oct
A different way to visualize rhythm - John Varney,2014-10-20,2474106,85421,2100,2014,0.0345260065656039,0.0008487914422421675,0.03537479800784606,0.015833014408400483,0.000666797900498659,0.01649981230889914,Oct
How do germs spread (and why do they make us sick)? - Yannay Khaikin and Nicole Mideo,2014-10-21,958552,3419,149,2014,0.00356683831445764,0.00015544279287925956,0.0037222811073369,0.015507515563202408,0.0006631442048120746,0.016170659768014482,Oct
Is our climate headed for a mathematical tipping point? - Victor J. Donnay,2014-10-23,188429,2774,193,2014,0.014721725424430423,0.0010242584740140848,0.015745983898444508,0.01576439003083759,0.0006910403642773059,0.016455430395114892,Oct
Is math discovered or invented? - Jeff Dekofsky,2014-10-27,3233681,77033,4170,2014,0.023822077687935206,0.0012895520615669883,0.025111629749502193,0.01604302842527438,0.0006874577992966919,0.01673048622457107,Oct
Could comets be the source of life on Earth? - Justin Dowd,2014-10-28,132621,2522,117,2014,0.019016596165011574,0.0008822132241500215,0.019898809389161595,0.016321016649675814,0.0007007614412204925,0.01702177809089631,Oct
"The unexpected math behind Van Gogh's ""Starry Night"" - Natalya St. Clair",2014-10-30,9312975,122870,1921,2014,0.013193421006713751,0.00020627135797100283,0.013399692364684754,0.016581033834570318,0.0007006307945969289,0.017281664629167245,Oct
The language of lying — Noah Zandan,2014-11-03,21715302,402840,12566,2014,0.01855097387086765,0.0005786702851288921,0.01912964415599654,0.016312538222741525,0.0006762323583584667,0.01698877058109999,Nov
How to understand power - Eric Liu,2014-11-04,3667269,92144,2807,2014,0.02512605429271755,0.000765419716961041,0.025891474009678592,0.016768417775478585,0.000691494399618959,0.017459912175097545,Nov
Ideasthesia: How do ideas feel? - Danko Nikolić,2014-11-06,304576,6572,193,2014,0.02157753729775163,0.0006336677873502837,0.022211205085101913,0.01675850517271682,0.0007004144999580379,0.01745891967267486,Nov
How a wound heals itself - Sarthak Sinha,2014-11-10,6352152,90901,3309,2014,0.01431026839408125,0.0005209258216742924,0.014831194215755543,0.016800853013351744,0.0007029215087076039,0.017503774522059347,Nov
How do scars form? - Sarthak Sinha,2014-11-11,1075499,11770,699,2014,0.010943757269881237,0.0006499308692988092,0.011593688139180046,0.016759628353201557,0.0007060819143822749,0.01746571026758383,Nov
Why elephants never forget - Alex Gendler,2014-11-13,8887291,241549,7500,2014,0.027179148291644778,0.0008439017018796841,0.028023049993524462,0.01717740511614078,0.0007270821705663643,0.01790448728670714,Nov
The great brain debate - Ted Altschuler,2014-11-17,300473,5107,78,2014,0.016996535462420918,0.00025959071197744887,0.017256126174398364,0.017205850537974653,0.0007130763601652129,0.017918926898139866,Nov
The mighty mathematics of the lever - Andy Peterson and Zack Patterson,2014-11-18,1226486,13314,510,2014,0.010855403159921923,0.00041582211293076315,0.011271225272852686,0.0172155147012654,0.0007243121730062012,0.0179398268742716,Nov
How does cancer spread through the body? - Ivan Seah Yu Jun,2014-11-20,2032463,22118,1235,2014,0.01088236292616397,0.0006076371377978344,0.011490000063961805,0.017248795463486715,0.000728754173055406,0.01797754963654212,Nov
How do lungs work? - Emma Bryce,2014-11-24,3254195,31016,1019,2014,0.009531082187760722,0.00031313427744803244,0.009844216465208753,0.01699652087056416,0.0007244240018325842,0.017720944872396744,Nov
What does the liver do? - Emma Bryce,2014-11-25,3129713,65789,2080,2014,0.021020777304500443,0.0006645976803623847,0.02168537498486283,0.0170468709347133,0.0007220432521819144,0.01776891418689521,Nov
What are those floaty things in your eye? - Michael Mauser,2014-12-01,22558170,452889,36290,2014,0.020076495566794646,0.0016087297861484332,0.02168522535294308,0.017200492754280778,0.0007635974219988714,0.01796409017627965,Dec
The hidden worlds within natural history museums - Joshua Drew,2014-12-02,261984,4284,75,2014,0.01635214364235984,0.00028627702455111763,0.016638420666910958,0.0173342867160932,0.0007518652690185393,0.01808615198511174,Dec
What we know (and don't know) about Ebola - Alex Gendler,2014-12-04,1997917,25407,1336,2014,0.012716744489385695,0.0006686964473499149,0.01338544093673561,0.017274743235507505,0.0007632661971808496,0.018038009432688355,Dec
"The 2,400-year search for the atom - Theresa Doud",2014-12-08,2845801,25932,1375,2014,0.009112372931206363,0.00048316800788249074,0.009595540939088855,0.017186632381283855,0.0007439980960945529,0.017930630477378407,Dec
How to create cleaner coal - Emma Bryce,2014-12-09,524244,7165,616,2014,0.013667299959560815,0.0011750253698659403,0.014842325329426755,0.01716760801896692,0.0007253013701848175,0.017892909389151734,Dec
At what moment are you dead? - Randall Hayes,2014-12-11,4950647,79797,3089,2014,0.01611849925878375,0.0006239588482071131,0.016742458106990862,0.017189502201769846,0.0006855695075403059,0.017875071709310148,Dec
The pharaoh that wouldn't be forgotten - Kate Green,2014-12-15,4688562,61205,1807,2014,0.013054109127702695,0.00038540601574640584,0.0134395151434491,0.016882845305847424,0.0006874157538568106,0.01757026105970423,Dec
The truth about bats - Amy Wray,2014-12-16,1828005,51120,1793,2014,0.02796491256861989,0.0009808507088328532,0.02894576327745274,0.017370413763569768,0.0007096957510048298,0.018080109514574595,Dec
The great conspiracy against Julius Caesar - Kathryn Tempest,2014-12-18,9299912,170860,7295,2014,0.018372216855385298,0.000784416024581738,0.019156632879967037,0.017308582281731984,0.0007193443231004629,0.018027926604832444,Dec
The Atlantic slave trade: What too few textbooks told you - Anthony Hazard,2014-12-22,11658681,163643,20356,2014,0.014036150401576302,0.0017459951087091241,0.015782145510285426,0.017077690834698105,0.0007521907742086674,0.017829881608906768,Dec
What is a gift economy? - Alex Gendler,2014-12-23,477802,7659,342,2014,0.01602965245017811,0.0007157776652253444,0.016745430115403453,0.017069273624944516,0.0007255751552078452,0.01779484878015236,Dec
The benefits of a good night's sleep - Shai Marcu,2015-01-05,6893684,196044,3057,2015,0.02843820517447565,0.0004434493951274819,0.02888165456960313,0.017216935849258694,0.0007042824649621804,0.017921218314220874,Jan
Einstein's miracle year - Larry Lagerstrom,2015-01-06,2694540,58498,1278,2015,0.021709828022593837,0.00047429245808189893,0.022184120480675737,0.01744897320234958,0.0007011956771980949,0.018150168879547676,Jan
The evolution of the human eye - Joshua Harvey,2015-01-08,1467869,24921,2363,2015,0.01697767307573087,0.0016098166798263333,0.018587489755557206,0.01686402875268715,0.0007265631851175671,0.01759059193780471,Jan
How do vaccines work? - Kelwalin Dhanasarnsombut,2015-01-12,3253446,43518,4798,2015,0.013375971200997342,0.0014747440098898214,0.014850715210887164,0.01719099984890514,0.0007705398923512526,0.01796153974125639,Jan
How spontaneous brain activity keeps you alive - Nathan S. Jacobs,2015-01-13,367945,6568,186,2015,0.01785049395969506,0.000505510334424982,0.018356004294120046,0.017295292133413957,0.0007532482876982824,0.018048540421112244,Jan
"How will TED-Ed celebrate its 1,000,000th subscriber?",2015-01-14,27425,806,785,2015,0.029389243391066546,0.02862351868732908,0.058012762078395626,0.01748086432351834,0.0016643805085570188,0.019145244832075355,Jan
Could a blind eye regenerate? - David Davila,2015-01-15,337419,7280,235,2015,0.021575548502010853,0.0006964634475237019,0.022272011949534556,0.017566162734751645,0.0016581888493361415,0.01922435158408779,Jan
What triggers a chemical reaction? - Kareem Jarrah,2015-01-20,950382,10994,232,2015,0.011567980033291876,0.00024411236744803668,0.011812092400739913,0.017511981368970916,0.0016594502163187093,0.01917143158528963,Jan
Why the Arctic is climate change's canary in the coal mine - William Chapman,2015-01-22,219664,2096,129,2015,0.009541845728020977,0.0005872605433753368,0.010129106271396314,0.01721167709754269,0.0016597365582602574,0.018871413655802954,Jan
Why do buildings fall in earthquakes? - Vicki V. May,2015-01-26,1819252,17593,609,2015,0.009670457968439777,0.0003347529644051511,0.010005210932844927,0.0166964905534001,0.0016453809998417277,0.01834187155324183,Jan
Why Shakespeare loved iambic pentameter - David T. Freeman and Gregory Taylor,2015-01-27,1843134,25540,659,2015,0.01385683298121569,0.00035754318459753874,0.014214376165813229,0.016439133742848902,0.0016361768464166365,0.01807531058926554,Jan
How does your smartphone know your location? - Wilton L. Virgo,2015-01-29,861138,19610,686,2015,0.02277219214574203,0.000796620286179451,0.02356881243192148,0.016721197867904262,0.0016453666619001416,0.018366564529804404,Jan
"How do dogs ""see"" with their noses? - Alexandra Horowitz",2015-02-02,2292125,25838,684,2015,0.011272509134536729,0.0002984130446637945,0.011570922179200523,0.01673215626339278,0.0016336494010789743,0.018365805664471754,Feb
Why are some people left-handed? - Daniel M. Abrams,2015-02-03,10431521,198914,26815,2015,0.01906855193983696,0.002570574319890647,0.02163912625972761,0.016461803051665853,0.0016912051550126731,0.018153008206678527,Feb
Why do we have museums? - J. V. Maranto,2015-02-05,585799,8633,234,2015,0.014737136799482416,0.00039945442037285826,0.015136591219855274,0.016386489762901236,0.0016958672786258533,0.01808235704152709,Feb
How do your kidneys work? - Emma Bryce,2015-02-09,2541522,32346,1020,2015,0.01272701947887919,0.00040133431856973894,0.01312835379744893,0.016448876973533148,0.0016953843521471527,0.0181442613256803,Feb
How poachers became caretakers - John Kasaona,2015-02-10,24150,283,17,2015,0.011718426501035197,0.0007039337474120083,0.012422360248447204,0.016476745759362185,0.0016985942391342915,0.018175339998496475,Feb
The sonic boom problem - Katerina Kaouri,2015-02-10,5053086,92126,2712,2015,0.018231631126008938,0.0005367017303881232,0.01876833285639706,0.016766764057303794,0.0017060464875656282,0.018472810544869423,Feb
History vs. Richard Nixon - Alex Gendler,2015-02-12,4422679,68362,4776,2015,0.015457147127340691,0.0010798884567475957,0.016537035584088287,0.016581309718065134,0.0017198895134451352,0.018301199231510266,Feb
How we think complex cells evolved - Adam Jacobson,2015-02-17,884885,10419,803,2015,0.011774411364188567,0.0009074625516310029,0.01268187391581957,0.016304573577978265,0.001696513938961221,0.018001087516939483,Feb
What does the pancreas do? - Emma Bryce,2015-02-19,1143903,16698,361,2015,0.014597391562046782,0.0003155861991794759,0.014912977761226258,0.01624608184196783,0.0016974909114488327,0.017943572753416664,Feb
The last banana: A thought experiment in probability - Leonardo Barichello,2015-02-23,1663773,19428,914,2015,0.011677073735419435,0.0005493537880468069,0.012226427523466242,0.016211426150168955,0.0016935128228053957,0.01790493897297435,Feb
Did Shakespeare write his plays? - Natalya St. Clair and Aaron Williams,2015-02-24,1030108,15388,1011,2015,0.014938239485568503,0.000981450488686623,0.015919689974255125,0.016405621701981028,0.0017101222388322,0.018115743940813226,Feb
The law of conservation of mass - Todd Ramsey,2015-02-26,2134677,14826,1117,2015,0.006945313037991228,0.0005232641753295697,0.007468577213320797,0.01618155547126204,0.0016883968656809878,0.017869952336943027,Feb
How does the thyroid manage your metabolism? - Emma Bryce,2015-03-02,1106691,10356,216,2015,0.009357625570281136,0.00019517643136159957,0.009552802001642735,0.01595619301497862,0.0016741041184528042,0.017630297133431425,Mar
Rhythm in a box: The story of the cajon drum - Paul Jennings,2015-03-03,171678,2797,63,2015,0.01629212828667622,0.0003669660643763324,0.01665909435105255,0.016064126986944403,0.001673489453407135,0.01773761644035154,Mar
Why sitting is bad for you - Murat Dalkilinç,2015-03-05,9150570,211402,6585,2015,0.023102604537203694,0.000719627301905783,0.023822231839109476,0.015902050052563864,0.001664782006509566,0.01756683205907343,Mar
How brain parasites change their host's behavior - Jaap de Roode,2015-03-09,4706390,66630,2516,2015,0.014157347776108652,0.0005345923308523093,0.014691940106960961,0.015761554416587976,0.0016564545500519184,0.017418008966639895,Mar
Learning from smallpox: How to eradicate a disease - Julie Garon and Walter A. Orenstein,2015-03-10,483671,7350,636,2015,0.015196280116029285,0.001314943422284983,0.016511223538314267,0.015800225407069744,0.001642086160504447,0.01744231156757419,Mar
The real story behind Archimedes’ Eureka! - Armand D'Angour,2015-03-13,4279183,67077,1718,2015,0.01567518846471394,0.00040147850652799845,0.01607666697124194,0.015788409940887604,0.001631609521881202,0.0174200194627688,Mar
Why it’s so hard to cure HIV/AIDS - Janet Iwasa,2015-03-16,2970285,63975,3825,2015,0.021538337230265783,0.0012877552154086224,0.022826092445674406,0.015558414342747273,0.0016597530492239068,0.01721816739197118,Mar
Plato’s Allegory of the Cave - Alex Gendler,2015-03-17,7466449,127506,4130,2015,0.017077194259279078,0.0005531411250515473,0.017630335384330623,0.015403993217303449,0.001662381338122895,0.017066374555426343,Mar
Can robots be creative? - Gil Weinberg,2015-03-19,499943,7955,414,2015,0.015911813946789935,0.0008280944027619149,0.01673990834955185,0.015368464579672083,0.0016363239288874143,0.0170047885085595,Mar
Where did Earth’s water come from? - Zachary Metz,2015-03-23,1761271,22307,1365,2015,0.012665285467142762,0.0007750085023826543,0.013440293969525417,0.015344775055210265,0.001612999411970509,0.016957774467180775,Mar
What did democracy really mean in Athens? - Melissa Schwartzberg,2015-03-24,1341049,12008,700,2015,0.008954184373576209,0.000521979435501611,0.00947616380907782,0.015048231402339636,0.0016135483820063968,0.016661779784346034,Mar
Earworms: Those songs that get stuck in your head - Elizabeth Hellmuth Margulis,2015-03-26,2108586,33436,2454,2015,0.015857071990423913,0.0011638130956005588,0.017020885086024472,0.014597159022318213,0.0006982248622821125,0.015295383884600328,Mar
How do geckos defy gravity? - Eleanor Nelsen,2015-03-30,1584325,17497,608,2015,0.01104381992331119,0.0003837596452748016,0.011427579568585991,0.014246101403028226,0.0006878014022071491,0.014933902805235374,Mar
What causes bad breath? - Mel Rosenberg,2015-03-31,2821051,36931,1294,2015,0.013091220257981866,0.00045869429514035725,0.013549914553122223,0.014296876077184557,0.0006949541331302265,0.014991830210314784,Mar
The effects of underwater pressure on the body - Neosha S Kashef,2015-04-02,635917,9179,382,2015,0.01443427365520972,0.000600707325012541,0.015034980980222261,0.01445995700809085,0.0006954023591848,0.015155359367275651,Apr
Camera or eye: Which sees better? - Michael Mauser,2015-04-06,1619176,27995,1177,2015,0.017289658443554005,0.0007269129483144513,0.018016571391868456,0.014713930357261325,0.0007084743586484434,0.015422404715909768,Apr
How brass instruments work - Al Cannon,2015-04-07,704388,8143,547,2015,0.011560390012322754,0.000776560645553303,0.012336950657876057,0.014637382258298227,0.0007224416073469687,0.015359823865645194,Apr
The science of static electricity - Anuradha Bhagwat,2015-04-09,3186700,33157,1185,2015,0.010404807481093294,0.0003718580349577933,0.010776665516051087,0.014225136102809935,0.0007082828656395803,0.014933418968449515,Apr
Why are manhole covers round? - Marc Chamberland,2015-04-13,651797,12624,375,2015,0.019367993408990838,0.0005753325038317144,0.01994332591282255,0.014494985578625073,0.000717513514278511,0.015212499092903583,Apr
What's the difference between accuracy and precision? - Matt Anticole,2015-04-14,5628491,96681,1712,2015,0.01717707286020356,0.00030416678289083167,0.017481239643094393,0.014431936275970626,0.000641966596378517,0.015073902872349143,Apr
Announcing TED-Ed Español,2015-04-15,30081,670,104,2015,0.022273195704930023,0.0034573318706160035,0.025730527575546027,0.014683138239485546,0.0007438958447199552,0.015427034084205501,Apr
How to spot a counterfeit bill - Tien Nguyen,2015-04-16,1030097,11093,532,2015,0.010768888755136652,0.0005164562172300279,0.01128534497236668,0.014617867215360795,0.0007477332413419647,0.01536560045670276,Apr
Why is biodiversity so important? - Kim Preshoff,2015-04-20,4255761,40065,1813,2015,0.009414297466422574,0.00042601076517219833,0.009840308231594772,0.01454106291420704,0.0007384691419339711,0.015279532056141012,Apr
What really happens to the plastic you throw away - Emma Bryce,2015-04-21,5301711,53476,1848,2015,0.010086555076276319,0.0003485667174238656,0.010435121793700184,0.014269560379215953,0.0007321979748351626,0.015001758354051117,Apr
How to unboil an egg - Eleanor Nelsen,2015-04-23,4676851,87415,3205,2015,0.018690995287213553,0.0006852901663961499,0.019376285453609705,0.014377355317878381,0.0007190446984901144,0.015096400016368498,Apr
Could your brain repair itself? - Ralitsa Petrova,2015-04-27,1332530,28116,843,2015,0.02109971257682754,0.0006326311602740651,0.021732343737101603,0.014688198691633014,0.0007098836521115499,0.015398082343744564,Apr
Why neutrinos matter - Sílvia Bravo Gallart,2015-04-28,450975,8407,299,2015,0.018641831587116804,0.0006630079272686956,0.019304839514385497,0.014823013359135348,0.0007214643763811904,0.01554447773551654,Apr
What is leukemia? - Danilo Allegra and Dania Puggioni,2015-04-30,1112636,22589,722,2015,0.020302237209653472,0.0006489094366890879,0.02095114664634256,0.015110518808276484,0.0007247828980025998,0.015835301706279083,Apr
What causes economic bubbles? - Prateek Singh,2015-05-04,1183431,23980,796,2015,0.020263116311808632,0.0006726205414595359,0.020935736853268168,0.015288014702484486,0.0007144885664283636,0.01600250326891285,May
Why do your knuckles pop? - Eleanor Nelsen,2015-05-05,5663611,99334,5180,2015,0.017538987052606543,0.0009146108375027876,0.018453597890109332,0.01564113716963833,0.0007275334551674708,0.016368670624805803,May
How in vitro fertilization (IVF) works - Nassim Assefi and Brian A. Levine,2015-05-07,3224048,42993,1655,2015,0.013335099229291872,0.0005133298263549426,0.013848429055646814,0.01577371962493869,0.0007381385683339156,0.016511858193272604,May
The wars that inspired Game of Thrones - Alex Gendler,2015-05-11,7013044,160991,4867,2015,0.022955937535826098,0.0006939925088164284,0.023649930044642525,0.01599584659991035,0.0007490394498152522,0.016744886049725606,May
Sunlight is way older than you think - Sten Odenwald,2015-05-12,735888,12420,404,2015,0.016877568325614767,0.0005489965864370665,0.017426564912051835,0.015788345392857388,0.0007433517592996282,0.016531697152157014,May
The complex geometry of Islamic design - Eric Broug,2015-05-14,3425246,129979,5486,2015,0.03794734743139617,0.0016016367875475222,0.03954898421894369,0.01658134538136697,0.0007789199078561354,0.01736026528922311,May
"Mansa Musa, one of the wealthiest people who ever lived - Jessica Smith",2015-05-18,8180120,111680,11147,2015,0.013652611453132717,0.001362693945810086,0.015015305398942802,0.01652988975927042,0.0007805115919736388,0.01731040135124406,May
Debunking the myths of OCD - Natascha M. Santos,2015-05-19,11786034,201855,11101,2015,0.01712662631042809,0.0009418774797357618,0.01806850379016385,0.016578271020794223,0.0007985248910805643,0.017376795911874788,May
How batteries work - Adam Jacobson,2015-05-21,2687954,44882,1057,2015,0.01669745836424284,0.0003932358961500085,0.01709069426039285,0.01641690839192679,0.0007687075804386105,0.0171856159723654,May
How I responded to sexism in gaming with empathy - Lilian Chen,2015-05-26,365949,8187,0,2015,0.02237196986465327,0.0,0.02237196986465327,0.016593400912105934,0.0007502695429368922,0.017343670455042825,May
Will future spacecraft fit in our pockets? - Dhonam Pemba,2015-05-28,423982,9130,479,2015,0.021533933044327352,0.0011297649428513475,0.0226636979871787,0.016780804882023846,0.0007603252276065399,0.017541130109630387,May
The battle of the Greek tragedies - Melanie Sirof,2015-06-01,692346,8465,237,2015,0.012226545686694226,0.0003423143919369795,0.012568860078631205,0.01676618022267556,0.0007459020905916841,0.017512082313267244,Jun
What’s the big deal with gluten? - William D. Chey,2015-06-02,3982992,76570,2075,2015,0.01922424147475064,0.0005209651437914011,0.019745206618542042,0.017108515459381374,0.0007458682808680104,0.017854383740249388,Jun
The math behind Michael Jordan’s legendary hang time - Andy Peterson and Zack Patterson,2015-06-04,1432826,20662,584,2015,0.014420453006854985,0.00040758612699657876,0.014828039133851563,0.017060628159929078,0.0007206607152478779,0.017781288875176954,Jun
How people rationalize fraud - Kelly Richmond Pope,2015-06-08,509703,6549,257,2015,0.012848658924903326,0.000504215199832059,0.013352874124735386,0.01712078945998215,0.0007246759003997865,0.017845465360381937,Jun
How to detect a supernova - Samantha Kuula,2015-06-09,211247,4100,112,2015,0.019408559648184352,0.0005301850440479628,0.019938744692232314,0.017331367439655566,0.0007270589253633733,0.018058426365018938,Jun
How plants tell time - Dasha Savage,2015-06-11,346622,4993,163,2015,0.01440474061080947,0.0004702528979695461,0.014874993508779015,0.017330383004842225,0.0007227104444619401,0.018053093449304163,Jun
"Football physics: The ""impossible"" free kick - Erez Garty",2015-06-15,4095644,83468,2137,2015,0.02037970097010385,0.0005217738651113232,0.02090147483521517,0.017433384422393887,0.0007158724750218358,0.01814925689741572,Jun
Can you solve the famously difficult green-eyed logic puzzle? - Alex Gendler,2015-06-16,15857089,174923,15412,2015,0.011031217646568043,0.0009719312289916516,0.012003148875559694,0.017415745343535394,0.0007223848278031141,0.018138130171338508,Jun
How to make a mummy - Len Bloch,2015-06-18,5372962,56776,2706,2015,0.0105669833510827,0.0005036328192903653,0.011070616170373065,0.017421151205868377,0.0007267773206141998,0.018147928526482573,Jun
How X-rays see through your skin - Ge Wang,2015-06-22,2128243,40324,779,2015,0.018947084519953784,0.00036602963101487943,0.019313114150968664,0.01740712090956714,0.0007198005581869719,0.018126921467754114,Jun
The benefits of a bilingual brain - Mia Nacamulli,2015-06-23,16584125,534670,25331,2015,0.03223986794600258,0.0015274245701838354,0.03376729251618641,0.017909214079093776,0.0007605758177634055,0.018669789896857178,Jun
How to grow a bone - Nina Tandon,2015-06-25,1338283,20587,927,2015,0.01538314392396825,0.0006926786038528472,0.016075822527821096,0.01767954568639505,0.0006684207088713002,0.01834796639526635,Jun
Why do blood types matter? - Natalie S. Hodge,2015-06-29,6257461,101549,4557,2015,0.016228467105108606,0.0007282506435118013,0.01695671774862041,0.017861531631394114,0.0006754805230806927,0.018537012154474806,Jun
The incredible history of China's terracotta warriors - Megan Campisi and Pen-Pen Chen,2015-06-30,4653643,55519,1697,2015,0.011930223268093405,0.0003646605465868353,0.012294883814680241,0.01794539582478314,0.000673435515794514,0.01861883134057766,Jun
History vs. Genghis Khan - Alex Gendler,2015-07-02,6850722,114475,7574,2015,0.016709917582409563,0.001105576901237563,0.017815494483647124,0.018166174574987582,0.0006986691885883038,0.01886484376357589,Jul
How to use a semicolon - Emma Bryce,2015-07-06,2410450,55605,2667,2015,0.023068306747702712,0.0011064324088863075,0.02417473915658902,0.01831208495700389,0.0007127072633379758,0.019024792220341865,Jul
How do pregnancy tests work? - Tien Nguyen,2015-07-07,9473312,142395,2787,2015,0.015031173891454225,0.00029419489192375383,0.015325368783377978,0.01810980033415811,0.0007014260543929653,0.018811226388551077,Jul
Why tragedies are alluring - David E. Rivas,2015-07-09,702321,14223,376,2015,0.020251423494385048,0.0005353677307100315,0.020786791225095077,0.01816345339773372,0.0006971713811743432,0.018860624778908062,Jul
What is a calorie? - Emma Bryce,2015-07-13,4946853,92776,1853,2015,0.0187545496096205,0.0003745815774190177,0.019129131187039516,0.018111863811065953,0.0006880271191986742,0.01879989093026463,Jul
Inside the minds of animals - Bryan B Rasmussen,2015-07-14,1528998,31277,1048,2015,0.020455880256220086,0.0006854162006752134,0.0211412964568953,0.01811828927587967,0.0006884536411725301,0.0188067429170522,Jul
Where did English come from? - Claire Bowern,2015-07-16,5895411,113243,5079,2015,0.019208669251388918,0.0008615175430517058,0.020070186794440625,0.018173945349172414,0.0006866838646908275,0.01886062921386324,Jul
The scientific origins of the Minotaur - Matt Kaplan,2015-07-20,4608368,58172,1508,2015,0.012623123847748271,0.000327230811428254,0.012950354659176525,0.018150212836454294,0.0006804805641932711,0.018830693400647566,Jul
The Akune brothers: Siblings on opposite sides of war - Wendell Oshiro,2015-07-21,1979148,38925,1216,2015,0.019667553917140104,0.0006144057948167596,0.020281959711956864,0.01804060004916476,0.0006778276737266154,0.018718427722891378,Jul
How blood pressure works - Wilfred Manzano,2015-07-23,17451889,198548,3644,2015,0.011376877311103687,0.00020880261156829499,0.011585679922671982,0.01785724368201439,0.0006664878745643231,0.018523731556578715,Jul
When to use apostrophes - Laura McClure,2015-07-27,1219654,9613,558,2015,0.007881743510864557,0.000457506801109167,0.008339250311973724,0.01685505688466334,0.0006283502083497111,0.017483407093013048,Jul
"Solid, liquid, gas and … plasma? - Michael Murillo",2015-07-28,757702,11108,508,2015,0.01466011703809677,0.0006704482764992042,0.015330565314595975,0.01688864040416214,0.0006052753527060153,0.017493915756868154,Jul
The benefits of good posture - Murat Dalkilinç,2015-07-30,16187234,258142,5586,2015,0.01594725819123885,0.00034508675169581164,0.01629234494293466,0.0168493281335225,0.0005853823284380169,0.017434710461960514,Jul
How does a jellyfish sting? - Neosha S Kashef,2015-08-10,11819857,49980,2177,2015,0.0042284775526472106,0.0001841815852763701,0.004412659137923581,0.016433695439802647,0.0005784138514088957,0.01701210929121154,Aug
Who am I? A philosophical inquiry - Amy Adkins,2015-08-11,3783985,81575,3180,2015,0.02155796072130307,0.0008403838810143275,0.022398344602317398,0.01640656180169097,0.0006064266474427066,0.017012988449133678,Aug
The physics of playing guitar - Oscar Fernando Perez,2015-08-13,439649,10355,342,2015,0.023552879683565755,0.0007778932739526304,0.024330772957518385,0.01647386002299892,0.0005946975918127493,0.01706855761481167,Aug
Buffalo buffalo buffalo: One-word sentences and how they work - Emma Bryce,2015-08-17,912370,19950,1782,2015,0.02186612887315453,0.0019531549700231264,0.02381928384317766,0.016795179462547594,0.0006483922777489542,0.017443571740296548,Aug
What happens when continents collide? - Juan D. Carrillo,2015-08-18,1837275,22965,737,2015,0.012499489733436748,0.00040113755425834455,0.012900627287695091,0.016571021071170467,0.000644398024764519,0.017215419095934985,Aug
Bring TED to the classroom with TED-Ed Clubs,2015-08-19,35282,501,20,2015,0.01419987529051641,0.0005668612890425712,0.014766736579558981,0.016563668480625845,0.0006497071968327187,0.017213375677458564,Aug
"A poetic experiment: Walt Whitman, interpreted by three animators - Justin Moore",2015-08-20,399976,8061,327,2015,0.020153709222553353,0.0008175490529431766,0.02097125827549653,0.01680717015721418,0.0006601516586030893,0.01746732181581727,Aug
Could we actually live on Mars? - Mari Foroutan,2015-08-24,2056478,25118,1348,2015,0.01221408641376178,0.0006554896283840624,0.012869576042145843,0.016567354382733428,0.0006643284780809592,0.017231682860814387,Aug
Why do some people go bald? - Sarthak Sinha,2015-08-25,3453795,61585,3452,2015,0.017831110416223313,0.0009994802818349092,0.018830590698058224,0.016681566709580556,0.0006819693908764713,0.017363536100457027,Aug
How false news can spread - Noah Tavlin,2015-08-27,2356306,30838,1556,2015,0.013087434314558466,0.0006603556583907183,0.013747789972949185,0.01643849115439571,0.0006865887839857845,0.017125079938381492,Aug
How smart are dolphins? - Lori Marino,2015-08-31,3368966,77631,3765,2015,0.023042975203667833,0.0011175535757855675,0.024160528779453398,0.016838883072965702,0.0006914428622122483,0.017530325935177952,Aug
Can you solve the bridge riddle? - Alex Gendler,2015-09-01,22937756,269213,23260,2015,0.011736675549255995,0.0010140486279477381,0.012750724177203734,0.01687787281290481,0.0007084567225008275,0.017586329535405638,Sep
The ancient origins of the Olympics - Armand D'Angour,2015-09-03,2399801,16983,746,2015,0.0070768367877169815,0.00031085910873443256,0.0073876958964514145,0.016482197888496922,0.0007066177050914793,0.017188815593588393,Sep
How misused modifiers can hurt your writing - Emma Bryce,2015-09-08,547930,8271,324,2015,0.015094993886080339,0.0005913164090303505,0.015686310295110688,0.01591070208649951,0.0006754140997196964,0.016586116186219208,Sep
Do animals have language? - Michele Bishop,2015-09-10,2366502,46130,1501,2015,0.01949290556272507,0.0006342694829752943,0.020127175045700364,0.016047694141124738,0.0006734671290237781,0.016721161270148516,Sep
"When to use ""me"", ""myself"" and ""I"" - Emma Bryce",2015-09-14,463086,6832,281,2015,0.014753199189783323,0.0006067987371676103,0.015359997926950933,0.015998518543947227,0.0006694187321456384,0.016667937276092868,Sep
The mathematical secrets of Pascal’s triangle - Wajdi Mohamed Ratemi,2015-09-15,3104165,67834,1449,2015,0.0218525754913157,0.00046679219693540776,0.02231936768825111,0.01632926361805464,0.0006728231204905907,0.01700208673854523,Sep
What makes the Great Wall of China so extraordinary - Megan Campisi and Pen-Pen Chen,2015-09-17,6669558,77679,3570,2015,0.011646798783367654,0.0005352678543315764,0.01218206663769923,0.016160492991419906,0.0006538128189270578,0.016814305810346968,Sep
What happens when your DNA is damaged? - Monica Menesini,2015-09-21,2588314,49530,1326,2015,0.019136009000453577,0.0005123026031617493,0.019648311603615326,0.01602941639984494,0.0006340084920695725,0.01666342489191451,Sep
The treadmill's dark and twisted past - Conor Heffernan,2015-09-22,4773714,80876,2187,2015,0.01694194499293422,0.00045813385552632605,0.017400078848460548,0.01609310876989427,0.0006394731241896583,0.01673258189408393,Sep
How memories form and how we lose them - Catharine Young,2015-09-24,2976185,62129,1042,2015,0.020875382410703636,0.00035011264420726536,0.021225495054910903,0.016113907400438224,0.0006332979546395662,0.01674720535507779,Sep
A curable condition that causes blindness - Andrew Bastawrous,2015-09-28,198606,3683,143,2015,0.01854425344652226,0.0007200185291481627,0.019264271975670422,0.016106897528334947,0.0006448125196972042,0.016751710048032154,Sep
The incredible collaboration behind the International Space Station - Tien Nguyen,2015-09-29,689975,14361,491,2015,0.020813797601362368,0.0007116199862313852,0.021525417587593753,0.016118828106506358,0.0006456859792157433,0.0167645140857221,Sep
"What ""Orwellian"" really means - Noah Tavlin",2015-10-01,3267260,104630,4166,2015,0.032023775273470736,0.001275074527279739,0.03329884980075048,0.01654599830724242,0.0006594712120233444,0.017205469519265763,Oct
Can you solve the prisoner hat riddle? - Alex Gendler,2015-10-05,31612384,335426,17729,2015,0.010610588559217805,0.0005608245173790119,0.011171413076596817,0.01647891379762474,0.0006672576688883697,0.017146171466513108,Oct
3 tips to boost your confidence - TED-Ed,2015-10-06,10613640,275460,5504,2015,0.02595339581896503,0.0005185779807869873,0.026471973799752017,0.016688441861018904,0.0006640634084207106,0.01735250526943961,Oct
Where does gold come from? - David Lunney,2015-10-08,8191307,119158,5003,2015,0.01454688488662432,0.0006107694413113805,0.0151576543279357,0.01679410878020292,0.0006774623027454801,0.0174715710829484,Oct
The race to sequence the human genome - Tien Nguyen,2015-10-12,620077,6648,224,2015,0.010721249135188049,0.00036124545822534943,0.011082494593413398,0.016888758967680374,0.0006742535913160196,0.01756301255899639,Oct
Where did Russia come from? - Alex Gendler,2015-10-13,5506054,94697,9752,2015,0.017198705279679424,0.0017711413654860632,0.018969846645165486,0.016973378575733125,0.0007109433609489149,0.017684321936682044,Oct
What are the universal human rights? - Benedetta Berti,2015-10-15,3037998,34158,2577,2015,0.011243588705456685,0.0008482559896352796,0.012091844695091966,0.016816589592873722,0.0007277156688802305,0.01754430526175395,Oct
Why do women have periods?,2015-10-19,17259700,175028,15167,2015,0.010140848334559697,0.0008787522378720372,0.011019600572431735,0.017013668618937473,0.0007508680239667526,0.017764536642904227,Oct
How a few scientists transformed the way we think about disease - Tien Nguyen,2015-10-20,735568,9241,1010,2015,0.012563080503773954,0.0013730885519761598,0.013936169055750115,0.016713839278353168,0.0007686248463321471,0.01748246412468531,Oct
How stress affects your body - Sharon Horesh Bergquist,2015-10-22,8116122,154164,3896,2015,0.01899478593347907,0.0004800322124285465,0.019474818145907614,0.016561902820016947,0.0007586961442813443,0.017320598964298287,Oct
How computers translate human language - Ioannis Papachimonas,2015-10-26,425740,7208,321,2015,0.016930520975243106,0.0007539813031427632,0.017684502278385868,0.01639738255675323,0.0007187236887186654,0.017116106245471895,Oct
Who was Confucius? - Bryan W. Van Norden,2015-10-27,1590893,25306,1071,2015,0.01590678945724194,0.0006732068090060111,0.01657999626624795,0.016510959214213403,0.0007277926638769211,0.017238751878090323,Oct
How do hard drives work? - Kanawat Senanan,2015-10-29,2662385,67207,1727,2015,0.02524315604242061,0.0006486665151734253,0.025891822557594035,0.01687906857261021,0.0007305195047479495,0.01760958807735816,Oct
Group theory 101: How to play a Rubik’s Cube like a piano - Michael Staff,2015-11-02,1647176,31061,1449,2015,0.018857122736125345,0.0008796874165237959,0.01973681015264914,0.01683584902306261,0.0007325907835339702,0.01756843980659658,Nov
What makes muscles grow? - Jeffrey Siegel,2015-11-03,22373890,532983,8066,2015,0.02382165104056559,0.0003605095046055916,0.02418216054517118,0.017222767843956068,0.0007227581127413545,0.017945525956697423,Nov
How mucus keeps us healthy - Katharina Ribbeck,2015-11-05,1328748,23290,983,2015,0.017527778028640494,0.0007397941520890342,0.018267572180729528,0.017212656764369973,0.000714101908416492,0.01792675867278647,Nov
How stress affects your brain - Madhumita Murgia,2015-11-09,7875437,187424,4784,2015,0.02379855238509304,0.0006074583543744938,0.024406010739467538,0.017569694033387796,0.0007123386649492845,0.01828203269833708,Nov
"The science behind the myth: Homer's ""Odyssey"" - Matt Kaplan",2015-11-10,2865451,43476,736,2015,0.015172480701990716,0.0002568531096850025,0.015429333811675718,0.017307344216665226,0.0006836486494125989,0.01799099286607782,Nov
What would happen if you didn’t sleep? - Claudia Aguirre,2015-11-12,14461226,296282,18017,2015,0.02048802777855764,0.0012458833020104934,0.021733911080568134,0.017599055957641947,0.0006913764718813576,0.018290432429523305,Nov
How to write descriptively - Nalo Hopkinson,2015-11-16,5367246,181867,3296,2015,0.03388460301614646,0.000614095198915794,0.03449869821506225,0.018492648165256264,0.0007014843415540696,0.019194132506810332,Nov
Would you opt for a life with no pain? - Hayley Levitt and Bethany Rickwald,2015-11-17,3310147,81261,6991,2015,0.024549060812102907,0.0021119907967833453,0.026661051608886252,0.018807783729457014,0.0007521734878125027,0.019559957217269518,Nov
What’s the difference between a scientific law and theory? - Matt Anticole,2015-11-19,1849059,26393,1254,2015,0.014273746808511789,0.0006781827945998478,0.014951929603111636,0.018633811770983236,0.0007536372648666545,0.019387449035849894,Nov
Let's make history…by recording it - StoryCorps & TED Prize,2015-11-23,217266,3784,175,2015,0.017416438835344692,0.0008054642696050003,0.018221903104949692,0.018722586425835283,0.0007602594492812342,0.019482845875116516,Nov
How did clouds get their names? - Richard Hamblyn,2015-11-24,897225,17360,476,2015,0.019348546908523504,0.0005305246732982251,0.019879071581821728,0.018639118806408877,0.0007623838651599948,0.019401502671568874,Nov
"Can you solve ""Einstein’s Riddle""? - Dan Van der Vieren",2015-11-30,13062429,147729,12462,2015,0.011309458600693639,0.0009540338936961878,0.012263492494389827,0.018627874133653077,0.0007763427331388151,0.01940421686679189,Nov
How exposing anonymous companies could cut down on crime - Global Witness,2015-12-01,669182,15231,584,2015,0.022760624165025358,0.0008727072754497281,0.023633331440475087,0.018748694639138804,0.0007883562222150812,0.01953705086135388,Dec
Why the octopus brain is so extraordinary - Cláudio L. Guerra,2015-12-03,5667628,53454,1786,2015,0.00943145880428285,0.00031512301089626913,0.00974658181517912,0.018498345099517092,0.0007835891940607459,0.019281934293577836,Dec
How does anesthesia work? - Steven Zheng,2015-12-07,18567235,329068,11126,2015,0.01772304815445057,0.0005992276178978722,0.01832227577234844,0.018393267290975325,0.0007918930265170994,0.01918516031749242,Dec
The ethical dilemma of self-driving cars - Patrick Lin,2015-12-08,2151805,37971,3360,2015,0.01764611570286341,0.0015614797809281045,0.019207595483791515,0.01836332936618669,0.0008199417349097641,0.019183271101096456,Dec
Why do we dream? - Amy Adkins,2015-12-10,8743946,151638,5258,2015,0.01734205586356549,0.000601330337584427,0.017943386201149915,0.018247604641593463,0.0008162654132881988,0.01906387005488166,Dec
History through the eyes of the potato - Leo Bear-McGuinness,2015-12-14,2475020,37768,1855,2015,0.015259674669295602,0.0007494888930190463,0.01600916356231465,0.017688801288120958,0.0007987458921461758,0.018487547180267135,Dec
What is depression? - Helen M. Farrell,2015-12-15,25519526,582027,27958,2015,0.02280712423890632,0.0010955532638027838,0.0239026775027091,0.018095352477443913,0.0008165701836936348,0.018911922661137545,Dec
Forget shopping. Soon you'll download your new clothes - Danit Peleg,2015-12-17,287404,3523,288,2015,0.012258006151619323,0.0010020737359257353,0.01326007988754506,0.017638839488532388,0.0008326867088649265,0.018471526197397312,Dec
The Sun’s surprising movement across the sky - Gordon Williamson,2015-12-21,471271,8150,471,2015,0.01729365906240783,0.000999424959312158,0.018293084021719988,0.01773039862772517,0.0008456418927982857,0.018576040520523456,Dec
The science of snowflakes - Maruša Bradač,2015-12-22,600556,7707,355,2015,0.012833107986599085,0.0005911188964892533,0.013424226883088338,0.017800793922772205,0.0008533043407404159,0.01865409826351262,Dec
How do we know what color dinosaurs were? - Len Bloch,2016-01-04,904819,15378,534,2016,0.016995664326235414,0.0005901732832754396,0.01758583760951085,0.017794025890990738,0.0008139387380000617,0.018607964628990798,Jan
How do solar panels work? - Richard Komp,2016-01-05,26039074,119401,3743,2016,0.004585454920555163,0.0001437455110730896,0.0047292004316282525,0.017572088098160688,0.000790455055381322,0.018362543153542008,Jan
The surprising (and invisible) signatures of sea creatures - Kakani Katija,2016-01-07,148140,2855,122,2016,0.01927230997704874,0.0008235452949912246,0.020095855272039963,0.017876470152910322,0.0007886148239519617,0.01866508497686228,Jan
How do carbohydrates impact your health? - Richard J. Wood,2016-01-11,6702987,133028,3399,2016,0.01984607757705632,0.0005070873626936767,0.020353164939749997,0.018119236722019736,0.0007597481176425456,0.01887898483966228,Jan
How menstruation works - Emma Bryce,2016-01-12,2099247,33376,1316,2016,0.015899034272765424,0.0006268914520301803,0.016525925724795606,0.018016044999995942,0.0007646434256292666,0.018780688425625212,Jan
How statistics can be misleading - Mark Liddell,2016-01-14,1488390,31027,818,2016,0.02084601482138418,0.0005495871377797486,0.02139560195916393,0.018146561461533983,0.0007578302867838328,0.018904391748317814,Jan
The beneficial bacteria that make delicious food - Erez Garty,2016-01-19,1814207,25885,619,2016,0.014267941861099642,0.00034119590542865287,0.014609137766528295,0.018091933208329237,0.0007467632566645876,0.018838696464993823,Jan
"When will the next mass extinction occur? - Borths, D'Emic, and Pritchard",2016-01-21,1718959,22352,1042,2016,0.013003218808592875,0.0006061808338651475,0.013609399642458022,0.01768393530053498,0.0007453470672876449,0.01842928236782262,Jan
Why are human bodies asymmetrical? - Leo Q. Wan,2016-01-25,1172742,20930,649,2016,0.017847062695801805,0.0005534039029897454,0.01840046659879155,0.017650266632524194,0.0007344709501698433,0.018384737582694037,Jan
How science fiction can help predict the future - Roey Tzezana,2016-01-26,422283,6768,279,2016,0.016027166615752944,0.0006606943684685389,0.01668786098422148,0.01739045048503044,0.0007444771122986082,0.018134927597329046,Jan
The most lightning-struck place on Earth - Graeme Anderson,2016-01-28,574029,8698,327,2016,0.015152544557853349,0.00056965763053783,0.01572220218839118,0.017311276036004204,0.000738805894913568,0.01805008193091777,Jan
Can you solve the temple riddle? - Dennis E. Shasha,2016-02-01,10715883,114630,11411,2016,0.010697205260639744,0.0010648679161577258,0.01176207317679747,0.016874564465189094,0.0007540528803063425,0.017628617345495434,Feb
Why certain naturally occurring wildfires are necessary - Jim Schulz,2016-02-02,1658646,29423,1323,2016,0.017739167971948203,0.0007976385557858639,0.018536806527734068,0.01696012070752101,0.0007720790618430378,0.017732199769364045,Feb
History vs. Napoleon Bonaparte - Alex Gendler,2016-02-04,5674014,91835,5032,2016,0.016185190942426295,0.0008868501205672034,0.0170720410629935,0.016816692812983296,0.0007601112891282615,0.01757680410211156,Feb
The immortal cells of Henrietta Lacks - Robin Bulleri,2016-02-08,5979323,133666,7398,2016,0.022354704704863743,0.0012372638173251387,0.023591968522188884,0.016432362869273874,0.000780883576408573,0.017213246445682447,Feb
How to make your writing funnier - Cheri Steinkellner,2016-02-09,2494278,66246,2448,2016,0.026559188671030253,0.0009814463343701062,0.02754063500540036,0.01649936713123812,0.0007431987609947984,0.017242565892232917,Feb
Why do we love? A philosophical inquiry - Skye C. Cleary,2016-02-11,7095580,222215,4555,2016,0.031317383497895875,0.0006419489315883973,0.03195933242948427,0.017067488354217588,0.0007419909655610833,0.017809479319778672,Feb
The science of skin color - Angela Koine Flynn,2016-02-16,3394136,96510,5913,2016,0.028434334982452087,0.0017421222956298746,0.030176457278081964,0.017434751559121168,0.0007732128997619126,0.018207964458883077,Feb
The controversial origins of the Encyclopedia - Addison Anderson,2016-02-18,465223,10106,342,2016,0.02172291567699791,0.0007351313241176812,0.022458047001115596,0.017513897184736983,0.0007800331214558944,0.018293930306192877,Feb
How miscommunication happens (and how to avoid it) - Katherine Hampsten,2016-02-22,3041291,31389,548,2016,0.01032094594039176,0.0001801866378455728,0.010501132578237335,0.01748094676272692,0.0007542382129275406,0.018235184975654458,Feb
The psychology of narcissism - W. Keith Campbell,2016-02-23,14535411,293350,13692,2016,0.020181747870768842,0.0009419754281457882,0.02112372329891463,0.017394984219585033,0.0007565471513507425,0.018151531370935777,Feb
How ancient art influenced modern art - Felipe Galindo,2016-02-25,413016,6764,329,2016,0.016377089507428284,0.0007965793092761539,0.017173668816704436,0.017626505243023217,0.0007725956946300719,0.01839910093765329,Feb
Can you solve the frog riddle? - Derek Abbott,2016-02-29,8423671,76011,16986,2016,0.009023500561690977,0.002016460519410124,0.011039961081101102,0.017336520323264562,0.0008198367913471471,0.01815635711461171,Feb
Why are there so many insects? - Murry Gans,2016-03-01,3746779,38519,2895,2016,0.010280563652139611,0.00077266366657868,0.011053227318718292,0.01709100192157377,0.0007935429208688328,0.0178845448424426,Mar
Can wildlife adapt to climate change? - Erin Eastwood,2016-03-03,937607,11841,596,2016,0.012628958614856758,0.0006356607832492718,0.013264619398106029,0.016933898679950148,0.0007946872690576611,0.017728585949007804,Mar
The origins of ballet - Jennifer Tortorello and Adrienne Westwood,2016-03-07,1144025,23352,492,2016,0.020412141343065054,0.00043006053189397083,0.020842201874959027,0.017105647569075795,0.0007840396570201586,0.017889687226095952,Mar
This is Sparta: Fierce warriors of the ancient world - Craig Zimmer,2016-03-08,3974926,50744,2616,2016,0.01276602382031766,0.0006581254594425154,0.013424149279760177,0.016770944221789506,0.0007694587302081496,0.017540402951997654,Mar
Why is this painting so captivating? - James Earle and Christina Bozsik,2016-03-10,1337604,35216,821,2016,0.026327672465094303,0.0006137840496888466,0.02694145651478315,0.017239933098905334,0.00075651574066692,0.017996448839572254,Mar
Is radiation dangerous? - Matt Anticole,2016-03-14,2611113,51783,1972,2016,0.019831772887653656,0.0007552334962140666,0.020587006383867724,0.0173245368930802,0.0007483760252303169,0.018072912918310518,Mar
5 tips to improve your critical thinking - Samantha Agoos,2016-03-15,10948102,246698,2983,2016,0.022533403506836164,0.0002724673189928263,0.022805870825828987,0.0176478800770881,0.0007377543059804361,0.018385634383068537,Mar
What is metallic glass? - Ashwini Bharathula,2016-03-17,2010746,34013,1055,2016,0.01691561241449691,0.0005246808895802851,0.017440293304077193,0.017645211680030148,0.0007355712261905976,0.018380782906220746,Mar
The poet who painted with his words - Geneviève Emy,2016-03-21,361221,8388,243,2016,0.023221241289958224,0.000672718363550292,0.023893959653508517,0.018266404559010255,0.0007532036546065042,0.019019608213616757,Mar
"The physics of the ""hardest move"" in ballet - Arleen Sugano",2016-03-22,2555107,63612,1722,2016,0.024896021966986117,0.000673944378845974,0.02556996634583209,0.0184538616253415,0.0007482169574016626,0.01920207858274316,Mar
The invisible motion of still objects - Ran Tivony,2016-03-24,332997,8232,257,2016,0.02472094343192281,0.0007717787247332558,0.025492722156656066,0.018616357153837047,0.000757040002802982,0.01937339715664003,Mar
Can you solve the locker riddle? - Lisa Winer,2016-03-28,11844007,122907,5799,2016,0.0103771468557896,0.0004896147055637505,0.01086676156135335,0.018432294239937856,0.000752464111254101,0.019184758351191954,Mar
What would happen if you didn’t drink water? - Mia Nacamulli,2016-03-29,22633705,289808,10607,2016,0.01280426691078637,0.00046863737068235183,0.013272904281468722,0.01816423597625126,0.0007497657856841876,0.01891400176193545,Mar
How do schools of fish swim in harmony? - Nathan S. Jacobs,2016-03-31,696572,12192,567,2016,0.01750285684753335,0.0008139862067381405,0.01831684305427149,0.01827206647579905,0.0007655254623945041,0.019037591938193554,Mar
The power of the placebo effect - Emma Bryce,2016-04-04,4684143,100128,2109,2016,0.02137594859934891,0.0004502424456298623,0.021826191044978772,0.01855115746882425,0.0007603275161199945,0.019311484984944245,Apr
How do glasses help us see? - Andrew Bastawrous and Clare Gilbert,2016-04-05,2299713,33559,2338,2016,0.014592690479203274,0.001016648599194769,0.015609339078398043,0.018442678394937635,0.0007757690059934952,0.01921844740093113,Apr
Why is Mount Everest so tall? - Michele Koppes,2016-04-07,2906420,31924,1572,2016,0.010983959647951775,0.0005408715877264814,0.011524831235678257,0.018274571496010927,0.0007717749133020934,0.01904634640931302,Apr
How to spot a fad diet - Mia Nacamulli,2016-04-11,1084230,14260,867,2016,0.013152190955793513,0.0007996458316039955,0.013951836787397509,0.018207893042608937,0.0007794411866709655,0.0189873342292799,Apr
Does grammar matter? - Andreea S. Calude,2016-04-12,2490133,59317,3175,2016,0.023820815996575283,0.0012750322974716612,0.025095848294046944,0.018645346733806786,0.0007864466660480967,0.019431793399854885,Apr
Why the insect brain is so incredible - Anna Stöckl,2016-04-14,720045,14969,812,2016,0.020788978466623614,0.0011277072960717734,0.021916685762695388,0.0187470070836293,0.0007974489573909604,0.019544456041020262,Apr
Should you trust unanimous decisions? - Derek Abbott,2016-04-18,4475950,89429,1988,2016,0.0199798925367799,0.0004441515209061763,0.020424044057686077,0.01887349713677442,0.0007826923374022594,0.01965618947417668,Apr
The surprising reason you feel awful when you're sick - Marco A. Sotomayor,2016-04-19,4250788,87805,4263,2016,0.02065617010304913,0.0010028728790991224,0.02165904298214825,0.01881687931671393,0.0007748793061280589,0.01959175862284199,Apr
Why is being scared so fun? - Margee Kerr,2016-04-21,1806486,31385,982,2016,0.017373508568569035,0.0005435967951038646,0.0179171053636729,0.018510689979965227,0.0007602843214858508,0.01927097430145108,Apr
The Turing test: Can a computer pass for a human? - Alex Gendler,2016-04-25,1721792,32431,1500,2016,0.01883560848232539,0.0008711853696613761,0.019706793851986766,0.018094630812779545,0.0007679255360882836,0.018862556348867823,Apr
Why do cats act so weird? - Tony Buffington,2016-04-26,12701340,302259,8806,2016,0.02379741035197861,0.0006933126740958041,0.024490723026074416,0.01794006665843043,0.000732965215370481,0.01867303187380091,Apr
What is abstract expressionism? - Sarah Rosenthal,2016-04-28,503155,7535,1145,2016,0.014975504566187358,0.0022756407071379595,0.017251145273325316,0.017715152954736742,0.0007843155281378238,0.01849946848287456,Apr
Can plants talk to each other? - Richard Karban,2016-05-02,415285,8333,479,2016,0.02006573798716544,0.0011534247564925293,0.02121916274365797,0.018039979356295865,0.0008167567987593889,0.018856736155055252,May
The threat of invasive species - Jennifer Klos,2016-05-03,2350612,24987,1667,2016,0.010629997634658548,0.0007091770143264818,0.011339174648985031,0.017721587681758855,0.0008089968516320787,0.018530584533390935,May
Who IS Sherlock Holmes - Neil McCaw,2016-05-05,2563655,65534,2425,2016,0.025562721973120407,0.0009459151094823601,0.02650863708260277,0.018027775430615258,0.0008139747116389524,0.01884175014225421,May
How do we separate the seemingly inseparable? - Iddo Magen,2016-05-09,773402,9911,445,2016,0.012814810409075747,0.0005753799447118057,0.013390190353787551,0.018154152425528085,0.0007659386924823416,0.018920091118010424,May
How computer memory works - Kanawat Senanan,2016-05-10,3551997,87348,1603,2016,0.02459123698584205,0.0004512954262067226,0.025042532412048773,0.01863117486998483,0.0007552264178032765,0.01938640128778811,May
The psychology behind irrational decisions - Sara Garofalo,2016-05-12,2352537,55151,1118,2016,0.023443201956015996,0.00047523163291374377,0.023918433588929738,0.018991649648023474,0.0007498787794587588,0.01974152842748223,May
Why is the US Constitution so hard to amend? - Peter Paccone,2016-05-16,1121740,14767,1232,2016,0.013164369640023535,0.0010982937222529284,0.014262663362276464,0.01875005725792209,0.0007721532191373907,0.01952221047705948,May
The microbial jungles all over the place (and you) - Scott Chimileski and Roberto Kolter,2016-05-17,383461,6178,231,2016,0.016111156023689503,0.0006024080675740166,0.016713564091263518,0.01886156166470115,0.0007702959727417742,0.019631857637442924,May
The origin of countless conspiracy theories - PatrickJMT,2016-05-19,2258574,48753,1785,2016,0.021585743925149233,0.0007903216808481812,0.022376065605997413,0.018703497380036314,0.0007761805604470852,0.0194796779404834,May
Making sense of irrational numbers - Ganesh Pai,2016-05-23,1923156,51424,1375,2016,0.0267393804766748,0.0007149706004089112,0.02745435107708371,0.018933750966337023,0.0007748384639202469,0.019708589430257266,May
The otherworldly creatures in the ocean's deepest depths - Lidia Lins,2016-05-24,2284910,33763,1248,2016,0.014776511985154776,0.0005461921913773409,0.015322704176532117,0.018675187915614306,0.000783962626333064,0.01945915054194737,May
Why do people have seasonal allergies? - Eleanor Nelsen,2016-05-26,544415,10211,626,2016,0.018755912309543273,0.0011498581045709614,0.019905770414114232,0.018736531245449186,0.0008048018668327532,0.01954133311228194,May
Can you solve the control room riddle? - Dennis Shasha,2016-05-31,5804685,49357,3668,2016,0.008502959247573296,0.0006319033677107371,0.009134862615284034,0.018245921844036353,0.0008034413669714346,0.01904936321100779,May
The pleasure of poetic pattern - David Silverstein,2016-06-02,1028263,21175,624,2016,0.02059298058959624,0.0006068486369732257,0.021199829226569468,0.018102487131456693,0.0008012048422423431,0.01890369197369903,Jun
How transistors work - Gokul J. Krishnan,2016-06-06,931392,25353,670,2016,0.027220547309833025,0.0007193533979248265,0.02793990070775785,0.018185807260720367,0.0007994573313487286,0.018985264592069093,Jun
How interpreters juggle two languages at once - Ewandro Magalhaes,2016-06-07,1716852,51816,1469,2016,0.03018081931348771,0.0008556357799041501,0.031036455093391858,0.01884592967597697,0.000811658033826742,0.019657587709803713,Jun
Why do our bodies age? - Monica Menesini,2016-06-09,3031872,56637,2720,2016,0.018680537964663416,0.0008971354991239736,0.01957767346378739,0.019041805377772874,0.0008259413047747961,0.019867746682547666,Jun
The evolution of the book - Julie Dreyfuss,2016-06-13,820043,15049,489,2016,0.018351476690856454,0.0005963101934898535,0.01894778688434631,0.019070092705883643,0.0008186854376665199,0.01988877814355016,Jun
Why wasn’t the Bill of Rights originally in the US Constitution? - James Coll,2016-06-14,982599,7546,539,2016,0.007679633299036535,0.0005485452356454668,0.008228178534682001,0.018613548862539898,0.0008219621973337066,0.019435511059873605,Jun
What does it mean to be a refugee? - Benedetta Berti and Evelien Borgman,2016-06-16,1481962,21182,1914,2016,0.014293213996040385,0.0012915310918903454,0.01558474508793073,0.01860356631310113,0.0008311249470902258,0.01943469126019136,Jun
"What makes something ""Kafkaesque""? - Noah Tavlin",2016-06-20,13280411,347975,5516,2016,0.026202125822762563,0.0004153485912446535,0.026617474414007216,0.01911083851892816,0.0008269408472074982,0.01993777936613566,Jun
How the food you eat affects your brain - Mia Nacamulli,2016-06-21,20236506,439522,5457,2016,0.021719263196917492,0.00026966117569900654,0.021988924372616497,0.019396407593632294,0.0008092746920106653,0.020205682285642956,Jun
Is there a disease that makes us love cats? - Jaap de Roode,2016-06-23,1906593,35428,3330,2016,0.018581836815723125,0.0017465709776549058,0.02032840779337803,0.019221774954270555,0.0008249926480167735,0.020046767602287328,Jun
What is epigenetics? - Carlos Guerrero-Bosagna,2016-06-27,2196747,44474,1051,2016,0.02024539011547529,0.0004784347036777562,0.02072382481915305,0.01920365534256561,0.0008033502282703063,0.020007005570835915,Jun
How playing sports benefits your body ... and your brain - Leah Lagos and Jaspal Ricky Singh,2016-06-28,2554586,28282,975,2016,0.011071069832841798,0.0003816665400969081,0.011452736372938708,0.018906694585767672,0.000801267395576664,0.019707961981344335,Jun
What is obesity? - Mia Nacamulli,2016-06-30,1158541,15483,1371,2016,0.013364222759488011,0.0011833849643646621,0.014547607723852673,0.018663629674315636,0.0008072844650855154,0.019470914139401153,Jun
How North America got its shape - Peter J. Haproff,2016-07-05,802139,13478,770,2016,0.016802574117453457,0.0009599333781302243,0.017762507495583682,0.018644598525945116,0.0008211623511863939,0.01946576087713151,Jul
Can you solve the passcode riddle? - Ganesh Pai,2016-07-07,9896168,118882,8893,2016,0.012012932682630286,0.0008986306618885209,0.012911563344518808,0.01841717599928861,0.0008220771942606322,0.019239253193549244,Jul
Rosalind Franklin: DNA's unsung hero - Cláudio L. Guerra,2016-07-11,1676843,33844,1451,2016,0.020183165627312753,0.0008653165502077415,0.021048482177520495,0.018296701175133084,0.0008278106567976966,0.019124511831930778,Jul
How the bra was invented | Moments of Vision 1 - Jessica Oreck,2016-07-12,725642,7050,462,2016,0.009715534657585971,0.0006366775903269105,0.010352212247912882,0.018121368844846372,0.000773178552903995,0.018894547397750365,Jul
How to turn protest into powerful change - Eric Liu,2016-07-14,389557,8218,631,2016,0.021095757488634525,0.0016197886317021641,0.02271554612033669,0.018155702828228672,0.0007887240154109828,0.01894442684363966,Jul
How did Hitler rise to power? - Alex Gendler and Anthony Hazard,2016-07-18,10867368,198196,15720,2016,0.018237718645397857,0.0014465324078470519,0.01968425105324491,0.01840929352858665,0.0008133025285283353,0.019222596057114984,Jul
Why the metric system matters - Matt Anticole,2016-07-21,6259417,111625,12176,2016,0.017833130465664773,0.0019452290844339019,0.019778359550098674,0.01815164047833813,0.0008466129943600532,0.018998253472698182,Jul
Should we be looking for life elsewhere in the universe? - Aomawa Shields,2016-07-25,628193,12767,1259,2016,0.020323371957344318,0.0020041611415599985,0.02232753309890432,0.018401925863280415,0.000894239034254993,0.019296164897535408,Jul
Why do we hiccup? - John Cameron,2016-07-28,3214582,52860,3315,2016,0.01644381757877074,0.0010312382760806849,0.017475055854851426,0.018130345216378036,0.000913570462584125,0.019043915678962166,Jul
Which sunscreen should you choose? - Mary Poffenroth,2016-08-01,541391,11846,515,2016,0.021880674041496812,0.0009512533455487808,0.022831927387045592,0.01807826095256073,0.000929437853005293,0.019007698805566024,Aug
Real life sunken cities - Peter Campbell,2016-08-04,967482,15645,638,2016,0.01617084348856103,0.0006594437932695388,0.016830287281830565,0.018178476747511982,0.00091480952203918,0.01909328626955116,Aug
How coffee got quicker | Moments of Vision 2 - Jessica Oreck,2016-08-08,456025,6209,234,2016,0.013615481607368017,0.0005131297626226632,0.01412861136999068,0.018095287600301265,0.0009118335785408016,0.019007121178842065,Aug
How a single-celled organism almost wiped out life on Earth - Anusuya Willis,2016-08-11,2723189,71385,3342,2016,0.0262137515978509,0.001227237624711322,0.027440989222562225,0.018249554522724653,0.0009263974433362396,0.019175951966060898,Aug
How to visualize one part per million - Kim Preshoff + The TED-Ed Community,2016-08-15,381976,5270,376,2016,0.013796678325339812,0.0009843550380128595,0.014781033363352672,0.017818131117680155,0.0009353769245897045,0.01875350804226986,Aug
What is the biggest single-celled organism? - Murry Gans,2016-08-18,797538,13303,782,2016,0.01668008295529492,0.0009805175427377755,0.017660600498032697,0.017881583483351494,0.0009498544363017189,0.01883143791965321,Aug
Are spotty fruits and vegetables safe to eat? - Elizabeth Brauer,2016-08-22,795352,15582,635,2016,0.019591325601746146,0.0007983886379867028,0.020389714239732848,0.017909430593091587,0.0009381387874155771,0.018847569380507165,Aug
How do animals see in the dark? - Anna Stöckl,2016-08-25,1267570,21212,697,2016,0.016734381533169765,0.0005498710130406999,0.017284252546210466,0.018183811335944804,0.0009354043755932425,0.019119215711538042,Aug
The paradox of value - Akshita Agarwal,2016-08-29,2435476,60429,1888,2016,0.02481198747185355,0.0007752078033205829,0.025587195275174134,0.018324444898686714,0.000941016347804821,0.019265461246491537,Aug
How smart are orangutans? - Lu Gao,2016-08-30,3734081,81684,3832,2016,0.02187526194530863,0.0010262230519370093,0.02290148499724564,0.018146268719869234,0.0009512453362718939,0.01909751405614113,Aug
How the Königsberg bridge problem changed mathematics - Dan Van der Vieren,2016-09-01,1420745,29967,1045,2016,0.021092455014798575,0.0007355295989076154,0.021827984613706188,0.017843323243246265,0.0009472417969053427,0.018790565040151603,Sep
One of the most difficult words to translate... - Krystian Aparta,2016-09-06,2010848,60492,4077,2016,0.03008283072614141,0.0020275028246789415,0.03211033355082035,0.018223399668628862,0.000984920707757175,0.019208320376386038,Sep
Is graffiti art? Or vandalism? - Kelly Wall,2016-09-08,1054642,12806,792,2016,0.012142509022018846,0.0007509657305512202,0.012893474752570067,0.01801643407966761,0.0009900758923258872,0.019006509971993497,Sep
How the Band-Aid was invented | Moments of Vision 3 - Jessica Oreck,2016-09-12,646466,8715,327,2016,0.013480987399182633,0.0005058270659245807,0.013986814465107213,0.01820981254967248,0.000988651953335191,0.01919846450300767,Sep
What is a vector? - David Huynh,2016-09-13,2048777,58686,1394,2016,0.02864440590654815,0.0006804059202148403,0.02932481182676299,0.018688185613356074,0.0009682811142793409,0.019656466727635415,Sep
Aphasia: The disorder that makes you lose your words - Susan Wortman-Jutt,2016-09-15,1477233,31409,1402,2016,0.021262048708632963,0.0009490716765737023,0.022211120385206666,0.018523516376218418,0.0009860718837903092,0.019509588260008724,Sep
How do contraceptives work? - NWHunter,2016-09-19,1842676,19226,866,2016,0.010433738758197317,0.0004699686759907873,0.010903707434188104,0.01814733222826108,0.0009927488004667017,0.01914008102872778,Sep
How to use rhetoric to get what you want - Camille A. Langston,2016-09-20,3400437,56957,1208,2016,0.016749905967968236,0.0003552484577717511,0.017105154425739986,0.018086267866669246,0.0009463713831372633,0.019032639249806513,Sep
Why are there so many types of apples? - Theresa Doud,2016-09-22,1083910,12051,770,2016,0.011118081759555682,0.0007103910841306012,0.011828472843686284,0.01778202425480526,0.0009541032624856914,0.018736127517290955,Sep
The history of the Cuban Missile Crisis - Matthew A. Jordan,2016-09-26,5760046,94983,3646,2016,0.016489972475914254,0.0006329810560540662,0.01712295353196832,0.017962654342907676,0.0009624804130175967,0.018925134755925273,Sep
The history of African-American social dance - Camille A. Brown,2016-09-27,808073,12063,762,2016,0.014928106742831402,0.0009429841115839782,0.01587109085441538,0.018014783809019122,0.0009544670512582406,0.018969250860277363,Sep
Could human civilization spread across the whole galaxy? - Roey Tzezana,2016-09-29,670610,14907,999,2016,0.02222901537406242,0.0014896884925664692,0.02371870386662889,0.018195665184239422,0.0009721255550727821,0.019167790739312206,Sep
Can you solve the prisoner boxes riddle? - Yossi Elran,2016-10-03,11056543,88250,6256,2016,0.007981699162206488,0.0005658188097310343,0.008547517971937521,0.018061290733558628,0.0009610318266675325,0.019022322560226165,Oct
Could we survive prolonged space travel? - Lisa Nip,2016-10-04,434932,7298,539,2016,0.01677963451757976,0.0012392741853899,0.01801890870296966,0.017947839696567533,0.0009734970811736045,0.018921336777741136,Oct
How does the Nobel Peace Prize work? - Adeline Cuvelier and Toril Rokseth,2016-10-06,2569412,55805,2689,2016,0.021718976948811634,0.0010465429444557744,0.02276551989326741,0.018347954439608388,0.0009871592596445667,0.01933511369925295,Oct
Is it bad to hold your pee? - Heba Shaheed,2016-10-10,9318343,144989,7242,2016,0.015559525980101827,0.0007771768006393411,0.016336702780741168,0.018163413389323962,0.0009590721986091392,0.0191224855879331,Oct
How the rubber glove was invented | Moments of Vision 4 - Jessica Oreck,2016-10-11,386819,5108,213,2016,0.013205142456807964,0.0005506451337705749,0.01375578759057854,0.017995660849704297,0.0009292092894732565,0.018924870139177555,Oct
What happens to our bodies after we die? - Farnaz Khatibi Jafari,2016-10-13,8450143,72995,5686,2016,0.008638315351586358,0.0006728880209482845,0.009311203372534643,0.01768916701256835,0.0008867979206904026,0.018575964933258755,Oct
What causes cavities? - Mel Rosenberg,2016-10-17,6778449,48040,2629,2016,0.00708716699056082,0.00038784683634855114,0.007475013826909371,0.017247960180342237,0.0008329207771833545,0.018080880957525587,Oct
"Why is Vermeer's ""Girl with the Pearl Earring"" considered a masterpiece? - James Earle",2016-10-18,5410028,133645,3249,2016,0.024703199318007227,0.0006005514204362714,0.025303750738443497,0.017523272904983452,0.000818564548661874,0.018341837453645322,Oct
How much of human history is on the bottom of the ocean? - Peter Campbell,2016-10-20,1637743,21672,709,2016,0.013232845446446725,0.000432912856290639,0.013665758302737365,0.017235011951815114,0.0008012865323532692,0.018036298484168385,Oct
"Why should you listen to Vivaldi's ""Four Seasons""? - Betsy Schwarm",2016-10-24,4634559,163172,2369,2016,0.03520766485009685,0.0005111597457276949,0.035718824595824546,0.01786957266386631,0.0007963437307685411,0.01866591639463485,Oct
Plato’s best (and worst) ideas - Wisecrack,2016-10-25,4887051,90247,2666,2016,0.018466555802261937,0.000545523261369689,0.019012079063631625,0.01803127513702944,0.0007974235140601086,0.01882869865108955,Oct
What caused the French Revolution? - Tom Mullaney,2016-10-27,4608098,70879,1904,2016,0.015381400308760795,0.00041318565707586946,0.015794585965836664,0.017670196760726436,0.0007702884484722602,0.018440485209198696,Oct
The Egyptian Book of the Dead: A guidebook for the underworld - Tejal Gala,2016-10-31,7546463,91709,3128,2016,0.012152580619556473,0.0004144988188506324,0.012567079438407106,0.01761539350386699,0.0007512932411668526,0.018366686745033844,Oct
Can you solve the river crossing riddle? - Lisa Winer,2016-11-01,7500785,71857,4546,2016,0.009579930633926982,0.0006060698980173408,0.010186000531944323,0.017378721759821397,0.0007388116530095049,0.0181175334128309,Nov
How the sandwich was invented | Moments of Vision 5 - Jessica Oreck,2016-11-03,826347,10566,526,2016,0.012786396029755055,0.0006365364671257958,0.013422932496880851,0.01715189077408836,0.0007334165806474746,0.017885307354735834,Nov
Why are sharks so awesome? - Tierney Thys,2016-11-07,1518021,18702,603,2016,0.012319987668154788,0.00039722770633607833,0.012717215374490866,0.017004744311921192,0.0007283284704239872,0.01773307278234518,Nov
Are food preservatives bad for you? - Eleanor Nelsen,2016-11-08,1373184,23042,803,2016,0.016779979958985832,0.0005847723247576435,0.017364752283743474,0.016737010728158933,0.000721980621138556,0.017458991349297494,Nov
Why do whales sing? - Stephanie Sardelis,2016-11-10,1446206,29019,903,2016,0.020065606144629464,0.0006243923756366659,0.02068999852026613,0.016676688868136294,0.0007085862652618778,0.017385275133398173,Nov
Do we really need pesticides? - Fernan Pérez-Gálvez,2016-11-14,615578,7572,427,2016,0.01230063452560033,0.0006936570182820049,0.012994291543882335,0.01638362818516302,0.0007071905125743574,0.017090818697737375,Nov
How to recognize a dystopia - Alex Gendler,2016-11-15,5428929,143119,6779,2016,0.02636228987338018,0.0012486809092548457,0.02761097078263503,0.016259610156737648,0.0006812297820602209,0.01694083993879787,Nov
How do US Supreme Court justices get appointed? - Peter Paccone,2016-11-17,951167,11351,934,2016,0.011933761368928906,0.000981951644663871,0.012915713013592777,0.01625265190163465,0.0006889293125306427,0.01694158121416529,Nov
Why do we feel nostalgia? - Clay Routledge,2016-11-21,1911085,49655,3938,2016,0.0259826224369926,0.002060609549025815,0.028043231986018415,0.016669373069561646,0.0007407553953006837,0.017410128464862333,Nov
The secrets of Mozart’s “Magic Flute” - Joshua Borths,2016-11-22,1533246,36124,870,2016,0.023560472357338613,0.0005674236228237347,0.024127895980162347,0.01649990861792133,0.0007369893187209802,0.01723689793664231,Nov
What's the fastest way to alphabetize your bookshelf? - Chand John,2016-11-28,3906913,81828,3900,2016,0.020944413146645448,0.000998230572321421,0.021942643718966866,0.01648932076585508,0.0007386279485792376,0.017227948714434317,Nov
Can machines read your emotions? - Kostas Karpouzis,2016-11-29,337837,5972,418,2016,0.017677163839366322,0.0012372830684620098,0.01891444690782833,0.016730768268560715,0.000764205094994945,0.01749497336355566,Nov
Can you solve the airplane riddle? - Judd A. Schorr,2016-12-01,7105277,62898,4890,2016,0.00885229386553121,0.0006882208814659865,0.009540514746997197,0.01646751453181281,0.0007753041757847527,0.017242818707597564,Dec
Is there a reproducibility crisis in science? - Matt Anticole,2016-12-05,449589,9734,517,2016,0.02165088558661355,0.0011499391666611061,0.02280082475327466,0.01681860799271474,0.0007899557785357696,0.017608563771250512,Dec
How smudge-proof lipstick was invented | Moments of Vision 6 - Jessica Oreck,2016-12-06,310741,4274,185,2016,0.013754219752140851,0.0005953511123411459,0.014349570864481995,0.01672741623525563,0.0007887014470786723,0.017516117682334298,Dec
How does your body know what time it is? - Marco A. Sotomayor,2016-12-08,974542,20299,506,2016,0.02082927159629857,0.000519218258422931,0.0213484898547215,0.0169241217303712,0.0007745759186399707,0.01769869764901117,Dec
The science of imagination - Andrey Vyshedskiy,2016-12-12,870620,24921,793,2016,0.02862442856814684,0.0009108451448393099,0.029535273712986147,0.017137302170174014,0.0007552811403823987,0.017892583310556414,Dec
Why doesn’t anything stick to Teflon? - Ashwini Bharathula,2016-12-13,3106002,46995,1477,2016,0.015130383045471317,0.0004755309236761599,0.015605913969147477,0.017375591632949508,0.0007522715441805695,0.018127863177130076,Dec
How high can you count on your fingers? (Spoiler: much higher than 10) - James Tanton,2016-12-15,3486893,58914,5431,2016,0.01689584395047396,0.0015575470770109665,0.018453391027484927,0.017379465280712648,0.0007628806405679384,0.018142345921280587,Dec
Is there a limit to technological progress? - Clément Vidal,2016-12-19,768464,18351,969,2016,0.023880103687355558,0.0012609569218597098,0.025141060609215265,0.01745150283866411,0.0007700277731480696,0.01822153061181218,Dec
Why do airlines sell too many tickets? - Nina Klietsch,2016-12-20,2539307,36622,2325,2016,0.014422045069776911,0.0009156041392395642,0.015337649209016476,0.017413586808319947,0.0007746420177680771,0.01818822882608802,Dec
Why do we kiss under mistletoe? - Carlos Reif,2016-12-22,968983,15861,591,2016,0.016368708222951278,0.0006099178210556841,0.016978626044006965,0.017519039000524726,0.0007766177740109141,0.01829565677453564,Dec
Why are we so attached to our things? - Christian Jarrett,2016-12-27,2686222,64202,1671,2016,0.023900481791899554,0.0006220632546379265,0.02452254504653748,0.018027777881868497,0.0007749236151339022,0.018802701497002403,Dec
How the stethoscope was invented | Moments of Vision 7 - Jessica Oreck,2016-12-29,407699,6200,217,2016,0.015207297540587542,0.000532255413920564,0.015739552954508105,0.018298448900202723,0.0007797372343863026,0.01907818613458902,Dec
Can you solve the counterfeit coin riddle? - Jennifer Lu,2017-01-03,8994395,88289,10342,2017,0.00981600207684897,0.0011498271979382716,0.010965829274787243,0.017802208992164115,0.0007980464269697025,0.018600255419133814,Jan
What does this symbol actually mean? - Adrian Treharne,2017-01-05,2003727,27404,2009,2017,0.013676513816502946,0.0010026315960208153,0.014679145412523763,0.017816997937832653,0.0008170370516273751,0.018634034989460032,Jan
How to master your sense of smell - Alexandra Horowitz,2017-01-09,600903,12664,454,2017,0.021074948868619395,0.0007555295946267534,0.021830478463246147,0.017345907405116743,0.0008251827132573439,0.018171090118374086,Jan
What’s so great about the Great Lakes? - Cheri Dobbs and Jennifer Gabrys,2017-01-10,1734002,21443,1676,2017,0.012366191042455545,0.0009665502115914514,0.013332741254046996,0.017142561913123192,0.0008392169449314025,0.017981778858054593,Jan
Would you sacrifice one person to save five? - Eleanor Nelsen,2017-01-12,5337570,114843,11655,2017,0.021515970750734886,0.00218357792028957,0.023699548671024456,0.017347047594522328,0.0008982300203718591,0.01824527761489419,Jan
How do animals experience pain? - Robyn J. Crook,2017-01-17,3676910,68322,4847,2017,0.018581363155475657,0.0013182264455752248,0.01989958960105088,0.017561340345719635,0.0009283542745960123,0.018489694620315647,Jan
A brief history of numerical systems - Alessandra King,2017-01-19,1091036,15861,1103,2017,0.014537558797326577,0.0010109657243207375,0.015548524521647315,0.017726594617832953,0.0009418508021394587,0.018668445419972417,Jan
The mathematics of sidewalk illusions - Fumiko Futamura,2017-01-23,826680,14235,248,2017,0.017219480330962402,0.000299995161368365,0.01751947549233077,0.017874364094539866,0.0009306327586142111,0.018804996853154076,Jan
Mary's Room: A philosophical thought experiment - Eleanor Nelsen,2017-01-24,4425901,136483,5260,2017,0.030837336849604182,0.0011884585760052022,0.032025795425609384,0.018491609067254847,0.0009570071209365153,0.019448616188191364,Jan
The myth behind the Chinese zodiac - Megan Campisi and Pen-Pen Chen,2017-01-26,8949501,138141,6794,2017,0.015435609203239376,0.0007591484709594423,0.01619475767419882,0.018446796708729965,0.0009628196591432419,0.019409616367873205,Jan
"Everything you need to know to read Homer's ""Odyssey"" - Jill Dash",2017-01-30,2265426,36256,1130,2017,0.016004053983665764,0.0004988024327433339,0.016502856416409098,0.018311411636697843,0.0009586333277134642,0.019270044964411308,Jan
The science of milk - Jonathan J. O'Sullivan,2017-01-31,3032564,45367,2040,2017,0.014959948083535912,0.0006726980865036979,0.01563264617003961,0.01840005542196236,0.0009579346966541873,0.01935799011861655,Jan
History vs. Cleopatra - Alex Gendler,2017-02-02,7058205,127806,3846,2017,0.018107436664137694,0.0005448977466650515,0.018652334410802746,0.018124893648320945,0.000934475257901194,0.019059368906222136,Feb
How super glue was invented | Moments of Vision 8 - Jessica Oreck,2017-02-06,397726,6676,213,2017,0.016785425141931883,0.000535544570885484,0.017320969712817366,0.01828661577408771,0.0009195950221085812,0.01920621079619629,Feb
Would winning the lottery make you happier? - Raj Raghunathan,2017-02-07,1175873,18753,1718,2017,0.015948150863230977,0.0014610421363531606,0.017409192999584138,0.017952133388295658,0.0008996094416861593,0.018851742829981817,Feb
What is bipolar disorder? - Helen M. Farrell,2017-02-09,13926315,280535,7827,2017,0.02014423772548589,0.0005620295103191332,0.020706267235805022,0.01783825890056723,0.000899429637936006,0.018737688538503237,Feb
How small are we in the scale of the universe? - Alex Hofeldt,2017-02-13,1124131,24520,1303,2017,0.02181240442617453,0.0011591175761543806,0.02297152200232891,0.0178671919432182,0.0009047925380637713,0.018771984481281975,Feb
What happens during a heart attack? - Krishna Sudhir,2017-02-14,8626097,151993,6709,2017,0.01762013573462019,0.0007777561508988364,0.018397891885519026,0.017865291006393332,0.0008894749741449988,0.018754765980538327,Feb
The exceptional life of Benjamin Banneker - Rose-Margaret Ekeng-Itua,2017-02-16,714917,14061,550,2017,0.019668017406216386,0.0007693200749177877,0.020437337481134174,0.01822581512441617,0.0008921782805933923,0.019117993405009564,Feb
Can you solve the three gods riddle? - Alex Gendler,2017-02-21,13300040,180842,15840,2017,0.013597101963603118,0.0011909738617327467,0.014788075825335863,0.01795735567031582,0.0008935461037624469,0.018850901774078267,Feb
"Everything you need to know to read ""Frankenstein"" - Iseult Gillespie",2017-02-23,1802502,38001,947,2017,0.021082362183231975,0.0005253808317549717,0.021607743014986944,0.018201627084685527,0.0008912137610762411,0.01909284084576177,Feb
How to practice effectively...for just about anything - Annie Bosler and Don Greene,2017-02-27,14204881,532207,4866,2017,0.037466487751639736,0.0003425583079506263,0.03780904605959036,0.018756200956530234,0.0008853250960604976,0.01964152605259073,Feb
Are ghost ships real? - Peter B. Campbell,2017-02-28,3008316,54504,1328,2017,0.018117777520712586,0.00044144298670751344,0.018559220507420097,0.01840597925494909,0.0008696783574561045,0.019275657612405194,Feb
TED-Ed Clubs: Celebrating and amplifying student voices around the world,2017-03-01,51887,1989,108,2017,0.0383333012122497,0.002081446219669667,0.04041474743191936,0.01917940986050837,0.0009232088673225546,0.020102618727830923,Mar
What happened to trial by jury? - Suja A. Thomas,2017-03-02,828897,14138,890,2017,0.0170564014588061,0.0010737160346822342,0.018130117493488335,0.019184761777452774,0.000907081165911597,0.020091842943364368,Mar
"Does ""The Wonderful Wizard of Oz"" have a hidden message? - David B. Parker",2017-03-06,1650132,37959,1178,2017,0.02300361425631404,0.0007138822833567254,0.023717496539670764,0.019155545463084723,0.0008888453446281641,0.02004439080771289,Mar
How Braille was invented | Moments of Vision 9 - Jessica Oreck,2017-03-07,485794,9371,251,2017,0.019290069453307367,0.0005166799095913082,0.01980674936289868,0.019317812942535737,0.0008755478703065555,0.020193360812842294,Mar
Where do superstitions come from? - Stuart Vyse,2017-03-09,5068270,101099,3647,2017,0.019947437685837573,0.0007195749239878697,0.020667012609825442,0.019437103924631948,0.0008792031070709617,0.02031630703170291,Mar
The myth of Icarus and Daedalus - Amy Adkins,2017-03-13,8899670,137702,4810,2017,0.015472708538631207,0.0005404694780817716,0.016013178016712978,0.019156178149523004,0.0008764833145190899,0.020032661464042093,Mar
What is McCarthyism? And how did it happen? - Ellen Schrecker,2017-03-14,4039118,68149,6985,2017,0.016872247852130092,0.0017293379396194912,0.018601585791749586,0.019211676493241087,0.0009163860653757207,0.02012806255861681,Mar
The history of chocolate - Deanna Pucciarelli,2017-03-16,10459702,167713,5497,2017,0.016034204416148758,0.0005255407850051559,0.016559745201153914,0.01941894990455108,0.0008955765182779503,0.02031452642282903,Mar
What makes a poem … a poem? - Melissa Kovacs,2017-03-20,4049572,82045,3009,2017,0.0202601657656661,0.0007430414868534255,0.021003207252519526,0.01963840496952319,0.0008869235146390373,0.020525328484162223,Mar
"Meet the tardigrade, the toughest animal on Earth - Thomas Boothby",2017-03-21,4891544,84143,4120,2017,0.017201726080763046,0.0008422698436321947,0.01804399592439524,0.019509297543261306,0.0008898148562725519,0.020399112399533858,Mar
How the food you eat affects your gut - Shilpa Ravella,2017-03-23,6609656,128969,2151,2017,0.019512210620340906,0.00032543297260855935,0.019837643592949466,0.019747498195857485,0.000868444281639789,0.020615942477497276,Mar
Why do people get so anxious about math? - Orly Rubinsten,2017-03-27,2986935,116023,6691,2017,0.03884349676173067,0.00224008892058247,0.04108358568231314,0.020325082396224013,0.0008703279816495522,0.021195410377873567,Mar
Jellyfish predate dinosaurs. How have they survived so long? - David Gruber,2017-03-28,3406917,67034,1765,2017,0.019675853564967975,0.0005180636921885681,0.020193917257156545,0.020361565409873758,0.000843655889869997,0.02120522129974375,Mar
How Magellan circumnavigated the globe - Ewandro Magalhaes,2017-03-30,1765561,27264,3061,2017,0.015442117264710764,0.0017337265605663016,0.017175843825277065,0.020391717358786567,0.0008677479177448493,0.02125946527653141,Mar
Can you solve the virus riddle? - Lisa Winer,2017-04-03,13386148,132593,9480,2017,0.009905239356385421,0.0007081947696977503,0.010613434126083171,0.020147909326300666,0.0008813545713558286,0.021029263897656494,Apr
Why do animals have such different lifespans? - Joao Pedro de Magalhaes,2017-04-04,5610914,94036,2608,2017,0.016759479828063664,0.000464808407329002,0.017224288235392664,0.019678647425582643,0.000857232899066622,0.020535880324649265,Apr
How blue jeans were invented | Moments of Vision 10 - Jessica Oreck,2017-04-06,482099,7216,306,2017,0.014967880041236344,0.0006347244030790357,0.015602604444315379,0.01966305645351588,0.000853085430137275,0.020516141883653152,Apr
How do focus groups work? - Hector Lanz,2017-04-10,897943,11131,232,2017,0.012396109775342088,0.0002583682928649146,0.012654478068207003,0.019542791646571755,0.0008450709588079944,0.02038786260537975,Apr
Why do we itch? - Emma Bryce,2017-04-11,7225433,106810,8764,2017,0.01478250507616637,0.0012129376883018637,0.015995442764468234,0.019536876879659437,0.0008630789455346,0.02039995582519404,Apr
Oxygen’s surprisingly complex journey through your body - Enda Butler,2017-04-13,3257974,54891,1753,2017,0.016848200752983294,0.0005380644535530364,0.01738626520653633,0.019494902349287625,0.0008628511690975328,0.020357753518385157,Apr
The three different ways mammals give birth - Kate Slabosky,2017-04-17,7080085,114434,3130,2017,0.016162800305363566,0.0004420850879615146,0.01660488539332508,0.01947414818806868,0.0008597358530000672,0.02033388404106875,Apr
Secrets of the X chromosome - Robin Ball,2017-04-18,1202742,23535,1043,2017,0.01956778760532184,0.0008671851486021109,0.02043497275392395,0.019594802746138375,0.0008399406200750322,0.02043474336621341,Apr
How did Dracula become the world's most famous vampire? - Stanley Stepanic,2017-04-20,3946862,71873,2538,2017,0.018210162909166827,0.0006430424980655518,0.018853205407232378,0.01953033358559441,0.0008426410529999129,0.02037297463859432,Apr
The evolution of animal genitalia - Menno Schilthuizen,2017-04-24,2982499,67007,3483,2017,0.022466730081049484,0.0011678126296102698,0.02363454271065975,0.019552144440756907,0.0008429308881151092,0.020395075328872015,Apr
Why are sloths so slow? - Kenny Coogan,2017-04-25,5991221,106842,3398,2017,0.01783309278692941,0.0005671631876039959,0.018400255974533406,0.019559243009167213,0.0008359111226719477,0.020395154131839163,Apr
"Why should you read Tolstoy's ""War and Peace""? - Brendan Pelsue",2017-04-27,5416398,147253,4070,2017,0.02718651768204626,0.0007514218859101565,0.027937939567956416,0.019809859685028207,0.0008353145163716934,0.020645174201399902,Apr
Can you solve the pirate riddle? - Alex Gendler,2017-05-01,11485213,136833,7021,2017,0.011913840866512445,0.000611307774614193,0.012525148641126638,0.019753750981791853,0.0008159923134677416,0.0205697432952596,May
How the popsicle was invented | Moments of Vision 11 - Jessica Oreck,2017-05-02,461968,7126,247,2017,0.015425310844041145,0.000534669067987393,0.01595997991202854,0.019565182603818825,0.0008163019213421556,0.02038148452516098,May
Check your intuition: The birthday problem - David Knuffke,2017-05-04,2830375,54225,2483,2017,0.01915823874928234,0.0008772689131298856,0.020035507662412223,0.018954907637073578,0.0008341256081814644,0.019789033245255043,May
How do nuclear power plants work? - M. V. Ramana and Sajan Saini,2017-05-08,3207848,42245,1712,2017,0.013169264877886982,0.0005336911225220148,0.013702956000408996,0.018789957215646063,0.0008372005460419476,0.019627157761688007,May
What is entropy? - Jeff Phillips,2017-05-09,4632413,107769,3918,2017,0.023264117426490254,0.000845779510591996,0.02410989693708225,0.018287651089454078,0.0007960116557393587,0.01908366274519344,May
How does asthma work? - Christopher E. Gaw,2017-05-11,8159814,150462,14233,2017,0.01843939089788076,0.0017442799554009442,0.020183670853281703,0.018333750737423233,0.0008183637864299823,0.019152114523853216,May
How does your body process medicine? - Céline Valéry,2017-05-15,4633662,106786,1484,2017,0.0230457033767245,0.0003202650517020879,0.023365968428426587,0.018335153708103583,0.0008052432120414944,0.019140396920145075,May
The history of tea - Shunan Teng,2017-05-16,7000877,138716,5384,2017,0.019814089006277357,0.0007690465066019586,0.020583135512879314,0.018352621026535915,0.0008136554319418495,0.019166276458477762,May
A brief history of goths - Dan Adams,2017-05-18,3893137,118428,2910,2017,0.030419684691291367,0.000747469200287583,0.03116715389157895,0.01870169592671771,0.0008145852411518399,0.019516281167869545,May
History’s deadliest colors - J. V. Maranto,2017-05-22,8299717,142705,6791,2017,0.017193959745856396,0.0008182206694517416,0.018012180415308138,0.018759070966958547,0.0008238436141975056,0.019582914581156054,May
How does money laundering work? - Delena D. Spann,2017-05-23,6362762,120062,3454,2017,0.01886947838061521,0.0005428460156139739,0.019412324396229183,0.01882564531790805,0.0007842938833973217,0.019609939201305375,May
The world’s most mysterious book - Stephen Bax,2017-05-25,9791199,249030,8575,2017,0.025434065838106243,0.0008757865099054774,0.02630985234801172,0.0191389740319733,0.000795968740893999,0.0199349427728673,May
"Who were the Vestal Virgins, and what was their job? - Peta Greenfield",2017-05-30,9939573,175436,4908,2017,0.01765025519707939,0.0004937837872914661,0.018144038984370857,0.01905197701302041,0.0007876601509086004,0.01983963716392901,May
How the bendy straw was invented | Moments of Vision 12 - Jessica Oreck,2017-06-01,424948,7665,305,2017,0.018037501058953097,0.000717734875796568,0.018755235934749665,0.01907983617896008,0.0007835089853140795,0.01986334516427416,Jun
Why don't perpetual motion machines ever work? - Netta Schramm,2017-06-05,16856305,328722,22767,2017,0.01950142691414281,0.0013506518777395165,0.020852078791882327,0.01907947672208681,0.0008176829488184447,0.019897159670905256,Jun
The ferocious predatory dinosaurs of Cretaceous Sahara - Nizar Ibrahim,2017-06-06,1966198,24440,985,2017,0.012430080795525171,0.0005009668405725161,0.012931047636097688,0.01819902952321329,0.000759712212818113,0.018958741736031404,Jun
The genius of Marie Curie - Shohini Ghose,2017-06-08,3943668,121395,2619,2017,0.030782256518550752,0.0006641025563003782,0.031446359074851125,0.018569242954999385,0.0007645801749551732,0.01933382312995456,Jun
Why do people join cults? - Janja Lalich,2017-06-12,5627526,137027,11716,2017,0.024349421042212865,0.0020819095282722817,0.026431330570485148,0.01886615308091612,0.0007761862738787058,0.019642339354794824,Jun
The power of creative constraints - Brandon Rodriguez,2017-06-13,584351,14413,337,2017,0.024664970197706516,0.0005767081771058832,0.0252416783748124,0.019358144108960158,0.0007718033874589771,0.02012994749641913,Jun
What can you learn from ancient skeletons? - Farnaz Khatibi,2017-06-15,419889,7335,316,2017,0.017468902495659567,0.000752579848483766,0.018221482344143333,0.019381791531213353,0.0007813957688308025,0.02016318730004416,Jun
The philosophy of Stoicism - Massimo Pigliucci,2017-06-19,10466982,380634,4638,2017,0.03636521014366892,0.0004431076694313604,0.03680831781310028,0.02009503586796111,0.0007750085443758801,0.020870044412336988,Jun
How to squeeze electricity out of crystals - Ashwini Bharathula,2017-06-20,681066,21006,745,2017,0.030842825805428548,0.0010938734278322512,0.0319366992332608,0.02070992640229732,0.0008028587155414579,0.02151278511783878,Jun
Who built Great Zimbabwe? And why? - Breeanna Elliott,2017-06-22,1187104,23583,2586,2017,0.019865993206997872,0.002178410653152546,0.022044403860150417,0.02087937600665837,0.0008350411477031473,0.02171441715436152,Jun
Can you solve the fish riddle? -  Steve Wyborney,2017-06-26,6356426,69289,5637,2017,0.01090062245670759,0.0008868191024327193,0.01178744155914031,0.020681123396782516,0.0008466663026658034,0.02152778969944832,Jun
How do drugs affect the brain? - Sara Garofalo,2017-06-29,1643187,23830,897,2017,0.014502305580557782,0.0005458903947024897,0.015048195975260272,0.020625773572622328,0.0008501264795571692,0.02147590005217949,Jun
What causes kidney stones? - Arash Shadman,2017-07-03,6356000,107421,6046,2017,0.016900723725613593,0.0009512271869100063,0.0178519509125236,0.02053687144329872,0.000852927880834099,0.021389799324132815,Jul
How to spot a misleading graph - Lea Gaslowitz,2017-07-06,3277369,91751,2764,2017,0.027995321857258063,0.0008433594142130471,0.02883868127147111,0.02086304340823509,0.0008596051113723489,0.021722648519607438,Jul
How does fracking work? - Mia Nacamulli,2017-07-13,2914194,39254,2112,2017,0.013469933710658933,0.0007247286899911262,0.01419466240065006,0.020563150195888735,0.0008448356467183774,0.021407985842607113,Jul
How does caffeine keep us awake? - Hanan Qasim,2017-07-17,5530460,117170,2606,2017,0.021186302766858452,0.00047120854323148527,0.021657511310089937,0.020674923861886373,0.000841637158572627,0.021516561020459,Jul
Can you find the next number in this sequence? - Alex Gendler,2017-07-20,563892,11316,915,2017,0.02006767253303824,0.0016226511459641207,0.021690323679002362,0.020437629023586104,0.0008706781339077593,0.021308307157493864,Jul
The left brain vs. right brain myth - Elizabeth Waters,2017-07-24,1085743,21556,762,2017,0.019853685448582216,0.0007018235438773264,0.020555508992459542,0.020702290509655098,0.0008736953262165303,0.021575985835871624,Jul
What happens when you have a concussion? - Clifford Robbins,2017-07-27,2363074,41765,1973,2017,0.017674012747802226,0.0008349294182069626,0.01850894216600919,0.02077724723978047,0.0008837040045571828,0.02166095124433765,Jul
Will we ever be able to teleport? - Sajan Saini,2017-07-31,3167694,70089,3884,2017,0.022126190219131016,0.0012261285338798509,0.023352318753010866,0.02087617895544209,0.0008953326585821815,0.021771511614024273,Jul
The myth of Cupid and Psyche - Brendan Pelsue,2017-08-03,10174437,204341,5309,2017,0.020083764831410326,0.0005217979137322292,0.020605562745142556,0.0211066622872262,0.0008949362182891887,0.022001598505515387,Aug
When is water safe to drink? - Mia Nacamulli,2017-08-07,1367713,22921,950,2017,0.016758632841831583,0.000694590166211771,0.017453223008043355,0.020889812801070908,0.0008898965734765145,0.021779709374547426,Aug
Will the ocean ever run out of fish? - Ayana Elizabeth Johnson and Jennifer Jacquet,2017-08-10,1553507,24745,1656,2017,0.015928476666020815,0.0010659752418238219,0.016994451907844637,0.020806115660008912,0.0008672864163572771,0.021673402076366192,Aug
TED-Ed is on Patreon! We need your help to revolutionize education...,2017-08-15,1157421,7829,376,2017,0.006764176561510462,0.0003248601848419892,0.007089036746352451,0.02026339809950178,0.0008674395874619405,0.021130837686963718,Aug
The rise and fall of the Berlin Wall - Konrad H. Jarausch,2017-08-16,9374617,170215,6839,2017,0.01815700844098484,0.0007295231367852148,0.018886531577770056,0.020208162080658693,0.0008661221418013823,0.02107428422246008,Aug
Could we create dark matter? - Rolf Landua,2017-08-17,1417482,52908,1415,2017,0.037325341697460705,0.000998249007747541,0.03832359070520825,0.02043835064753101,0.0008744814687167143,0.021312832116247724,Aug
Cell membranes are way more complicated than you think - Nazzy Pakpour,2017-08-21,951875,15739,437,2017,0.01653473407747866,0.00045909389363099146,0.01699382797110965,0.02041637645858508,0.0008625105761893558,0.021278887034774437,Aug
How does impeachment work? - Alex Gendler,2017-08-24,2142836,49310,3837,2017,0.02301156038072909,0.001790617667427652,0.02480217804815674,0.02055444585858888,0.0009041029645831452,0.02145854882317202,Aug
The amazing ways plants defend themselves - Valentin Hammoudi,2017-08-28,4238543,74796,2590,2017,0.01764662998582296,0.0006110590360885804,0.01825768902191154,0.02029486466351277,0.0008952787154559153,0.021190143378968684,Aug
The science of smog - Kim Preshoff,2017-08-31,1093624,22697,1308,2017,0.020753933710306285,0.0011960234961924756,0.02194995720649876,0.020398320613953667,0.0009186867057526157,0.02131700731970628,Aug
The life cycle of a t-shirt - Angel Chang,2017-09-05,3195762,54232,2223,2017,0.016969974610124283,0.0006956087468340884,0.01766558335695837,0.020362736398992706,0.000917949168120533,0.021280685567113235,Sep
Where do new words come from? - Marcel Danesi,2017-09-07,1383937,28591,1090,2017,0.020659177404751806,0.0007876081064383711,0.021446785511190176,0.020401328082013007,0.0008991810424104947,0.021300509124423498,Sep
How many ways are there to prove the Pythagorean theorem? - Betty Fei,2017-09-11,3781026,95711,2307,2017,0.025313499563346033,0.000610151847673092,0.025923651411019124,0.020830775374273698,0.0009028205426471806,0.02173359591692088,Sep
Is it possible to create a perfect vacuum? - Rolf Landua and Anais Rassat,2017-09-12,1098075,27595,944,2017,0.025130341734398834,0.0008596862691528357,0.02599002800355167,0.02064237821480197,0.0009093399997422626,0.02155171821454423,Sep
What are gravitational waves? - Amber L. Stuver,2017-09-14,948790,32951,731,2017,0.03472949757058991,0.0007704550005796857,0.03549995257116959,0.020988380765747872,0.000865624848819176,0.02185400561456705,Sep
How do executive orders work? - Christina Greer,2017-09-18,1502379,25997,1001,2017,0.01730388936480076,0.000666276618616208,0.017970165983416966,0.02074301140465101,0.0008686104635361869,0.0216116218681872,Sep
Should we get rid of standardized testing? - Arlo Kempf,2017-09-19,1236741,31599,1169,2017,0.025550216253847815,0.0009452262033845405,0.026495442457232354,0.021012388529923952,0.0008750320086995461,0.0218874205386235,Sep
Why do we harvest horseshoe crab blood? - Elizabeth Cox,2017-09-21,2409877,49522,2059,2017,0.02054959651467689,0.0008544004528031929,0.021403996967480084,0.02048520140895755,0.0008887417681452737,0.021373943177102825,Sep
Are you a body with a mind or a mind with a body? - Maryam Alimardani,2017-09-25,3268706,109740,4499,2017,0.033572918457640426,0.001376385640066742,0.03494930409770717,0.020576204497364615,0.0008981588418864233,0.021474363339251037,Sep
A brief history of banned numbers - Alessandra King,2017-09-26,2872561,55757,1930,2017,0.01941020573627505,0.0006718743309541555,0.020082080067229207,0.020561011581673852,0.0008479409644798104,0.021408952546153666,Sep
The surprising cause of stomach ulcers - Rusha Modi,2017-09-28,3743625,108817,2914,2017,0.029067281044442218,0.0007783899295468964,0.029845670973989116,0.021166566867931676,0.0008443266587169496,0.022010893526648628,Sep
How aspirin was discovered - Krishna Sudhir,2017-10-02,2943896,73134,1687,2017,0.024842589548000338,0.0005730501349232445,0.025415639682923583,0.02151124300017976,0.0008452319833909748,0.022356474983570736,Oct
The strange case of the cyclops sheep - Tien Nguyen,2017-10-03,1771530,47992,1486,2017,0.027090706903072484,0.000838822938364013,0.0279295298414365,0.021850909106095055,0.0008414851751061083,0.022692394281201164,Oct
Why should you read Virginia Woolf? - Iseult Gillespie,2017-10-05,3007639,133843,1194,2017,0.04450101890552689,0.00039698913333681337,0.04489800803886371,0.02240109900770402,0.0008266061657435672,0.023227705173447587,Oct
Is DNA the future of data storage? - Leo Bear-McGuinness,2017-10-09,400168,15677,713,2017,0.03917604606065452,0.0017817516643009936,0.040957797724955516,0.023257969419370538,0.0008618402648872296,0.024119809684257768,Oct
Why is it so hard to cure cancer? - Kyuson Yun,2017-10-10,6910659,167403,11464,2017,0.024223883713550328,0.0016588866561061688,0.025882770369656496,0.0233592221175936,0.0009014295353163857,0.024260651652909984,Oct
Explore cave paintings in this 360° animated cave - Iseult Gillespie,2017-10-12,597446,10211,492,2017,0.0170910843825216,0.0008235053879346418,0.017914589770456242,0.02326000251257638,0.0008747913433820696,0.024134793855958448,Oct
The first asteroid ever discovered - Carrie Nugent,2017-10-16,295180,8819,326,2017,0.029876685412290806,0.0011044108679449827,0.03098109628023579,0.023594102511366667,0.0008882109208509916,0.02448231343221766,Oct
How did Polynesian wayfinders navigate the Pacific Ocean? - Alan Tamayose and Shantell De Silva,2017-10-17,2006077,47945,2790,2017,0.023899880213969854,0.0013907741327974948,0.025290654346767347,0.023801631426905587,0.0009067390780040092,0.024708370504909597,Oct
"Why should you read Virgil's ""Aeneid""? - Mark Robinson",2017-10-19,1058782,27742,618,2017,0.026201805470814576,0.0005836895602683083,0.026785495031082886,0.023937485268628374,0.0008853244455502912,0.024822809714178662,Oct
What in the world is topological quantum matter? - Fan Zhang,2017-10-23,654376,18429,741,2017,0.028162707678765726,0.0011323764930254165,0.029295084171791143,0.024206783363540218,0.0009056770648600641,0.02511246042840028,Oct
"Why should you read James Joyce's ""Ulysses""? - Sam Slote",2017-10-24,3044359,74356,2450,2017,0.02442418913143949,0.0008047671118944908,0.025228956243333982,0.02446230190652715,0.0009093496297161547,0.025371651536243305,Oct
How your muscular system works - Emma Bryce,2017-10-26,2816170,34023,862,2017,0.012081301910040943,0.0003060894761324778,0.01238739138617342,0.024334062747994486,0.0008840201041931099,0.025218082852187594,Oct
Where do math symbols come from? - John David Walters,2017-10-30,2526083,55907,1539,2017,0.02213189352843909,0.0006092436392628429,0.022741137167701934,0.02484631998022544,0.000893499552673805,0.025739819532899246,Oct
How to make your writing suspenseful - Victoria Smith,2017-10-31,2976874,108805,1633,2017,0.03655008576110376,0.0005485620150533748,0.03709864777615714,0.025459422557562738,0.0008874675152827437,0.02634689007284548,Oct
"Why should you read ""Macbeth""? - Brendan Pelsue",2017-11-02,3586266,109656,2132,2017,0.030576649919442672,0.0005944902023441652,0.031171140121786838,0.025234466164962135,0.0008740088884359646,0.026108475053398097,Nov
How many verb tenses are there in English? - Anna Ananichuk,2017-11-06,901511,23741,1110,2017,0.02633467589413773,0.0012312661742341468,0.027565942068371877,0.025561130892184106,0.0008997479644560698,0.026460878856640176,Nov
Can you solve the egg drop riddle? - Yossi Elran,2017-11-07,8528755,84020,7534,2017,0.009851379245857104,0.0008833645707960892,0.010734743816653193,0.025122458187688372,0.000869506194568351,0.025991964382256722,Nov
Why incompetent people think they're amazing - David Dunning,2017-11-09,11934043,353904,14400,2017,0.029654996215448527,0.0012066321530767067,0.030861628368525233,0.025522737062009228,0.0008893586318012885,0.026412095693810516,Nov
How does your body know you're full? - Hilary Coller,2017-11-13,2600388,55508,1504,2017,0.02134604528247323,0.0005783752270814971,0.02192442050955473,0.02554247411441479,0.0008687703561642559,0.02641124447057904,Nov
The myth of Prometheus - Iseult Gillespie,2017-11-14,9154191,183150,4893,2017,0.02000722947554841,0.0005345092755875423,0.020541738751135956,0.02564371594326226,0.000863400373789371,0.02650711631705163,Nov
The complicated history of surfing - Scott Laderman,2017-11-16,1545140,39584,1163,2017,0.025618390566550603,0.0007526826048125088,0.026371073171363113,0.025809023048655552,0.0008622361904018424,0.026671259239057395,Nov
How often should you get a flu shot? - Melvin Sanicas,2017-11-20,964136,17870,2551,2017,0.01853472954023084,0.0026458922807570716,0.02118062182098791,0.02558306404788505,0.000930094204837975,0.02651315825272302,Nov
What is the tragedy of the commons? - Nicholas Amendolare,2017-11-21,3191075,88032,2371,2017,0.02758694170459798,0.000743009800772467,0.028329951505370446,0.02566495071355835,0.0009262049892252959,0.02659115570278365,Nov
History vs. Che Guevara - Alex Gendler,2017-11-27,5377923,152460,14165,2017,0.028349234453524157,0.0026339164766769623,0.030983150930201122,0.02545227527632283,0.000988320371761872,0.0264405956480847,Nov
How do fish make electricity? - Eleanor Nelsen,2017-11-30,3492998,68882,2105,2017,0.019720022742641136,0.0006026341841592809,0.020322656926800416,0.025532813055584178,0.0009861989572799742,0.02651901201286415,Nov
How long will human impacts last? - David Biello,2017-12-04,830535,15997,702,2017,0.019261078702282265,0.0008452383102458054,0.02010631701252807,0.025323175137198655,0.000982866027508683,0.02630604116470734,Dec
Can 100% renewable energy power the world? - Federico Rosei and Renzo Rosei,2017-12-07,2706205,43282,2030,2017,0.015993614674424148,0.0007501279467002685,0.016743742621124415,0.0251713090758569,0.0009793902773052522,0.02615069935316215,Dec
Why is Herodotus called “The Father of History”? - Mark Robinson,2017-12-11,2480171,46298,994,2017,0.01866726124932515,0.0004007788172670352,0.01906804006659218,0.024674453835579722,0.0009468700498785954,0.025621323885458316,Dec
How your digestive system works - Emma Bryce,2017-12-14,12180872,184074,4244,2017,0.015111725991374017,0.0003484151216760179,0.015460141113050035,0.024531171177416357,0.0009360880762359909,0.02546725925365234,Dec
Why do animals form swarms? - Maria R. D'Orsogna,2017-12-18,324268,8946,242,2017,0.02758829116656593,0.000746296273452823,0.02833458744001875,0.024481871514820477,0.0009350182876995218,0.02541688980252,Dec
Why should you read Charles Dickens? - Iseult Gillespie,2017-12-21,1910385,56387,1059,2017,0.029516039960531516,0.0005543385233866472,0.030070378483918164,0.024637653195238186,0.0009343945673149686,0.025572047762553153,Dec
How to manage your time more effectively (according to machines) - Brian Christian,2018-01-02,7239428,201592,2032,2018,0.027846398914389368,0.00028068515910373027,0.0281270840734931,0.02466284292894875,0.0009157899746729591,0.025578632903621706,Jan
Who's at risk for colon cancer? - Amit H. Sachdev and Frank G. Gress,2018-01-04,917528,19174,871,2018,0.020897454900558894,0.0009492898309370395,0.02184674473149593,0.02387605746211648,0.0009341999979263,0.024810257460042777,Jan
How does your immune system work? - Emma Bryce,2018-01-08,4794171,66927,1792,2018,0.013960077769441265,0.00037378725122654157,0.014333865020667807,0.023035525185742704,0.0008872678508238182,0.023922793036566522,Jan
The tragic myth of Orpheus and Eurydice - Brendan Pelsue,2018-01-11,8586088,234893,5644,2018,0.027357394892761407,0.0006573424358101152,0.028014737328571522,0.023139975558383076,0.0008538830434806164,0.02399385860186369,Jan
What are mini brains? - Madeline Lancaster,2018-01-16,604382,17706,619,2018,0.029296041245437488,0.0010241866898749467,0.030320227935312433,0.023546807453813604,0.0008605724202119598,0.024407379874025564,Jan
The myth of Oisín and the land of eternal youth - Iseult Gillespie,2018-01-18,2693780,54862,1235,2018,0.020366176896405793,0.0004584635716353971,0.02082464046804119,0.023229790503284102,0.000839040843668307,0.02406883134695241,Jan
Can you solve the dark coin riddle? - Lisa Winer,2018-01-22,4449236,60147,3154,2018,0.013518500704390597,0.000708885750272631,0.014227386454663227,0.022883744519631464,0.0008163112309174782,0.02370005575054894,Jan
Ugly history: The 1937 Haitian Massacre - Edward Paulino,2018-01-25,1422566,35661,4790,2018,0.0250680811997475,0.0033671548455396797,0.02843523604528718,0.02284595371059589,0.0009090934070931907,0.023755047117689086,Jan
Why is NASA sending a spacecraft to a metal world? - Linda T. Elkins-Tanton,2018-01-29,722812,19799,946,2018,0.027391631572248387,0.00130877738609763,0.028700408958346014,0.022820251173711982,0.0009149734368622645,0.023735224610574247,Jan
What happens during a stroke? - Vaibhav Goswami,2018-02-01,3100984,81475,2225,2018,0.026273918214347446,0.0007175141825949441,0.02699143239694239,0.02288190880980891,0.000912065005885613,0.023793973815694525,Feb
How did teeth evolve? - Peter S. Ungar,2018-02-05,764283,17228,638,2018,0.02254138846474408,0.0008347693197415094,0.02337615778448559,0.02323057836163235,0.0009296876673392472,0.024160266028971596,Feb
The myth of Arachne  - Iseult Gillespie,2018-02-08,9082808,157481,8445,2018,0.017338360559862105,0.0009297785442563577,0.018268139104118463,0.02307079392934645,0.0009403721641723645,0.024011166093518815,Feb
The rise and fall of the Inca Empire - Gordon McEwan,2018-02-12,4066296,76054,3167,2018,0.01870350805745573,0.0007788414812891142,0.019482349538744843,0.022475908005891516,0.0009480481463802223,0.023423956152271736,Feb
The coin flip conundrum - Po-Shen Loh,2018-02-15,673869,13766,847,2018,0.020428302830372076,0.0012569208555372037,0.02168522368590928,0.022137629769589162,0.0009701291681533236,0.023107758937742487,Feb
The surprising reason birds sing - Partha P. Mitra,2018-02-20,667273,18731,416,2018,0.02807096945328224,0.000623432987697689,0.02869440244097993,0.022195506221560645,0.0009498680619354418,0.023145374283496088,Feb
The myth of Thor's journey to the land of giants - Scott A. Mellor,2018-02-22,8612965,130128,3209,2018,0.01510838602037742,0.00037257785211016186,0.01548096387248758,0.022370739780711323,0.0009328418379792442,0.023303581618690568,Feb
Can you solve the seven planets riddle? - Edwin F. Meyer,2018-02-26,4542113,50457,3966,2018,0.011108706454462934,0.0008731618962363992,0.011981868350699334,0.021752530122011803,0.0009217261627512339,0.022674256284763036,Feb
The life cycle of the butterfly - Franziska Bauer,2018-03-01,357642,11077,326,2018,0.030972313095218123,0.0009115260511908557,0.03188383914640898,0.02207340571576997,0.0009328311902215458,0.023006236905991514,Mar
The myth of King Midas and his golden touch - Iseult Gillespie,2018-03-05,7278467,119163,8591,2018,0.016371991519642803,0.0011803309680458811,0.017552322487688687,0.02195223111723978,0.0009543585799701572,0.022906589697209937,Mar
"Why should you read ""The Handmaid's Tale""? - Naomi R. Mercer",2018-03-08,2435959,83102,2686,2018,0.03411469569069102,0.0011026458162883693,0.03521734150697939,0.02223544128804446,0.0009660240203526858,0.02320146530839715,Mar
The science of skin - Emma Bryce,2018-03-12,2029748,35859,676,2018,0.017666725130410278,0.000333046269783244,0.017999771400193522,0.02220650780771711,0.0008889291533202249,0.023095436961037333,Mar
A day in the life of an ancient Athenian - Robert Garland,2018-03-15,4393008,74060,1596,2018,0.016858608042598602,0.0003633045967592137,0.017221912639357816,0.021848896685650467,0.0008762723131864499,0.02272516899883691,Mar
Cannibalism in the animal kingdom - Bill Schutt,2018-03-19,6879018,94475,3916,2018,0.01373379165456465,0.0005692672994895492,0.014303058954054197,0.021361715259018477,0.0008074506739468695,0.02216916593296535,Mar
Can you solve the buried treasure riddle? - Daniel Griller,2018-03-22,3281887,39839,1509,2018,0.012139052929000907,0.0004597964524677419,0.012598849381468649,0.02110901626523047,0.0008026894162238181,0.02191170568145429,Mar
Why isn't the world covered in poop? - Eleanor Slade and Paul Manning,2018-03-26,5580920,95983,4290,2018,0.017198418898676203,0.0007686904668047562,0.01796710936548096,0.021040260938443602,0.0008001378214424498,0.02184039875988605,Mar
A day in the life of a Roman soldier - Robert Garland,2018-03-29,11476422,182128,5558,2018,0.015869754528022757,0.0004842972835958803,0.01635405181161864,0.02103613226689689,0.0007912767993389702,0.02182740906623586,Mar
The most successful pirate of all time - Dian Murray,2018-04-02,2907398,67809,3031,2018,0.023322916229563343,0.0010425129273666693,0.02436542915693001,0.02119132076623816,0.0008126679363422913,0.022003988702580454,Apr
A simple way to tell insects apart - Anika Hazra,2018-04-03,304127,7132,219,2018,0.023450729464993242,0.0007200939081370612,0.024170823373130305,0.021469287548692137,0.0008250572292243261,0.022294344777916465,Apr
What causes body odor? - Mel Rosenberg,2018-04-05,4664513,85602,3972,2018,0.01835175504924094,0.0008515358409334479,0.019203290890174387,0.02116140301144797,0.0008285652148070136,0.021989968226254982,Apr
The rise and fall of the Byzantine Empire - Leonora Neville,2018-04-09,6450929,98117,5262,2018,0.015209747309263518,0.0008156964679040802,0.016025443777167598,0.020684526589739034,0.000837277146290928,0.021521803736029965,Apr
"The Cambodian myth of lightning, thunder, and rain - Prumsodun Ok",2018-04-10,4725554,71404,3015,2018,0.015110186022633537,0.0006380204310436406,0.015748206453677176,0.020259986160013843,0.0008491883220222583,0.0211091744820361,Apr
What causes headaches? - Dan Kwartler,2018-04-12,6805707,155369,5012,2018,0.022829222592156848,0.0007364407547959382,0.023565663346952787,0.020324378416400442,0.0008420933528175549,0.021166471769217998,Apr
The surprising reasons animals play dead - Tierney Thys,2018-04-16,2300644,36218,1398,2018,0.015742548608128855,0.0006076559432923998,0.016350204551421253,0.02038379411102336,0.000849888975886417,0.021233683086909778,Apr
Why are fish fish-shaped? - Lauren Sallan,2018-04-17,618990,11793,539,2018,0.01905200407114816,0.0008707733565970371,0.0199227774277452,0.020106947750302917,0.0008570033399126476,0.02096395109021557,Apr
How the world's first metro system was built - Christian Wolmar,2018-04-19,1848493,42112,1076,2018,0.022781801175335802,0.000582095793708713,0.023363896969044513,0.01988980641463286,0.0008422669767071065,0.02073207339133997,Apr
Why can't you divide by zero? - TED-Ed,2018-04-23,10646657,230128,12889,2018,0.0216150478032682,0.001210614749775446,0.022825662553043646,0.01993143544486161,0.0008673386826451081,0.020798774127506716,Apr
The rise and fall of the Assyrian Empire - Marian H Feldman,2018-04-24,3140819,58024,5095,2018,0.018474162312441436,0.0016221883527831435,0.02009635066522458,0.02009662416512997,0.0008977821027287919,0.020994406267858763,Apr
How do we safely study living brains? - John Borghi and Elizabeth Waters,2018-04-26,531388,13958,357,2018,0.026267059098060173,0.0006718254834508871,0.02693888458151106,0.020136590095073726,0.0008079377906591654,0.02094452788573289,Apr
Which is stronger: Glue or tape? - Elizabeth Cox,2018-04-30,14288044,102895,5750,2018,0.0072014755833618655,0.00040243437100277686,0.007603909954364642,0.01946358489544418,0.0007777263568226703,0.020241311252266848,Apr
How to build a dark matter detector - Jenna Saffin,2018-05-01,329107,8892,649,2018,0.02701856842911272,0.0019720030263713625,0.028990571455484084,0.019488406569269683,0.0008195426516152177,0.020307949220884903,May
How does hibernation work? - Sheena Lee Faherty,2018-05-03,1563477,40663,913,2018,0.02600805768169279,0.000583954864702199,0.02659201254639499,0.019603962209834642,0.000811182169780574,0.020415144379615217,May
What causes constipation? - Heba Shaheed,2018-05-07,4141563,54700,2934,2018,0.013207574048734742,0.0007084281948626642,0.013916002243597405,0.0194662693261304,0.0008038038248007842,0.02027007315093118,May
Can you solve the false positive riddle? - Alex Gendler,2018-05-08,4152345,61717,4439,2018,0.014863167679949522,0.0010690344853329866,0.01593220216528251,0.019338257980213523,0.00081347692493558,0.020151734905149103,May
When will the next ice age happen? - Lorraine Lisiecki,2018-05-10,1724739,33232,1990,2018,0.019267842844627507,0.0011537977630238546,0.02042164060765136,0.019299575980688707,0.0008100394885184683,0.020109615469207174,May
How squids outsmart their predators - Carly Anne York,2018-05-14,2962949,51389,1551,2018,0.017343869232983762,0.0005234649668286562,0.017867334199812415,0.018942005973345423,0.0008067072211561672,0.019748713194501593,May
Why do we sweat? - John Murnan,2018-05-15,1360419,22193,837,2018,0.01631335639975625,0.0006152516246832777,0.016928608024439528,0.018982171652658048,0.0008147963469086044,0.019796967999566654,May
"The journey to Pluto, the farthest world ever explored - Alan Stern",2018-05-17,3220321,61206,2536,2018,0.019006179818719934,0.000787499134403061,0.019793678953122996,0.019245420764799948,0.0008119409215141597,0.020057361686314112,May
How to stay calm under pressure - Noa Kageyama and Pen-Pen Chen,2018-05-21,8053497,267158,2740,2018,0.03317291854706098,0.0003402248737411835,0.033513143420802166,0.01931877427986138,0.000792897548932504,0.020111671828793882,May
Can you solve the wizard standoff riddle? - Dan Finkel,2018-05-22,13675978,207527,17845,2018,0.015174563749663826,0.0013048426957106834,0.01647940644537451,0.019278860020862078,0.0007970479398546642,0.020075907960716743,May
What is dust made of? - Michael Marder,2018-05-24,1083279,22171,918,2018,0.020466564938487683,0.0008474271171138737,0.02131399205560156,0.018823922329121966,0.0007885406498821811,0.01961246297900415,May
Are naked mole rats the strangest mammals? - Thomas Park,2018-05-29,592910,16742,598,2018,0.028237000556576883,0.0010085847767789377,0.02924558533335582,0.01917626484332752,0.0008110586001153707,0.01998732344344289,May
Why is it so hard to cure ALS? - Fernando G. Vieira,2018-05-31,447851,11163,1145,2018,0.024925700735289193,0.002556653887118707,0.0274823546224079,0.019445167933083873,0.0008841702431273538,0.020329338176211232,May
Can you solve the penniless pilgrim riddle? - Daniel Finkel,2018-06-04,6549149,82348,3463,2018,0.01257384738078184,0.0005287709899408305,0.01310261837072267,0.019406503123957784,0.0008828203661423965,0.020289323490100174,Jun
Could you live on the moon? - Alex Gendler,2018-06-05,516949,11255,634,2018,0.021771973637631566,0.001226426591404568,0.022998400229036133,0.019727600480912138,0.0009083747041069574,0.020635975185019095,Jun
How one scientist averted a national health crisis - Andrea Tone,2018-06-07,1934141,68018,1824,2018,0.03516703280681191,0.0009430543067956266,0.03611008711360754,0.020326554277849993,0.0009141868321066531,0.02124074110995665,Jun
Can you solve the giant cat army riddle? - Dan Finkel,2018-06-11,3591056,47316,4929,2018,0.013176068543626164,0.0013725767573660784,0.014548645300992242,0.020236764745036773,0.0009437961478989931,0.021180560892935765,Jun
The Irish myth of the Giant's Causeway - Iseult Gillespie,2018-06-12,1812843,29703,849,2018,0.016384761394119624,0.0004683251666029546,0.01685308656072258,0.02000549291718865,0.0009246565558735358,0.020930149473062185,Jun
What causes insomnia? - Dan Kwartler,2018-06-14,6232007,153776,12191,2018,0.024675196930940547,0.0019561916409914174,0.026631388571931962,0.020046308499386892,0.0009658598136353478,0.021012168313022238,Jun
Did the Amazons really exist? - Adrienne Mayor,2018-06-18,2999541,84070,3940,2018,0.028027621559431927,0.0013135343040818579,0.029341155863513785,0.02036883738305993,0.0009812597624069613,0.021350097145466887,Jun
The science of hearing - Douglas L. Oliver,2018-06-19,1132246,18921,662,2018,0.016711032761431703,0.0005846785945810362,0.01729571135601274,0.020418880231465535,0.0009735591666295266,0.021392439398095056,Jun
How do your hormones work? - Emma Bryce,2018-06-21,2373237,43436,671,2018,0.018302428286766134,0.00028273619533152397,0.018585164482097658,0.020525288306936618,0.0009617163587724561,0.021487004665709075,Jun
The psychology of post-traumatic stress disorder - Joelle Rabow Maletis,2018-06-25,3167482,93640,3104,2018,0.029562914643240276,0.0009799582128643509,0.030542872856104627,0.020749744708639398,0.0009698336073747366,0.021719578316014135,Jun
How much of what you see is a hallucination? - Elizabeth Cox,2018-06-26,4756723,118246,3160,2018,0.024858710503008058,0.000664322896246008,0.025523033399254068,0.021053616771802043,0.0009717225058065234,0.022025339277608563,Jun
Can you solve the Mondrian squares riddle? - Gordon Hamilton,2018-06-28,1192038,18518,1148,2018,0.01553473966433956,0.00096305654685505,0.01649779621119461,0.02093637462490842,0.0009747986121484573,0.021911173237056877,Jun
Are there universal expressions of emotion? - Sophie Zadeh,2018-07-03,435894,7186,233,2018,0.01648565935755023,0.0005345336251473983,0.017020192982697628,0.020726503230982234,0.0009732132065297468,0.021699716437511982,Jul
Why don’t poisonous animals poison themselves? - Rebecca D. Tarvin,2018-07-05,2577782,35848,1354,2018,0.013906528946202588,0.0005252577603536684,0.014431786706556256,0.020469552602413378,0.0009503679735490208,0.021419920575962405,Jul
What is the coldest thing in the world? - Lina Marieth Hoyos,2018-07-10,1455498,29440,1520,2018,0.020226754004471322,0.0010443161034917258,0.021271070107963048,0.020527972325481043,0.0009311055652393069,0.021459077890720348,Jul
How exactly does binary code work? - José Américo N L F de Freitas,2018-07-12,1516697,38784,1198,2018,0.02557135670473404,0.0007898743124038618,0.026361231017137898,0.020504782245703505,0.000935040526204406,0.02143982277190791,Jul
History vs. Augustus - Peta Greenfield & Alex Gendler,2018-07-17,2308178,45844,2798,2018,0.01986155313844946,0.0012122115365452752,0.021073764674994735,0.02092678483087309,0.0009620330983891559,0.021888817929262245,Jul
A day in the life of an ancient Egyptian doctor - Elizabeth Cox,2018-07-19,6508828,108727,3080,2018,0.01670454342932399,0.00047320347073236536,0.017177746900056353,0.020582983997546805,0.0009120731132011893,0.021495057110747992,Jul
The breathtaking courage of Harriet Tubman - Janell Hobson,2018-07-24,1937669,40107,983,2018,0.02069858164629769,0.0005073105881345059,0.021205892234432196,0.02040600146303363,0.0009095183039822662,0.021315519767015897,Jul
How can you change someone's mind? (hint: facts aren't always enough) - Hugo Mercier,2018-07-26,2205044,76266,1780,2018,0.034587064929316604,0.0008072401276346413,0.03539430505695124,0.021118651159053026,0.0009128120350746655,0.02203146319412769,Jul
Did ancient Troy really exist? - Einav Zamir Dembin,2018-07-31,2087646,43650,1123,2018,0.020908717282527786,0.0005379264492160069,0.021446643731743792,0.021320169479138968,0.0008951084338707662,0.022215277913009736,Jul
Why does your voice change as you get older? - Shaylin A. Schundler,2018-08-02,1738381,31623,1276,2018,0.018191063984247413,0.000734016305976653,0.018925080290224064,0.02128427685045963,0.0008811157186358594,0.022165392569095492,Aug
Can you solve the rogue AI riddle? - Dan Finkel,2018-08-07,4091410,43592,3570,2018,0.010654517635729492,0.0008725598265634586,0.01152707746229295,0.02106129846388449,0.0008927522139603528,0.02195405067784484,Aug
How the Normans changed the history of Europe - Mark Robinson,2018-08-09,3297907,69523,2826,2018,0.021080946187991355,0.0008569071232148147,0.02193785331120617,0.021220218123492327,0.0009008073972447374,0.022121025520737064,Aug
What really happened to the Library of Alexandria? - Elizabeth Cox,2018-08-14,2797945,76434,3993,2018,0.027317906534974776,0.0014271188318569523,0.02874502536683173,0.021497275680700822,0.0009221280538265338,0.022419403734527353,Aug
Zen kōans: Unsolvable enigmas designed to break your brain - Puqun Li,2018-08-16,3045004,93874,3152,2018,0.030828859338115813,0.0010351382132831352,0.031863997551398945,0.02141914037373598,0.0009452918318112655,0.022364432205547246,Aug
"Why is Aristophanes called ""The Father of Comedy""? - Mark Robinson",2018-08-21,840451,26104,1015,2018,0.031059514474966417,0.0012076849215480736,0.03226719939651449,0.02194863873124607,0.0009420532393391786,0.022890691970585245,Aug
Can you solve the Leonardo da Vinci riddle? - Tanya Khovanova,2018-08-23,4204478,65980,5444,2018,0.015692792303824636,0.0012948099621403655,0.016987602265965,0.0217895129767573,0.0009569660008400615,0.02274647897759736,Aug
What is imposter syndrome and how can you combat it? - Elizabeth Cox,2018-08-28,4619366,138850,6197,2018,0.03005823742911906,0.0013415260882121054,0.03139976351733117,0.021850220872508704,0.0009680640445545005,0.022818284917063208,Aug
"Why should you read ""One Hundred Years of Solitude""? - Francisco Díez-Buzo",2018-08-30,3851261,121141,2949,2018,0.03145489230670162,0.0007657232267561196,0.032220615533457744,0.02206786059155579,0.0009083663558757477,0.02297622694743153,Aug
Does stress affect your memory? - Elizabeth Cox,2018-09-04,1260342,40474,558,2018,0.03211350569924671,0.0004427369713934789,0.03255624267064019,0.022719182535504614,0.0009054985552575027,0.023624681090762118,Sep
What is the universe expanding into? - Sajan Saini,2018-09-06,1808635,41550,2683,2018,0.022973126142090582,0.0014834391682124917,0.024456565310303074,0.022759220952319914,0.0009140656411511,0.023673286593471014,Sep
Can you solve the rebel supplies riddle? - Alex Gendler,2018-09-10,2910329,35540,2154,2018,0.012211677786257156,0.000740122508486154,0.012951800294743309,0.02199404245163476,0.0009073012478741176,0.022901343699508872,Sep
Is there any truth to the King Arthur legends? - Alan Lupack,2018-09-11,3084194,76753,3151,2018,0.024885918330688667,0.0010216607645303765,0.02590757909521904,0.022384370777870175,0.0008956040481129276,0.023279974825983103,Sep
How do cigarettes affect the body? - Krishna Sudhir,2018-09-13,18278223,433346,18217,2018,0.02370832219302719,0.0009966504949633233,0.02470497268799051,0.022628489471167093,0.0009132148923916064,0.023541704363558697,Sep
What would happen if every human suddenly disappeared? - Dan Kwartler,2018-09-17,5020163,133291,8820,2018,0.026551129913510777,0.0017569150643116569,0.02830804497782243,0.0226910205705861,0.0009065723398356144,0.023597592910421718,Sep
Why should you read Edgar Allan Poe? - Scott Peeples,2018-09-18,2368506,83317,1521,2018,0.03517702720617976,0.0006421769672527746,0.03581920417343253,0.02292933409214436,0.0008841937619413118,0.023813527854085675,Sep
Could the Earth be swallowed by a black hole? - Fabio Pacucci,2018-09-20,1026163,22999,798,2018,0.02241261865804945,0.0007776542323198166,0.02319027289036927,0.023119386955364953,0.000890626283199271,0.024010013238564224,Sep
Can you solve the alien probe riddle? - Dan Finkel,2018-09-24,2557911,27668,1919,2018,0.010816639046471906,0.0007502215675213094,0.011566860613993216,0.022869860647355144,0.0009062091289389305,0.023776069776294078,Sep
The myth of Hercules: 12 labors in 8-bits - Alex Gendler,2018-09-25,7454649,162467,6286,2018,0.021794050933853493,0.0008432321897382426,0.022637283123591735,0.02261089852370892,0.0009016515948347269,0.023512550118543644,Sep
How much will you change in the future? More than you think - Bence Nanay,2018-09-27,370455,11017,424,2018,0.029739104614595564,0.0011445384729589288,0.030883643087554494,0.0227735783274285,0.0009176587807251577,0.023691237108153664,Sep
What’s a smartphone made of? - Kim Preshoff,2018-10-01,684347,15573,891,2018,0.022755999514865996,0.0013019710760769024,0.0240579705909429,0.02301428698911272,0.0009289559316992195,0.023943242920811937,Oct
Everything you need to know to read “The Canterbury Tales” - Iseult Gillespie,2018-10-02,1030110,22106,481,2018,0.021459844094320023,0.0004669404238382309,0.021926784518158254,0.023180093147005046,0.0009267028249889138,0.024106795971993958,Oct
Can you still feel a limb that's gone? - Joshua W. Pate,2018-10-04,845503,21939,1231,2018,0.025947867718979115,0.001455938062904567,0.027403805781883683,0.023581471106097596,0.0009577255017406104,0.024539196607838206,Oct
"Why should you read ""Don Quixote""? - Ilan Stavans",2018-10-08,2870415,85600,3696,2018,0.0298214718080835,0.0012876186892836054,0.031109090497367105,0.02390129503288467,0.0009658355879336732,0.02486713062081834,Oct
Can you solve the killer robo-ants riddle? - Dan Finkel,2018-10-09,2793688,36674,4500,2018,0.013127450166231878,0.0016107740019644283,0.014738224168196305,0.02348649814826793,0.0009931989109190254,0.024479697059186956,Oct
History through the eyes of a chicken - Chris A. Kniesly,2018-10-11,4649875,118204,5334,2018,0.025420898411247613,0.0011471276109572839,0.0265680260222049,0.023671809657361202,0.000991029446732759,0.024662839104093958,Oct
"Why should you read ""Waiting For Godot""? - Iseult Gillespie",2018-10-15,1116606,31910,971,2018,0.028577671980985236,0.0008695994827181655,0.029447271463703403,0.024067580609083244,0.0010042426471322855,0.025071823256215528,Oct
What if cracks in concrete could fix themselves? - Congrui Jin,2018-10-16,1462727,27933,682,2018,0.019096523137947137,0.0004662524175734775,0.019562775555520613,0.02401417865880489,0.0010028740414469181,0.02501705270025181,Oct
Why can't some birds fly? -  Gillian Gibb,2018-10-18,2039984,35507,1113,2018,0.017405528670813103,0.0005455925144510937,0.017951121185264197,0.02344146078352144,0.0009941524543407999,0.024435613237862242,Oct
The princess who rewrote history - Leonora Neville,2018-10-22,1586551,45916,681,2018,0.028940765219649417,0.0004292329713951836,0.029369998191044598,0.023709195714758827,0.000990529338413439,0.024699725053172267,Oct
Does time exist? - Andrew Zimmerman Jones,2018-10-23,7388298,201208,7784,2018,0.027233335742548555,0.001053557937159546,0.0282868936797081,0.024010604773368867,0.0010011807261195355,0.0250117854994884,Oct
Can you solve the stolen rubies riddle? - Dennis Shasha,2018-10-25,3798665,42532,3444,2018,0.011196565109058051,0.0009066343044201055,0.012103199413478156,0.024028673022479817,0.0010023165420480903,0.02503098956452791,Oct
How rollercoasters affect your body - Brian D. Avery,2018-10-29,2489837,39557,1411,2018,0.015887385399124522,0.00056670376414199,0.01645408916326651,0.02385555432951759,0.0009926430967456628,0.024848197426263253,Oct
The fascinating history of cemeteries - Keith Eggener,2018-10-30,6226493,132806,3300,2018,0.021329181611542805,0.0005299933686587297,0.021859174980201537,0.02365593016540319,0.0009627389146390553,0.024618669080042243,Oct
What causes heartburn? - Rusha Modi,2018-11-01,1833982,29288,1594,2018,0.015969622384516314,0.0008691470254342736,0.016838769409950587,0.023160622266949878,0.0009572058750440934,0.02411782814199397,Nov
"Is fire a solid, a liquid, or a gas? - Elizabeth Cox",2018-11-05,2533941,82086,3070,2018,0.032394597979984535,0.0012115514923196713,0.03360614947230421,0.023205125050450477,0.0009573347607364799,0.024162459811186962,Nov
How far would you have to go to escape gravity? - Rene Laufer,2018-11-06,576664,12183,518,2018,0.021126687291039496,0.0008982700498036985,0.022024957340843195,0.023386254883357643,0.0009441167636585911,0.024330371647016232,Nov
Can you solve the secret werewolf riddle? - Dan Finkel,2018-11-08,3981451,46751,4856,2018,0.011742201524017249,0.001219655849086175,0.012961857373103423,0.022775720353187583,0.0009400544223543934,0.023715774775541976,Nov
History vs. Henry VIII - Mark Robinson and Alex Gendler,2018-11-12,2226833,40772,2351,2018,0.01830941071916933,0.0010557594574896276,0.01936517017665896,0.022337537633603174,0.0009497222967121769,0.023287259930315347,Nov
The myth of Sisyphus - Alex Gendler,2018-11-13,8285650,168689,4140,2018,0.020359175200497244,0.0004996590490788291,0.020858834249576075,0.02194572661697819,0.0009516196993016886,0.022897346316279876,Nov
What’s the smallest thing in the universe? - Jonathan Butterworth,2018-11-15,1307489,39025,1148,2018,0.029847287434158147,0.0008780188590496747,0.03072530629320782,0.022174865326713773,0.0009314390223295946,0.02310630434904337,Nov
Why is meningitis so dangerous? - Melvin Sanicas,2018-11-19,3039181,65840,2947,2018,0.021663731117034492,0.0009696691312560851,0.022633400248290577,0.022489933771073018,0.0009390905764219258,0.023429024347494946,Nov
The life cycle of a neutron star - David Lunney,2018-11-20,1374920,33871,961,2018,0.02463488784802025,0.0006989497570767753,0.025333837605097023,0.022481566088317403,0.0009283335428401391,0.02340989963115754,Nov
Who decides what art means? - Hayley Levitt,2018-11-26,904954,23760,748,2018,0.026255478179001365,0.0008265613500796726,0.027082039529081035,0.022566471287849877,0.0009226639046773507,0.023489135192527228,Nov
Can you solve the giant iron riddle? - Alex Gendler,2018-11-27,2626425,31863,2656,2018,0.012131699934321368,0.0010112605537946067,0.013142960488115975,0.022085823621876898,0.0008978087543267823,0.02298363237620368,Nov
Why should you read Kurt Vonnegut? -  Mia Nacamulli,2018-11-29,1424480,52185,1090,2018,0.03663442098169156,0.0007651915084802875,0.03739961249017185,0.022134403414393957,0.0009019092390343661,0.02303631265342832,Nov
"Why should you read ""A Midsummer Night's Dream""? - Iseult Gillespie",2018-12-03,874899,22815,498,2018,0.026077295779284238,0.0005692085600737914,0.02664650433935803,0.022256559318435117,0.0008949610499594986,0.02315152036839462,Dec
Can you solve the time travel riddle? - Dan Finkel,2018-12-04,3535265,40304,2991,2018,0.011400559788304412,0.0008460469017174102,0.012246606690021823,0.02227602334316287,0.0008981552277660353,0.0231741785709289,Dec
Are we running out of clean water? - Balsher Singh Sidhu,2018-12-06,989195,17902,1070,2018,0.018097543962514975,0.0010816876348950409,0.019179231597410015,0.02215280644411825,0.0009061037426045953,0.023058910186722847,Dec
The dangerous race for the South Pole - Elizabeth Leane,2018-12-10,379813,8803,301,2018,0.0231771950933749,0.0007924952542435357,0.023969690347618432,0.02193407612674423,0.0008943689686474155,0.022828445095391645,Dec
Inside the killer whale matriarchy - Darren Croft,2018-12-11,1658628,46234,1370,2018,0.0278748459570199,0.0008259838854764299,0.028700829842496327,0.022104704341482692,0.0008785027289607331,0.022983207070443427,Dec
A brie(f) history of cheese - Paul Kindstedt,2018-12-13,18159662,214184,10413,2018,0.011794492650799338,0.0005734137562692521,0.01236790640706859,0.021782525960032,0.0008820518400417672,0.022664577800073766,Dec
From enslavement to rebel gladiator: The life of Spartacus - Fiona Radford,2018-12-17,6241491,103240,2866,2018,0.016540919469402424,0.0004591851530347476,0.01700010462243717,0.02146896101837945,0.0008488267430461065,0.022317787761425553,Dec
The sneakiest tricksters of the animal kingdom - Eldridge Adams,2018-12-18,649170,13385,378,2018,0.02061863610456429,0.0005822819908498545,0.021200918095414144,0.021162199828262136,0.0008253155197649815,0.02198751534802712,Dec
Can you solve the troll’s paradox riddle? - Dan Finkel,2018-12-20,3236489,53575,5717,2018,0.01655343182071683,0.0017664203400660407,0.018319852160782874,0.021276399216744967,0.0008305037310350351,0.022106902947780005,Dec
The history of the world according to cats - Eva-Maria Geigl,2019-01-03,9449210,252698,5773,2019,0.02674276473906284,0.0006109505450720219,0.027353715284134866,0.021320461427672143,0.0008126311621721931,0.02213309258984434,Jan
How Thor got his hammer - Scott A. Mellor,2019-01-07,13788055,153019,5883,2019,0.011097939484575598,0.00042667366789587074,0.011524613152471469,0.020737803677791822,0.0007978669683447834,0.021535670646136606,Jan
Can you survive nuclear fallout? -  Brooke Buddemeier and Jessica S. Wieder,2019-01-08,2078443,47744,2212,2019,0.02297104130351422,0.0010642581971215953,0.024035299500635814,0.020866954283310726,0.0008178004943297205,0.021684754777640442,Jan
Can you solve the multiplying rabbits riddle? - Alex Gendler,2019-01-10,4368691,39726,3146,2019,0.009093341689764738,0.0007201241744952894,0.009813465864260027,0.020589881383942448,0.0008236182163311938,0.021413499600273642,Jan
The truth about electroconvulsive therapy (ECT) - Helen M. Farrell,2019-01-14,854232,18795,1716,2019,0.02200221953754952,0.0020088219593740343,0.02401104149692355,0.02035859652787245,0.0008762711825971554,0.021234867710469604,Jan
The myth of Pandora’s box - Iseult Gillespie,2019-01-15,8649577,152751,4490,2019,0.017659938746137527,0.0005191005294247337,0.01817903927556226,0.02003948329465875,0.0008584559356726617,0.02089793923033141,Jan
A day in the life of a Mongolian queen - Anne F. Broadbridge,2019-01-17,2067920,45848,1370,2019,0.02217107044759952,0.0006625014507331037,0.022833571898332624,0.020405300139276796,0.000850318173883095,0.021255618313159894,Jan
Why should you read “Fahrenheit 451”? - Iseult Gillespie,2019-01-22,3898835,125769,4445,2019,0.0322580976112095,0.0011400841533432424,0.033398181764552747,0.020950990546346297,0.0008694308535231367,0.021820421399869436,Jan
How CRISPR lets you edit DNA - Andrea M. Henle,2019-01-24,1645845,38574,1216,2019,0.023437200951486926,0.0007388302057605668,0.024176031157247493,0.02102125785767777,0.0008763920814265312,0.021897649939104303,Jan
Can you solve the vampire hunter riddle? - Dan Finkel,2019-01-28,3412867,50896,3651,2019,0.014912974926945585,0.0010697750600887758,0.01598274998703436,0.020986036275758742,0.0008830796825816812,0.021869115958340422,Jan
Why should you read Flannery O’Connor? - Iseult Gillespie,2019-01-29,409866,10678,266,2019,0.026052417131452718,0.0006489925975806727,0.02670140972903339,0.02077463024747435,0.0008643277194237147,0.021638957966898065,Jan
How do ocean currents work? - Jennifer Verduin,2019-01-31,2973076,39486,982,2019,0.013281194291703272,0.0003302976445943528,0.013611491936297626,0.020513113814163143,0.0008453953059167366,0.021358509120079878,Jan
"""The Nutritionist"" by Andrea Gibson",2019-02-02,264967,11920,427,2019,0.04498673419708869,0.001611521434744704,0.046598255631833396,0.021621264903265526,0.0008584574921053542,0.02247972239537088,Feb
"""The Second Coming"" by William Butler Yeats",2019-02-02,428522,9851,298,2019,0.02298831798600772,0.0006954135376946807,0.0236837315237024,0.021777228478826804,0.0008464459614455227,0.022623674440272325,Feb
"""All the World's a Stage"" by William Shakespeare",2019-02-02,634087,18979,507,2019,0.02993122394876413,0.0007995748217515892,0.030730798770515717,0.0220962967704357,0.0008564431538679479,0.022952739924303647,Feb
"""To Make Use of Water"" by Safia Elhillo",2019-02-02,299000,7536,187,2019,0.02520401337792642,0.0006254180602006689,0.02582943143812709,0.02194152096856131,0.0008480231272396478,0.022789544095800956,Feb
"""Three Months After"" by Cristin O'Keefe Aptowicz",2019-02-02,182274,6560,159,2019,0.03598977363749081,0.0008723131110306462,0.036862086748521455,0.022419055719243186,0.0008447779265654665,0.02326383364580865,Feb
"""The Road Not Taken"" by Robert Frost",2019-02-02,1913250,57789,1925,2019,0.030204625637005097,0.001006141382464393,0.03121076701946949,0.022604713645542684,0.0008550176474117204,0.023459731292954405,Feb
How one journalist risked her life to hold murderers accountable - Christina Greer,2019-02-04,1221239,43046,711,2019,0.035247809806270514,0.000582195622642251,0.03583000542891277,0.02290445803311832,0.0008468721231638063,0.023751330156282124,Feb
Why should you read Shakespeare’s “The Tempest”? - Iseult Gillespie,2019-02-05,810343,19556,627,2019,0.024132990597808584,0.0007737464258961946,0.024906737023704776,0.02330450105523456,0.0008389549855671927,0.02414345604080175,Feb
Will there ever be a mile-high skyscraper? - Stefan Al,2019-02-07,2337059,36303,1947,2019,0.015533625809190097,0.0008330983513895028,0.0163667241605796,0.02260114121615118,0.0008412185469974998,0.02344235976314868,Feb
What is consciousness? - Michael S. A. Graziano,2019-02-11,1565397,37278,2175,2019,0.02381376737019427,0.0013894238969411592,0.025203191267135428,0.02252569026918151,0.0008685590582264122,0.023394249327407923,Feb
Notes of a native son: The world according to James Baldwin - Christina Greer,2019-02-12,1191273,45114,702,2019,0.037870412575454995,0.0005892855793760121,0.03845969815483101,0.023408018695419863,0.0008600003474816988,0.024268019042901563,Feb
The sexual deception of orchids - Anne Gaskett,2019-02-14,576278,16357,727,2019,0.02838387028482781,0.0012615439076279157,0.029645414192455723,0.023750896239496957,0.0008659955565727945,0.02461689179606975,Feb
Three ways the universe could end - Venus Keus,2019-02-19,2127768,42219,3039,2019,0.019841918855815106,0.001428257216012272,0.02127017607182738,0.02363972036491163,0.0008871876219650858,0.02452690798687672,Feb
An unsung hero of the civil rights movement - Christina Greer,2019-02-21,484067,11662,310,2019,0.024091706313382238,0.0006404072163564134,0.024732113529738652,0.023513615710123715,0.0008810017329944186,0.024394617443118126,Feb
Why should you read sci-fi superstar Octavia E. Butler? - Ayana Jamieson and Moya Bailey,2019-02-25,432795,17812,452,2019,0.04115574348132488,0.0010443743573747386,0.04220011783869961,0.02449232407114123,0.0008967004196979348,0.025389024490839168,Feb
Can you solve the jail break riddle? - Dan Finkel,2019-02-26,4345185,61300,3115,2019,0.01410756964317975,0.0007168854720800151,0.014824455115259764,0.024411212410267138,0.0009052904303327771,0.02531650284059992,Feb
The chaotic brilliance of artist Jean-Michel Basquiat - Jordana Moore Saggese,2019-02-28,1161107,40244,736,2019,0.03466002702593301,0.0006338778424382939,0.035293904868371306,0.02487925877431276,0.0009070102920523917,0.025786269066365157,Feb
The historic women’s suffrage march on Washington - Michelle Mehrtens,2019-03-04,620810,9032,374,2019,0.014548734717546431,0.0006024387493758155,0.015151173466922246,0.02481243553754042,0.0008682109056960508,0.02568064644323647,Mar
How does the Rorschach inkblot test work? - Damion Searls,2019-03-05,7186967,180309,5441,2019,0.02508833002850855,0.0007570648369472129,0.025845394865455763,0.024757287713855273,0.0008730813820918906,0.025630369095947163,Mar
Why should you read Sylvia Plath? - Iseult Gillespie,2019-03-07,2159739,105406,1025,2019,0.0488049713414445,0.00047459438385841993,0.04927956572530292,0.0260141887757509,0.0008746787392906422,0.026888867515041548,Mar
The physics of surfing - Nick Pizzo,2019-03-11,553601,13719,354,2019,0.024781385871774076,0.0006394497119766763,0.025420835583750752,0.0260745335946929,0.0008605184564524781,0.02693505205114538,Mar
Harvey Milk's radical vision of equality - Lillian Faderman,2019-03-12,262371,9365,401,2019,0.03569373139561918,0.0015283701323698122,0.03722210152798899,0.026961213251554712,0.000887459988381629,0.027848673239936342,Mar
How tall can a tree grow? - Valentin Hammoudi,2019-03-14,1340006,32245,1170,2019,0.024063325089589152,0.0008731304188190202,0.024936455508408173,0.027029916769956037,0.0008496036036964618,0.0278795203736525,Mar
Can you solve the unstoppable blob riddle? - Dan Finkel,2019-03-18,8340716,55115,4138,2019,0.006607945888578391,0.0004961204769470631,0.007104066365525454,0.026661517008037396,0.0008488376019472061,0.027510354609984602,Mar
Using radioactive drugs to see inside your body - Pedro Brugarolas,2019-03-19,359485,10442,373,2019,0.029047109058792438,0.0010375954490451618,0.030084704507837602,0.02689071829507716,0.0008613407352242747,0.027752059030301438,Mar
The wicked wit of Jane Austen - Iseult Gillespie,2019-03-21,1803166,66713,810,2019,0.03699770292918123,0.00044920988971619915,0.03744691281889743,0.02704870513900955,0.0008383115931033733,0.027887016732112926,Mar
What “Machiavellian” really means - Pazit Cahlon and Alex Gendler,2019-03-25,3231249,108396,3437,2019,0.03354616125219691,0.0010636753775397686,0.03460983662973668,0.02738567048236655,0.0008491397654960133,0.028234810247862563,Mar
A brief history of dogs - David Ian Howe,2019-03-26,3439281,62596,1919,2019,0.018200315705521008,0.0005579654584780947,0.018758281163999104,0.027495248508319067,0.0008320794454423241,0.028327327953761392,Mar
Frida Kahlo: The woman behind the legend - Iseult Gillespie,2019-03-28,1848653,49899,669,2019,0.02699208558880439,0.0003618851131066782,0.027353970701911066,0.02752657079023079,0.0008225091959598575,0.028349079986190642,Mar
"""First Kiss"" by Tim Seibles",2019-04-01,483034,15407,509,2019,0.03189630543605626,0.0010537560502987368,0.032950061486355,0.028147074495042557,0.0008466244761500037,0.02899369897119256,Apr
How to spot a pyramid scheme - Stacie Bosley,2019-04-02,6115313,182237,9082,2019,0.029800109986193674,0.001485124310072109,0.031285234296265785,0.02764085368801272,0.0008424112386609171,0.028483264926673635,Apr
How to grow a glacier - M Jackson,2019-04-04,445833,11795,571,2019,0.026456094546612744,0.0012807486211204645,0.02773684316773321,0.027756446240032887,0.0008619224081084433,0.02861836864814133,Apr
Why are earthquakes so hard to predict? - Jean-Baptiste P. Koehl,2019-04-08,1242633,20503,580,2019,0.016499642291811018,0.0004667508427669312,0.01696639313457795,0.027308726851467784,0.0008508282754756214,0.028159555126943406,Apr
How to biohack your cells to fight cancer - Greg Foot,2019-04-09,1295299,63828,2669,2019,0.04927665349853586,0.0020605281097260167,0.051337181608261874,0.028111148188821433,0.0008986652771264662,0.029009813465947897,Apr
The wild world of carnivorous plants - Kenny Coogan,2019-04-11,2277077,35679,1464,2019,0.015668771850929943,0.0006429295100692686,0.01631170136099921,0.027433781462602735,0.0008910191570944203,0.02832480061969716,Apr
Turbulence: One of the great unsolved mysteries of physics - Tomás Chor,2019-04-15,1378259,31902,951,2019,0.02314659291178218,0.0006900009359634147,0.0238365938477456,0.027198513705095306,0.0008804811422110544,0.02807899484730636,Apr
What is a butt tuba and why is it in medieval art? - Michelle Brown,2019-04-16,934905,29316,1294,2019,0.03135719672052241,0.0013840978495141217,0.03274129457003653,0.027068826602237035,0.0009072112164401168,0.027976037818677153,Apr
The surprising reason our muscles get tired - Christian Moro,2019-04-18,5455501,167898,3129,2019,0.030775908573749688,0.0005735495236826096,0.031349458097432295,0.027290257201435075,0.0009005379863663306,0.0281907951878014,Apr
The hidden network that makes the internet possible - Sajan Saini,2019-04-22,833707,28791,656,2019,0.03453371508215716,0.0007868471777255078,0.03532056225988267,0.027923593510533976,0.0008989962805775308,0.028822589791111505,Apr
Titan of terror: The dark imagination of H.P. Lovecraft - Silvia Moreno-García,2019-04-23,2460172,101998,2767,2019,0.04145970281752658,0.0011247181091403366,0.042584420926666915,0.028511791358778387,0.0008901727543175034,0.029401964113095886,Apr
Can you solve the cuddly duddly fuddly wuddly riddle? - Dan Finkel,2019-04-25,3749382,50387,3854,2019,0.013438748039010162,0.0010279027317035181,0.01446665077071368,0.02769740254089689,0.0009047933260617535,0.028602195866958648,Apr
How does the stock market work? - Oliver Elfenbaum,2019-04-29,11389824,304611,20757,2019,0.02674413581807761,0.0018224162199521256,0.028566552038029738,0.027642744725338553,0.0009234890698058939,0.028566233795144447,Apr
Why is this painting so shocking? - Iseult Gillespie,2019-04-30,863522,23978,689,2019,0.02776767702502079,0.0007978951317974528,0.02856557215681824,0.027906936664312078,0.0009024770003320666,0.028809413664644137,Apr
"""Accents"" by Denice Frohman",2019-05-02,316661,14668,490,2019,0.04632082889904346,0.0015473961112988338,0.04786822501034229,0.028647907417167447,0.0009327099634968139,0.02958061738066426,May
How this disease changes the shape of your cells - Amber M. Yates,2019-05-06,1357013,29993,1029,2019,0.02210222009663872,0.0007582830820338493,0.02286050317867257,0.028012789971011243,0.0009231735876521176,0.02893596355866336,May
The Chinese myth of the immortal white snake - Shunan Teng,2019-05-07,6112052,130842,4131,2019,0.021407213158526794,0.0006758777575845232,0.022083090916111315,0.02825611142152281,0.0009218066638356012,0.02917791808535841,May
The Aztec myth of the unlikeliest sun god - Kay Almere Read,2019-05-09,2218705,39180,1293,2019,0.017658949702641858,0.0005827723829891761,0.018241722085631032,0.027689408844079774,0.0009201031485206306,0.028609511992600405,May
How do self-driving cars “see”? - Sajan Saini,2019-05-13,557624,14416,510,2019,0.02585254580147196,0.0009145947807124514,0.02676714058218441,0.028066202546877292,0.0009305083495651852,0.02899671089644247,May
Why should you read “Crime and Punishment”? - Alex Gendler,2019-05-14,5214154,227852,3993,2019,0.04369874767795504,0.0007658001662398157,0.04446454784419486,0.028686549801858842,0.0009307995272082719,0.029617349329067115,May
Can a black hole be destroyed? - Fabio Pacucci,2019-05-16,1781191,48379,1480,2019,0.027161040000763532,0.000830904714878977,0.027991944715642512,0.02796508542383614,0.0009426765382422905,0.02890776196207843,May
The mysterious science of pain - Joshua W. Pate,2019-05-20,1943564,40819,1257,2019,0.021002138339668772,0.0006467499912531822,0.021648888330921955,0.027839110506099295,0.0009429198808848407,0.028782030386984136,May
Can you spot the problem with these headlines? (Level 1) - Jeff Leek & Lucy McGowan,2019-05-21,506055,14478,433,2019,0.028609538488899428,0.0008556382211419708,0.0294651767100414,0.027602970742541973,0.0009204954838439128,0.028523466226385887,May
The Chinese myth of the meddling monk - Shunan Teng,2019-05-23,2736850,53201,1524,2019,0.01943877084969947,0.0005568445475638051,0.019995615397263276,0.02744881893454565,0.0009099526214687389,0.02835877155601439,May
The lovable (and lethal) sea lion - Claire Simeone,2019-05-28,501627,17146,653,2019,0.03418077575569098,0.0013017640597495748,0.035482539815440556,0.028367913263449403,0.0009368074075621558,0.02930472067101156,May
Why should you read “The Master and Margarita”? - Alex Gendler,2019-05-30,815361,27285,978,2019,0.03346370503372126,0.0011994687015935274,0.03466317373531479,0.028515133129280366,0.0009422031826471014,0.029457336311927464,May
The Opposites Game,2019-06-03,450160,20021,899,2019,0.04447529767193887,0.00199706770925893,0.0464723653811978,0.028764386287372285,0.0009937984432985259,0.02975818473067081,Jun
You are more transparent than you think - Sajan Saini,2019-06-04,599132,17667,573,2019,0.029487658813082927,0.0009563835682287042,0.03044404238131163,0.028629102872735155,0.0009902220496548235,0.02961932492238998,Jun
This one weird trick will help you spot clickbait - Jeff Leek & Lucy McGowan,2019-06-06,799210,23247,1185,2019,0.02908747388045695,0.0014827141802529998,0.030570188060709953,0.028992008145233016,0.0010210470070473206,0.030013055152280334,Jun
How close are we to eradicating HIV? - Philip A. Chan,2019-06-10,868791,26883,1863,2019,0.03094300010013916,0.002144359230240645,0.033087359330379804,0.029123705295610845,0.0010804628109517859,0.03020416810656263,Jun
Ugly History: Witch Hunts - Brian A. Pavlac,2019-06-11,2135367,54773,2608,2019,0.025650391712525294,0.0012213357235547802,0.026871727436080073,0.028915508171493142,0.0010860488000603208,0.030001556971553465,Jun
Underwater farms vs. climate change - Ayana Elizabeth Johnson and Megan Davis,2019-06-13,407075,13209,416,2019,0.032448565989068354,0.0010219247067493704,0.03347049069581772,0.029003790038255633,0.0010706088132828961,0.03007439885153853,Jun
Your body vs. implants - Kaitlyn Sadtler,2019-06-17,2197310,55645,1675,2019,0.02532414634257342,0.0007622957161256263,0.026086442058699047,0.028966058431454323,0.0010533270497830682,0.03001938548123739,Jun
How do crystals work? - Graham Baird,2019-06-18,3494028,79013,2300,2019,0.02261372833875401,0.000658266047095215,0.023271994385849225,0.029169861299685754,0.0010597108899273444,0.0302295721896131,Jun
There may be extraterrestrial life in our solar system - Augusto Carballido,2019-06-20,524115,14295,817,2019,0.02727454852465585,0.0015588181982961755,0.028833366722952024,0.02843645780055642,0.0010429872262130162,0.029479445026769437,Jun
The Romans flooded the Colosseum for sea battles - Janelle Peters,2019-06-24,991960,23199,630,2019,0.02338703173515061,0.000635106254284447,0.024022137989435057,0.028693733130030444,0.0010427264510201888,0.02973645958105063,Jun
"Why should you read ""Hamlet""? - Iseult Gillespie",2019-06-25,1892701,63963,1190,2019,0.03379456131739773,0.0006287311096681409,0.03442329242706587,0.029048665410217625,0.0010406841234770132,0.03008934953369464,Jun
What makes tuberculosis (TB) the world's most infectious killer? - Melvin Sanicas,2019-06-27,2611845,47562,2991,2019,0.01821011583765499,0.0011451674965398022,0.019355283334194794,0.028610429380788713,0.0010327197783778692,0.029643149159166583,Jun
The secret language of trees - Camille Defrenne and Suzanne Simard,2019-07-01,809063,25956,928,2019,0.03208155607165326,0.0011470058573930584,0.033228561929046316,0.028653950964052165,0.0010518349895015508,0.029705785953553717,Jul
"""New Colossus"" by Emma Lazarus",2019-07-02,319778,7118,322,2019,0.022259192314668302,0.0010069485705708335,0.023266140885239133,0.02824480020513587,0.001059171702596395,0.029303971907732266,Jul
The most common STI in the world - Emma Bryce,2019-07-09,846433,17923,1724,2019,0.021174741532997886,0.0020367825923611202,0.023211524125359005,0.027568634828984914,0.0010895738520370877,0.028658208681022,Jul
Infinity according to Jorge Luis Borges - Ilan Stavans,2019-07-11,443372,19017,545,2019,0.042891747787411026,0.001229216098445549,0.044120963885856575,0.028550401487264947,0.0010962842975951557,0.029646685784860096,Jul
Can you solve the dark matter fuel riddle? - Dan Finkel,2019-07-16,1460450,22267,1604,2019,0.01524667054674929,0.0010982916224451368,0.016344962169194427,0.028167152644887332,0.0010721468110115892,0.029239299455898923,Jul
Ancient Rome’s most notorious doctor - Ramon Glazov,2019-07-18,3092995,72083,1345,2019,0.023305242976467792,0.0004348535965948862,0.02374009657306268,0.0280184048432689,0.0010600454265048368,0.029078450269773737,Jul
Romance and revolution: The poetry of Pablo Neruda - Ilan Stavans,2019-07-23,614265,18305,542,2019,0.029799842087698307,0.0008823553352380487,0.030682197422936354,0.027467705282890727,0.001037877400636144,0.028505582683526872,Jul
A brief history of cannibalism - Bill Schutt,2019-07-25,4995346,130242,3854,2019,0.02607266843978375,0.0007715181290745426,0.026844186568858293,0.02760005356099556,0.0010383185688708338,0.028638372129866398,Jul
How turtle shells evolved... twice - Judy Cebra Thomas,2019-07-30,928868,21328,531,2019,0.0229612819044256,0.0005716635732956674,0.02353294547772127,0.02765185585252552,0.001034844762727872,0.028686700615253396,Jul
The murder of ancient Alexandria's greatest scholar - Soraya Field Fiorio,2019-08-01,1748381,58498,2960,2019,0.03345838235487574,0.0016929948335059693,0.03515137718838171,0.028178503607599985,0.0010718521777450985,0.029250355785345083,Aug
From pacifist to spy: WWII’s surprising secret agent - Shrabani Basu,2019-08-06,1387404,47319,1111,2019,0.034106143560203084,0.0008007761257715849,0.03490691968597467,0.028453623532891024,0.0010680582225804029,0.029521681755471426,Aug
How do viruses jump from animals to humans? - Ben Longdon,2019-08-08,1572418,29744,1689,2019,0.018916089742040603,0.0010741418630415068,0.01999023160508211,0.02762753493502721,0.0010783362791404593,0.02870587121416767,Aug
The high-stakes race to make quantum computers work - Chiara Decaroli,2019-08-13,402016,11922,575,2019,0.02965553609806575,0.001430291331688291,0.03108582742975404,0.02771068480493728,0.001098315833034103,0.028809000637971382,Aug
Can you solve the multiverse rescue mission riddle? - Dan Finkel,2019-08-15,1769924,26325,1800,2019,0.01487351999294885,0.0010169928200306907,0.01589051281297954,0.027506397526713286,0.00111065726066002,0.028617054787373305,Aug
Why should you read “Kafka on the Shore”? - Iseult Gillespie,2019-08-20,1939747,76654,1689,2019,0.03951752470811915,0.0008707321109402412,0.040388256819059394,0.027869997067353942,0.0011111603903199625,0.028981157457673903,Aug
A day in the life of a Cossack warrior - Alex Gendler,2019-08-22,735402,21754,1022,2019,0.02958109986102839,0.0013897161008536827,0.030970815961882073,0.028208074701064907,0.001138922775429625,0.02934699747649453,Aug
The mysterious origins of life on Earth - Luka Seamus Wright,2019-08-26,1298795,26663,2331,2019,0.020529028830569875,0.0017947405094722415,0.022323769340042116,0.027753016470227536,0.0011553553237537138,0.02890837179398125,Aug
The myth of Jason and the Argonauts - Iseult Gillespie,2019-08-27,2124660,36657,1505,2019,0.017253113439326763,0.0007083486298984309,0.017961462069225193,0.027212663417081055,0.0011389846546972103,0.028351648071778264,Aug
The rise and fall of the Mongol Empire - Anne F. Broadbridge,2019-08-29,5868314,106850,4715,2019,0.018207955470685447,0.0008034675717761524,0.0190114230424616,0.02633708534370594,0.0010991979834477847,0.027436283327153723,Aug
The secret student resistance to Hitler - Iseult Gillespie,2019-09-03,1794652,62880,1716,2019,0.03503743344113511,0.0009561742332218168,0.03599360767435692,0.026522077831307677,0.0010991910056142216,0.027621268836921897,Sep
The dust bunnies that built our planet - Lorin Swint Matthews,2019-09-05,249855,7507,284,2019,0.030045426347281422,0.0011366592623721758,0.0311820856096536,0.026554009580201828,0.001087655841684861,0.027641665421886688,Sep
"""Ode to the Only Black Kid in the Class"" poem by Clint Smith",2019-09-09,245796,7887,323,2019,0.03208758482644144,0.00131409786977819,0.03340168269621963,0.026592162404411902,0.0010599804630027792,0.02765214286741468,Sep
Why should you read “Midnight’s Children”? - Iseult Gillespie,2019-09-10,481930,17733,585,2019,0.03679580021994896,0.0012138692341211379,0.03800966945407009,0.026963676021326027,0.0010597315800216576,0.028023407601347684,Sep
A brief history of chess - Alex Gendler,2019-09-12,11313029,245293,7508,2019,0.02168234519685223,0.0006636595733998384,0.02234600477025207,0.026604801994918822,0.0010477894089100067,0.027652591403828825,Sep
Can you solve the secret sauce riddle? - Alex Gendler,2019-09-16,3454671,49489,3084,2019,0.014325242548422122,0.0008927043993480131,0.015217946947770134,0.02623817186844711,0.0010521363650174197,0.027290308233464528,Sep
A day in the life of a Celtic Druid - Philip Freeman,2019-09-17,1815175,44086,1389,2019,0.024287465395898468,0.0007652154750919333,0.0250526808709904,0.02629396310368526,0.0010557013459506434,0.0273496644496359,Sep
What makes neon signs glow? A 360° animation - Michael Lipman,2019-09-19,331805,6812,354,2019,0.02053013064902578,0.0010668916984373352,0.021597022347463118,0.026069149174497593,0.0010393037959553488,0.02710845297045294,Sep
Think Like a Coder | Teaser Trailer,2019-09-21,832453,15307,573,2019,0.018387824898222483,0.0006883271487999923,0.019076152047022475,0.025902508946599987,0.0010410778257725337,0.026943586772372522,Sep
The myth of the Sampo— an infinite source of fortune and greed - Hanna-Ilona Härmävaara,2019-09-23,2175254,45175,1555,2019,0.02076768965831117,0.000714859046345852,0.02148254870465702,0.025468279891297105,0.0010439487569951242,0.026512228648292228,Sep
Why should you read “The God of Small Things” by Arundhati Roy? - Laura Wright,2019-09-24,741878,24123,853,2019,0.03251612798869895,0.0011497847354955935,0.033665912724194544,0.025945146962998565,0.0010441026649603172,0.026989249627958886,Sep
Einstein's twin paradox explained - Amber Stuver,2019-09-26,5567089,155618,7642,2019,0.027953208579923908,0.0013727102261163779,0.029325918806040283,0.025807535379940922,0.001051626143917761,0.026859161523858685,Sep
"The Prison Break | Think Like A Coder, Ep 1",2019-09-30,1810919,50460,2008,2019,0.0278643053609797,0.0011088292739763622,0.028973134634956065,0.02599437248148463,0.001055022167364612,0.02704939464884925,Sep
Ugly History: Japanese American incarceration camps - Densho,2019-10-01,1740335,38407,2746,2019,0.022068739639207392,0.0015778571367006927,0.023646596775908087,0.026024172418358287,0.0010397246521759312,0.027063897070534217,Oct
"""For Estefani"" poem by Aracelis Girmay",2019-10-03,217166,7496,339,2019,0.03451737380621276,0.0015610178388882237,0.03607839164510098,0.02574502661898501,0.001050784710190687,0.026795811329175696,Oct
The first and last king of Haiti - Marlene Daut,2019-10-07,626175,16135,760,2019,0.025767556992853435,0.0012137182097656405,0.026981275202619077,0.02609572283385515,0.0010546322631013703,0.027150355096956517,Oct
Are we living in a simulation? - Zohreh Davoudi,2019-10-08,1390513,37300,3406,2019,0.02682463234791764,0.0024494557044774123,0.02927408805239505,0.026213035812903473,0.0011217856666974545,0.02733482147960093,Oct
Why should you read Dante’s “Divine Comedy”? - Sheila Marie Orfano,2019-10-10,1925479,58357,1643,2019,0.03030778315421773,0.0008532941673214821,0.03116107732153921,0.026229967181787456,0.0011208169611002356,0.027350784142887694,Oct
"The Resistance | Think Like A Coder, Ep 2",2019-10-14,789431,17971,787,2019,0.022764497467163056,0.000996920566838647,0.023761418034001704,0.026119694816033434,0.0011283303756923727,0.027248025191725807,Oct
What causes an economic recession? - Richard Coffin,2019-10-15,2207700,47125,1982,2019,0.021345744439914844,0.0008977669067355166,0.02224351134665036,0.02606584356721641,0.0011392004868070343,0.027205044054023447,Oct
How to 3D print human tissue - Taneka Jones,2019-10-17,776881,23332,584,2019,0.030032913663740005,0.0007517238804913494,0.030784637544231355,0.025951661277511882,0.0011078247883732136,0.027059486065885097,Oct
The Maya myth of the morning star,2019-10-21,1553398,26319,652,2019,0.016942856885357134,0.0004197250157396881,0.01736258190109682,0.025379551721683682,0.0010951230847054837,0.02647467480638917,Oct
Hawking's black hole paradox explained - Fabio Pacucci,2019-10-22,3781725,88561,2016,2019,0.023418149125068587,0.0005330900581084029,0.02395123918317699,0.025529620367784618,0.0010770880245410468,0.026606708392325665,Oct
"The Greek myth of Talos, the first robot - Adrienne Mayor",2019-10-24,3173684,64926,2369,2019,0.020457613297354117,0.0007464511274594446,0.02120406442481356,0.02522302294109423,0.001054293351066752,0.02627731629216098,Oct
Let’s plant 20 million trees together! #TeamTrees,2019-10-25,355960,25700,1072,2019,0.07219912349702214,0.003011574334194853,0.07521069783121699,0.027133876391230008,0.0011207794015388906,0.0282546557927689,Oct
How close are we to uploading our minds? - Michael S.A. Graziano,2019-10-28,552082,17345,1570,2019,0.03141743436663394,0.0028437804529037355,0.03426121481953768,0.026863873379847168,0.0011865476796043405,0.028050421059451505,Oct
Claws vs. nails - Matthew Borths,2019-10-29,2425974,37700,808,2019,0.015540150059316383,0.0003330621020670461,0.01587321216138343,0.0263958417197901,0.001151325879644786,0.027547167599434885,Oct
Are the illuminati real? - Chip Berlet,2019-10-31,5113797,109970,7021,2019,0.021504568914252953,0.0013729524265433297,0.02287752134079628,0.026428359722579533,0.0011372662768804889,0.02756562599946003,Oct
The Taino myth of the cursed creator - Bill Keegan,2019-11-04,1515425,31801,1013,2019,0.020984872230562383,0.0006684593430885725,0.021653331573650954,0.02655275168228739,0.0011359366339868267,0.027688688316274215,Nov
Game theory challenge: Can you predict human behavior? - Lucas Husted,2019-11-05,1601495,40647,1410,2019,0.025380659945863086,0.0008804273506941951,0.026261087296557278,0.026791841831459978,0.0011385019599507618,0.02793034379141074,Nov
Why haven’t we cured arthritis? - Kaitlyn Sadtler and Heather J. Faust,2019-11-07,510267,13267,718,2019,0.02600011366598271,0.0014071064756294254,0.027407220141612135,0.0264905978389549,0.0011535330346976818,0.02764413087365258,Nov
Why do humans have a third eyelid? - Dorsa Amir,2019-11-11,1884313,52124,2126,2019,0.027662071004127233,0.0011282626612457696,0.028790333665373005,0.026411152660849757,0.0011532531479934685,0.027564405808843225,Nov
The dangers of mixing drugs - Céline Valéry,2019-11-12,2985202,69960,1632,2019,0.023435600002947875,0.0005466966724529865,0.02398229667540086,0.026122753166733306,0.0011276731080826284,0.02725042627481593,Nov
The myth of Loki and the master builder - Alex Gendler,2019-11-14,2565048,43483,2153,2019,0.016952119414529475,0.0008393605109923869,0.017791479925521863,0.02546129713988599,0.0011151894839783365,0.026576486623864325,Nov
"The Furnace Bots | Think Like A Coder, Ep 3",2019-11-18,606955,11735,592,2019,0.019334217528482342,0.0009753606115774645,0.020309578140059806,0.025383026217606994,0.0011255795185842574,0.02650860573619125,Nov
How does laser eye surgery work? - Dan Reinstein,2019-11-19,6689036,136461,4060,2019,0.02040069749960981,0.0006069633950243354,0.021007660894634145,0.02558554138264658,0.0011160548184401347,0.026701596201086718,Nov
"History's ""worst"" nun - Theresa A. Yugar",2019-11-21,9821166,362087,7586,2019,0.03686802564990756,0.0007724133773932748,0.03764043902730083,0.026004893391113552,0.0011162947485168463,0.0271211881396304,Nov
Can you outsmart this logical fallacy? - Alex Gendler,2019-11-25,2074304,64230,2965,2019,0.030964603066860018,0.0014293951127703557,0.03239399817963037,0.026352709138374692,0.0011283781956612803,0.027481087334035974,Nov
The history of the world according to corn - Chris A. Kniesly,2019-11-26,2596108,41941,1798,2019,0.016155337143138885,0.0006925751933278585,0.016847912336466743,0.02627829287987191,0.0011285197971455426,0.027406812677017448,Nov
Is marijuana bad for your brain? - Anees Bahji,2019-12-02,10108502,251247,14568,2019,0.024855018082798025,0.0014411630922168289,0.026296181175014855,0.026414537160688135,0.0011527299320079085,0.02756726709269604,Dec
Why doesn’t the Leaning Tower of Pisa fall over? - Alex Gendler,2019-12-03,5237965,95839,1814,2019,0.01829699129337443,0.0003463177016264904,0.018643308995000923,0.02594056593751065,0.0011259476975456048,0.027066513635056254,Dec
How does chemotherapy work? - Hyunsoo Joshua No,2019-12-05,5549017,123182,3759,2019,0.022198886757780704,0.0006774172794929265,0.02287630403727363,0.02574875521010588,0.0011027712659914897,0.026851526476097367,Dec
"The Train Heist | Think Like A Coder, Ep 4",2019-12-09,544526,9795,600,2019,0.017988121779308978,0.0011018757598351594,0.019089997539144136,0.025419549090716857,0.0011025394821867832,0.026522088572903633,Dec
Hacking bacteria to fight cancer - Tal Danino,2019-12-10,409788,14648,588,2019,0.03574531221021601,0.001434888283697912,0.03718020049391393,0.025875434843083807,0.001097773853753357,0.026973208696837163,Dec
Why should you read “Lord of the Flies” by William Golding? - Jill Dash,2019-12-12,3600656,99177,2433,2019,0.027544147510898013,0.0006757102039183971,0.028219857714816412,0.025642993966573317,0.0010682635992543628,0.026711257565827682,Dec
Why should you read “The Joy Luck Club” by Amy Tan? - Sheila Marie Orfano,2019-12-16,333443,8457,364,2019,0.025362655686279215,0.0010916408501602973,0.026454296536439513,0.02562949725635417,0.0010641943539341848,0.02669369161028836,Dec
Why should you read “Dune” by Frank Herbert? - Dan Kwartler,2019-12-17,6922020,228721,5434,2019,0.033042522269510925,0.0007850309591708779,0.0338275532286818,0.02583676025374062,0.0010087135290906336,0.026845473782831253,Dec
The philosophy of cynicism - William D. Desmond,2019-12-19,3722093,131523,2422,2019,0.03533576404458459,0.0006507091574552274,0.03598647320203982,0.026004359616752848,0.0010019606954284252,0.02700632031218127,Dec
A brief history of alcohol - Rod Phillips,2020-01-02,6767825,133103,4496,2020,0.01966702744234669,0.0006643197777720316,0.020331347220118725,0.02590111061592564,0.000990874002459538,0.02689198461838517,Jan
Master the art of public speaking with TED Masterclass,2020-01-04,1327744,25959,237,2020,0.019551208666730935,0.00017849826472573027,0.019729706931456665,0.025841292756819505,0.0009668983810592117,0.026808191137878714,Jan
Could a breathalyzer detect cancer? - Julian Burschka,2020-01-06,177145,5272,163,2020,0.02976093031132688,0.0009201501594738774,0.030681080470800755,0.0258322266450724,0.0009725125903586294,0.02680473923543103,Jan
The mysterious life and death of Rasputin - Eden Girma,2020-01-07,4074172,100308,3058,2020,0.024620462759058773,0.0007505819587391009,0.025371044717797876,0.02608814684086246,0.0009835411551252767,0.027071687995987734,Jan
Can you solve the dragon jousting riddle? - Alex Gendler,2020-01-09,2768056,43952,1811,2020,0.015878291479652147,0.0006542497695133336,0.016532541249165478,0.025836818252681908,0.0009875798121721075,0.026824398064854014,Jan
"The Artists | Think Like A Coder, Ep 5",2020-01-13,446383,7799,692,2020,0.017471543495159985,0.0015502382483203886,0.019021781743480376,0.025737282592608768,0.0010143727162008056,0.026751655308809578,Jan
The ballet that incited a riot - Iseult Gillespie,2020-01-14,512677,17612,549,2020,0.034353013690881395,0.0010708496772821874,0.03542386336816358,0.024475745599070745,0.0009496818943037168,0.02542542749337446,Jan
"Mating frenzies, sperm hoards, and brood raids: The life of a fire ant queen - Walter R. Tschinkel",2020-01-16,5264587,76495,2821,2020,0.014530104640686914,0.0005358445021423333,0.015065949142829247,0.023912834608205844,0.0008727506959450033,0.02478558530415085,Jan
What's so special about Viking ships? - Jan Bill,2020-01-21,1133236,21485,583,2020,0.01895898118308984,0.000514455947393129,0.01947343713048297,0.02402679564566496,0.0008787971574558728,0.02490559280312083,Jan
Why is cotton in everything? - Michael R. Stiff,2020-01-23,2289815,49596,1158,2020,0.021659391697582554,0.000505717710819433,0.022165109408401988,0.02403195640510928,0.0008498893335984096,0.024881845738707685,Jan
How bones make blood - Melody Smith,2020-01-27,876412,23480,675,2020,0.0267910526099597,0.0007701857117428789,0.02756123832170258,0.024225495751089187,0.0008532802125535531,0.025078775963642743,Jan
Licking bees and pulping trees: The reign of a wasp queen - Kenny Coogan,2020-01-28,3201748,51096,1536,2020,0.015958782515051152,0.0004797379431485551,0.01643852045819971,0.023911433170062123,0.0008399238989686984,0.024751357069030824,Jan
"The Chasm | Think Like A Coder, Ep 6",2020-01-30,456588,7400,455,2020,0.01620717145435272,0.0009965220286122282,0.01720369348296495,0.023585001763007794,0.000826237750734792,0.024411239513742584,Jan
"The life, legacy & assassination of an African revolutionary - Lisa Janae Bacon",2020-02-03,498172,14824,1043,2020,0.029756790827264477,0.0020936544004881846,0.03185044522775266,0.023654825757112367,0.0008584174753762057,0.02451324323248857,Feb
Do politics make us irrational? - Jay Van Bavel,2020-02-04,544253,21247,1058,2020,0.03903882936795939,0.0019439488620182157,0.040982778229977604,0.024174933402612748,0.0009049925483617134,0.025079925950974465,Feb
Everything changed when the fire crystal got stolen - Alex Gendler,2020-02-06,2481231,41403,2866,2020,0.016686475382582274,0.0011550718171746202,0.017841547199756894,0.024166078601547843,0.0009155162585677878,0.025081594860115634,Feb
The accident that changed the world - Allison Ramsey and Mary Staicu,2020-02-10,1303909,26478,694,2020,0.020306631827834612,0.000532245731872393,0.020838877559707005,0.024198492411526256,0.0009007457625776188,0.02509923817410387,Feb
One of the most epic engineering feats in history - Alex Gendler,2020-02-11,1434017,27079,478,2020,0.018883318677533113,0.0003333293817297842,0.019216648059262896,0.02414791311745703,0.0008916246288011337,0.025039537746258164,Feb
"The legend of Annapurna, Hindu goddess of nourishment - Antara Raychaudhuri & Iseult Gillespie",2020-02-13,3999301,138376,5220,2020,0.03460004635810108,0.0013052280886084843,0.03590527444670956,0.024072313807730148,0.000909385119174974,0.02498169892690512,Feb
What happens if you're injected with the wrong blood type? - Bill Schutt,2020-02-18,719671,19200,462,2020,0.026678857422349937,0.0006419600067252954,0.02732081742907523,0.02392945561957981,0.0008831372823068053,0.02481259290188662,Feb
The secret messages of Viking runestones - Jesse Byock,2020-02-20,742420,19612,511,2020,0.02641631421567307,0.0006882896473694135,0.027104603863042483,0.024271488188664283,0.0008829944307748571,0.02515448261943914,Feb
"Vultures: The acid-puking, plague-busting heroes of the ecosystem - Kenny Coogan",2020-02-24,1505768,45992,1350,2020,0.03054388192603376,0.0008965524569521998,0.03144043438298596,0.02446111698343881,0.0008648407429327028,0.025325957726371515,Feb
How good are you at calculating risk? - Gerd Gigerenzer,2020-02-25,647741,19348,533,2020,0.029869963457616548,0.000822859754130123,0.03069282321174667,0.024846882722246878,0.0008807254780161573,0.025727608200263038,Feb
"The Tower of Epiphany | Think Like A Coder, Ep 7",2020-02-27,437742,8663,472,2020,0.01979019605155548,0.0010782607106469108,0.020868456762202392,0.02476659303203937,0.0008940869257212901,0.02566067995776066,Feb
The Egyptian myth of Isis and the seven scorpions - Alex Gendler,2020-03-02,2579274,56995,1556,2020,0.02209730334970228,0.0006032705327157952,0.022700573882418074,0.02490356575105248,0.0008774667514839779,0.02578103250253646,Mar
Can you solve the death race riddle? - Alex Gendler,2020-03-03,1922133,33561,1639,2020,0.01746029020884611,0.0008526985385506622,0.018312988747396772,0.024294065017673488,0.0008580604266457363,0.02515212544431922,Mar
NASA’s first software engineer: Margaret Hamilton - Matt Porter & Margaret Hamilton,2020-03-05,400280,15556,509,2020,0.03886279604277006,0.0012716098730888377,0.0401344059158589,0.02467135330206922,0.0008779237489514177,0.025549277051020634,Mar
"What’s a squillo, and why do opera singers need it? - Ming Luke",2020-03-09,561817,21575,653,2020,0.03840218434116447,0.001162300179595847,0.03956448452076032,0.025106004257232067,0.0008802790599326027,0.025986283317164665,Mar
The meaning of life according to Simone de Beauvoir - Iseult Gillespie,2020-03-10,1715046,69355,1034,2020,0.04043914857094212,0.0006028992808356161,0.04104204785177774,0.02535255846727977,0.0008742080039880939,0.026226766471267864,Mar
The tale of the doctor who defied Death - Iseult Gillespie,2020-03-12,7361864,234454,5435,2020,0.03184709741989257,0.0007382641135451565,0.032585361533437725,0.025236269579790034,0.000877126502524425,0.026113396082314458,Mar
How can we solve the antibiotic resistance crisis? - Gerry Wright,2020-03-16,1190101,30778,1407,2020,0.02586167056409498,0.0011822525987290155,0.027043923162823995,0.02544275768384831,0.0008943909298896577,0.02633714861373797,Mar
How one scientist took on the chemical industry - Mark Lytle,2020-03-17,455379,13671,361,2020,0.030021147220227546,0.0007927462619049187,0.030813893482132464,0.02579175563563153,0.0009148658631289639,0.026706621498760498,Mar
The imaginary king who changed the real world - Matteo Salvadore,2020-03-19,1397179,36077,1198,2020,0.025821315665351396,0.000857442031407572,0.02667875769675897,0.025660435147432346,0.0009127755921934205,0.026573210739625767,Mar
The princess exiled from ancient Mesopotamia - Soraya Field Fiorio,2020-03-23,827897,33129,887,2020,0.04001584738198109,0.0010713893153375359,0.041087236697318626,0.026173614634863094,0.0009234691707467015,0.02709708380560979,Mar
Why isn’t the Netherlands underwater? - Stefan Al,2020-03-24,3578569,98663,4265,2020,0.02757051771252699,0.0011918171760835128,0.0287623348886105,0.02656335550929225,0.000941388084299041,0.027504743593591296,Mar
What is schizophrenia? - Anees Bahji,2020-03-26,10675836,306845,11880,2020,0.028742011398451606,0.0011127934149606645,0.02985480481341227,0.02693903777273531,0.0009268065898537167,0.02786584436258903,Mar
How the world's longest underwater tunnel was built - Alex Gendler,2020-03-30,3796943,80506,1725,2020,0.021202846605808935,0.00045431285115420485,0.02165715945696314,0.02650069886989956,0.0009062553623161173,0.027406954232215678,Mar
History vs. Sigmund Freud - Todd Dufresne,2020-03-31,2306394,71454,2429,2020,0.030980829814853835,0.0010531591740179692,0.0320339889888718,0.027049056375705125,0.000923499184711972,0.027972555560417094,Mar
Can you solve the sea monster riddle? - Dan Finkel,2020-04-02,2798523,51978,3361,2020,0.018573368880655975,0.0012009906654331587,0.019774359546089134,0.02703620263229066,0.0009463836753133062,0.02798258630760397,Apr
The art forger who tricked the Nazis - Noah Charney,2020-04-06,1819897,51256,1013,2020,0.028164231272429154,0.0005566249078931391,0.02872085618032229,0.027253030618118883,0.0009480805818824297,0.02820111120000131,Apr
How Sun Wukong escaped the underworld - Shunan Teng,2020-04-07,1869120,46439,2033,2020,0.024845381783941106,0.0010876776236945728,0.02593305940763568,0.027188174923918264,0.0009586636456141529,0.028146838569532415,Apr
How does alcohol make you drunk? - Judy Grisel,2020-04-09,9008015,179266,4155,2020,0.01990072174613386,0.0004612558926689176,0.020361977638802778,0.027319572898287688,0.0009580475772648316,0.028277620475552514,Apr
The hidden life of Rosa Parks -  Riché D. Richardson,2020-04-13,579273,18806,488,2020,0.03246483091737402,0.0008424352593682081,0.03330726617674223,0.027861494880388395,0.0009529113516233643,0.028814406232011758,Apr
The bug that poops candy - George Zaidan,2020-04-14,4263783,95521,3861,2020,0.022402875568479915,0.0009055338885679689,0.023308409457047884,0.027616364371762243,0.000913307334559357,0.028529671706321598,Apr
"The Gauntlet | Think Like A Coder, Ep 8",2020-04-16,411474,7540,696,2020,0.018324365573523477,0.001691479899094475,0.020015845472617953,0.026925882245281044,0.0009048917024618991,0.027830773947742946,Apr
What’s the point(e) of ballet? - Ming Luke,2020-04-20,346806,13777,485,2020,0.03972537960704255,0.0013984763816081614,0.04112385598865072,0.027693845719429726,0.0009130051879430171,0.02860685090737274,Apr
Introducing Earth School,2020-04-22,333136,7375,374,2020,0.022138105758609097,0.0011226646174535325,0.02326077037606263,0.027754894850455538,0.0009326858174623884,0.028687580667917927,Apr
The wildly complex anatomy of a sneaker - Angel Chang,2020-04-23,478151,15724,650,2020,0.03288500912891534,0.00135940320108083,0.03424441232999617,0.028221617865501612,0.0009668882781074233,0.029188506143609034,Apr
What happens if you cut down all of a city's trees? - Stefan Al,2020-04-24,2565379,74392,1451,2020,0.028998444284450756,0.0005656084344652388,0.029564052718915997,0.028034897796379934,0.0009422342896359818,0.02897713208601592,Apr
The dark history of IQ tests - Stefan C. Dombrowski,2020-04-27,2399408,70829,3394,2020,0.029519364776644907,0.001414515580509859,0.030933880357154765,0.028129581374856435,0.0009679861420954673,0.029097567516951903,Apr
The electrifying speeches of Sojourner Truth - Daina Ramey Berry,2020-04-28,544938,14426,269,2020,0.02647273634798821,0.0004936341381955379,0.02696637048618375,0.02813146211260027,0.0009614976251230048,0.02909295973772328,Apr
This sea creature breathes through its butt - Cella Wright,2020-04-30,430384,15790,1041,2020,0.036688166846351164,0.0024187702145061153,0.03910693706085728,0.028336271609944185,0.0010122382170414687,0.029348509826985652,Apr
What really happened during the Salem Witch Trials - Brian A. Pavlac,2020-05-04,7261178,209662,8154,2020,0.028874378234495835,0.001122958285831858,0.029997336520327694,0.02830308543584016,0.0010222415014315264,0.02932532693727169,May
Which is better: Soap or hand sanitizer? - Alex Rosenthal and Pall Thordarson,2020-05-05,5370657,74257,3333,2020,0.01382642756742797,0.0006205944635823885,0.01444702203101036,0.028104293153035913,0.001006985959862709,0.02911127911289862,May
"What causes opioid addiction, and why is it so tough to combat? - Mike Davis",2020-05-07,2924854,68672,2703,2020,0.0234787787698121,0.0009241486925501239,0.024402927462362223,0.028150342333706238,0.0010176818985238533,0.02916802423223009,May
TED invites the class of 2020 to give a TED Talk,2020-05-11,108455,5719,198,2020,0.052731547646489324,0.0018256419713245124,0.05455718961781384,0.029326050914961013,0.0010501133462829818,0.030376164261243996,May
A day in the life of an Aztec midwife - Kay Read,2020-05-12,1421473,39433,1011,2020,0.02774094196653753,0.0007112340508753948,0.028452176017412924,0.028955322445753263,0.0010314341522092002,0.02998675659796246,May
What is a coronavirus? - Elizabeth Cox,2020-05-14,1939643,34211,1654,2020,0.01763778179799066,0.0008527342402699878,0.01849051603826065,0.028263175694314132,0.001021115287565005,0.029284290981879138,May
How do you know if you have a virus? - Cella Wright,2020-05-18,532580,18363,513,2020,0.03447932704945736,0.0009632355702429682,0.03544256261970033,0.028064514976931305,0.0010331264972119167,0.029097641474143225,May
Can you solve the world’s most evil wizard riddle? - Dan Finkel,2020-05-19,2614350,45885,3318,2020,0.0175512077571863,0.001269149119283952,0.01882035687647025,0.027587985321507764,0.0010508226640698764,0.028638807985577643,May
How do ventilators work? - Alex Gendler,2020-05-21,2625766,57075,1188,2020,0.021736514220993035,0.00045243940244484845,0.022188953623437885,0.02745048011007104,0.0010264955575270708,0.028476975667598103,May
Why should you read “Moby Dick”? - Sascha Morrell,2020-05-26,916646,27963,975,2020,0.030505778675737418,0.001063660344342309,0.03156943902007973,0.027466634491921365,0.0010355260269416507,0.028502160518863014,May
Why the @#$% is there so much traffic? - Benjamin Seibold,2020-05-28,579983,23175,1245,2020,0.039958067736468136,0.0021466146421533043,0.042104682378621444,0.027937859560958588,0.0010784984472998415,0.02901635800825843,May
When is a pandemic over?,2020-06-01,4933205,162534,11975,2020,0.03294693814670179,0.002427428010796227,0.03537436615749802,0.027702229253115943,0.0011236997371484648,0.028825928990264413,Jun
A day in the life of a Peruvian shaman - Gabriel Prieto,2020-06-04,850896,26447,945,2020,0.03108135424305673,0.001110594009138602,0.03219194825219533,0.027819257137466937,0.001120992298250301,0.028940249435717234,Jun
“What happened when we all stopped” narrated by Jane Goodall,2020-06-05,1355413,29330,719,2020,0.021639160905200114,0.0005304656219174525,0.022169626527117566,0.02758249545435855,0.0011015813718155273,0.02868407682617408,Jun
How to see more and care less: The art of Georgia O'Keeffe - Iseult Gillespie,2020-06-08,472519,16169,332,2020,0.03421872982885344,0.0007026172492534692,0.034921347078106915,0.02801635822846004,0.0011098581850855027,0.029126216413545538,Jun
What can DNA tests really tell us about our ancestry? - Prosanta Chakrabarty,2020-06-09,1256291,30774,1091,2020,0.024495916949178177,0.0008684293686733408,0.025364346317851515,0.02780019446627085,0.0011037005249073487,0.028903894991178198,Jun
Which voting system is the best? - Alex Gendler,2020-06-11,1295724,32588,1777,2020,0.02515041783589715,0.0013714340399653012,0.02652185187586245,0.028019429431445555,0.0011093819707250867,0.02912881140217064,Jun
How fast can a vaccine be made? - Dan Kwartler,2020-06-15,1078762,34127,3328,2020,0.031635337544333224,0.003085017825989421,0.03472035537032265,0.028135132973842358,0.0011936617346616292,0.029328794708503983,Jun
Can steroids save your life? - Anees Bahji,2020-06-17,373126,9765,542,2020,0.026170784131901825,0.001452592421862856,0.02762337655376468,0.02817931305210771,0.0012058255612672388,0.02938513861337495,Jun
What yoga does to your body and brain - Krishna Sudhir,2020-06-18,3683566,93542,2415,2020,0.025394413999912043,0.000655614695107947,0.02605002869501999,0.028362436127233652,0.0012123041880152063,0.02957474031524886,Jun
A day in the life of a teenage samurai - Constantine N. Vaporis,2020-06-22,1489311,43519,1480,2020,0.029220894762745996,0.0009937481157394259,0.03021464287848542,0.028254304922079386,0.001217347949894247,0.029471652871973633,Jun
"The Factory | Think Like A Coder, Ep 9",2020-06-23,391364,11058,1198,2020,0.028255026011590235,0.003061088909557343,0.031316114921147574,0.028449376603516395,0.001289199783927226,0.029738576387443625,Jun
First person vs. Second person vs. Third person - Rebekah Bergman,2020-06-25,1225277,29082,837,2020,0.023735041137636633,0.0006831108394265133,0.024418151977063145,0.0286297324556535,0.001255587481938294,0.029885319937591796,Jun
What do all languages have in common? - Cameron Morin,2020-06-29,830596,29551,1918,2020,0.03557806683393611,0.0023091852115830077,0.03788725204551912,0.028491488696549952,0.0012859444429374556,0.029777433139487407,Jun
Can you solve the Ragnarok riddle? - Dan Finkel,2020-06-30,5147214,127829,3761,2020,0.024834599843721283,0.0007306865422731598,0.025565286385994444,0.02858137183272036,0.0012728785070981097,0.02985425033981847,Jun
The last chief of the Comanches and the fall of an empire - Dustin Tahmahkera,2020-07-02,334001,10974,503,2020,0.032856189053326185,0.001505983515019416,0.0343621725683456,0.028580411163534054,0.0012777645175627295,0.029858175681096784,Jul
The greatest mathematician that never lived - Pratik Aghor,2020-07-06,2689023,91414,2453,2020,0.033995246600717066,0.0009122272289972975,0.03490747382971436,0.028746971240742932,0.0012893184773804646,0.030036289718123395,Jul
The tale of the boy who tricked the Devil - Iseult Gillespie,2020-07-07,5538899,147120,3905,2020,0.026561235364645573,0.0007050137581494084,0.027266249122794982,0.02864836692700962,0.0012656684166351161,0.029914035343644736,Jul
What happened when the United States banned alcohol - Rod Phillips,2020-07-09,834655,22826,1387,2020,0.027347826347413003,0.0016617644415956292,0.02900959078900863,0.028677536593657117,0.0013046060934151194,0.029982142687072232,Jul
Volcanic eruption explained - Steven Anderson,2020-07-13,2292243,25703,839,2020,0.01121303456919707,0.00036601704095071943,0.01157905161014779,0.027828365517751977,0.0012361809876299393,0.02906454650538192,Jul
The race to decode a mysterious language - Susan Lupack,2020-07-14,837632,31335,1258,2020,0.037409029263447434,0.0015018528422982885,0.03891088210574572,0.028112853885383697,0.0012488108061788207,0.029361664691562518,Jul
The Egyptian myth of the death of Osiris - Alex Gendler,2020-07-16,3980950,65096,3688,2020,0.016351875808538162,0.0009264120373277735,0.017278287845865936,0.028197035493420706,0.0012590047253036667,0.02945604021872437,Jul
The rise and fall of the Celtic warriors - Philip Freeman,2020-07-20,1271200,33932,1512,2020,0.02669288860918817,0.0011894273127753304,0.0278823159219635,0.028304172488066572,0.00126784734597784,0.029572019834044415,Jul
"The myth of Jason, Medea, and the Golden Fleece - Iseult Gillespie",2020-07-21,1396797,25652,812,2020,0.018364873349527525,0.0005813299999928408,0.018946203349520366,0.027158616678167845,0.0012263702802667845,0.02838498695843463,Jul
How do our brains process speech? - Gareth Gaskell,2020-07-23,426849,18211,761,2020,0.042663799142085373,0.0017828318679439334,0.04444663101002931,0.027656045250686104,0.0012620902075024024,0.02891813545818851,Jul
No one can figure out how eels have sex - Lucy Cooke,2020-07-27,2632065,59099,2286,2020,0.022453472843565792,0.0008685195844327552,0.02332199242799855,0.027816568285538613,0.0012626163856411614,0.029079184671179772,Jul
Ethical dilemma: The burger murders - George Siedel and Christine Ladwig,2020-07-28,2340845,61648,2539,2020,0.02633578899927163,0.0010846510554949175,0.027420440054766546,0.02754511701719909,0.001266663568482893,0.028811780585681977,Jul
Can you solve the honeybee riddle? - Dan Finkel,2020-07-30,1695329,39396,1628,2020,0.023237967379782922,0.0009602855846859224,0.024198252964468845,0.027734675671285642,0.0012563681173296253,0.028991043788615268,Jul
Newton’s three-body problem explained - Fabio Pacucci,2020-08-03,7275402,128790,3272,2020,0.01770211460480122,0.000449734598857905,0.018151849203659125,0.027600195684079246,0.0012562779572100607,0.028856473641289307,Aug
"The big-beaked, rock-munching fish that protect coral reefs - Mike Gil",2020-08-04,483962,16702,684,2020,0.03451097400209107,0.0014133341047437608,0.035924308106834835,0.027733702194957705,0.0012679337492234421,0.029001635944181144,Aug
The myth of Ireland's two greatest warriors - Iseult Gillespie,2020-08-06,1341480,41421,1762,2020,0.030877090974147956,0.0013134746697677192,0.032190565643915675,0.027431002969547032,0.0012401624168105895,0.028671165386357618,Aug
Can you outsmart the fallacy that fooled a generation of doctors? - Elizabeth Cox,2020-08-10,1819424,62226,1956,2020,0.03420093392194453,0.001075065515239988,0.03527599943718451,0.02747280282872179,0.0011950836669587148,0.028667886495680504,Aug
Can you solve the cheating royal riddle? - Dan Katz,2020-08-11,5254795,103736,4915,2020,0.019741207792121292,0.000935336202458897,0.020676543994580188,0.02709479794702394,0.0011892417400693914,0.02828403968709333,Aug
The last living members of an extinct species - Jan Stejskal,2020-08-13,1090290,36114,1438,2020,0.03312329747131497,0.0013189151510148676,0.03444221262232984,0.02747760249922777,0.0012155233910393051,0.028693125890267072,Aug
What’s that ringing in your ears? - Marc Fagelson,2020-08-17,7097288,204880,16191,2020,0.028867364548261252,0.0022812939252289046,0.031148658473490156,0.027299223656541364,0.001268145946905153,0.028567369603446517,Aug
Can the ocean run out of oxygen? - Kate Slabosky,2020-08-18,784866,23795,826,2020,0.030317277089337544,0.0010524089462405047,0.03136968603557805,0.027493268994546675,0.001274278599490725,0.028767547594037397,Aug
The rise of modern populism - Takis S. Pappas,2020-08-20,665316,26163,2475,2020,0.03932417076997998,0.00372003679454575,0.043044207564525726,0.02796572742568277,0.0013525653579767398,0.029318292783659508,Aug
Evolution’s great mystery - Michael Corballis,2020-08-24,635823,24588,1239,2020,0.038671139609608336,0.0019486555220556664,0.040619795131664,0.02820025416119194,0.0013146866145122816,0.029514940775704223,Aug
Is the weather actually becoming more extreme? - R. Saravanan,2020-08-25,580512,16264,862,2020,0.028016647373353177,0.0014848960917259247,0.029501543465079102,0.028261782935906987,0.0013157634035077172,0.029577546339414704,Aug
How to outsmart the Prisoner’s Dilemma - Lucas Husted,2020-08-27,4696574,155983,4566,2020,0.033212081828158144,0.000972198032012271,0.03418427986017041,0.02852237186351519,0.001326316181404528,0.029848688044919712,Aug
The fish that walk on land - Noah R. Bressman,2020-08-31,1021738,23386,894,2020,0.02288845085530733,0.0008749796914668927,0.02376343054677422,0.028311290399933898,0.0013223572339287769,0.029633647633862677,Aug
Can you solve the sorting hat riddle? - Dan Katz and Alex Rosenthal,2020-09-01,3048742,59741,4113,2020,0.019595295371008764,0.0013490810307989329,0.020944376401807695,0.028022632711914516,0.00126529030463683,0.029287923016551348,Sep
Why people fall for misinformation - Joseph Isaac,2020-09-03,690977,22686,1003,2020,0.03283177298231345,0.0014515678524755528,0.034283340834789004,0.028325857106737077,0.0012909055384051312,0.029616762645142212,Sep
Are all of your memories real? - Daniel L. Schacter,2020-09-08,2079049,63775,2190,2020,0.030675082694058678,0.0010533662265776323,0.03172844892063631,0.028162424302074496,0.0012490449055716187,0.029411469207646115,Sep
A brief history of plastic,2020-09-10,1312906,29203,1129,2020,0.022243024253069146,0.0008599244728868632,0.02310294872595601,0.028076038449052758,0.0012533528365920757,0.029329391285644834,Sep
The Japanese folktale of the selfish scholar - Iseult Gillespie,2020-09-14,2432147,83510,1352,2020,0.03433591801811321,0.0005558874525265126,0.03489180547063973,0.02812536274787899,0.0012216829678423121,0.029347045715721307,Sep
A day in the life of an ancient Greek architect - Mark Robinson,2020-09-15,589605,15660,439,2020,0.02656015467982802,0.0007445662774230205,0.02730472095725104,0.027877526350516026,0.001216094269456503,0.029093620619972525,Sep
"""Jabberwocky"": One of literature's best bits of nonsense",2020-09-17,1028801,35769,1584,2020,0.03476765671884067,0.001539656357254707,0.036307313076095374,0.028151073728989194,0.0012439156894266795,0.029394989418415875,Sep
Is life meaningless? And other absurd questions -  Nina Medvinskaya,2020-09-21,3090689,119822,5199,2020,0.03876870173608538,0.0016821491906820777,0.040450850926767465,0.02853176957527827,0.0012445951810628945,0.029776364756341166,Sep
Is human evolution speeding up or slowing down? - Laurence Hurst,2020-09-22,2483572,82627,4011,2020,0.033269420012788035,0.0016150125706039526,0.03488443258339199,0.029266982423397973,0.0012862283653846689,0.03055321078878264,Sep
"The World Machine | Think Like A Coder, Ep 10",2020-09-24,367797,11604,1178,2020,0.031550012642843746,0.0032028537481273637,0.0347528663909711,0.029071681869377853,0.0013429283955789714,0.030414610264956822,Sep
How to perform brain surgery without making a single cut - Hyunsoo Joshua No,2020-09-28,270738,10725,514,2020,0.03961394410832613,0.0018985144309258397,0.04151245853925197,0.029847084146037445,0.001375331808698907,0.031222415954736356,Sep
The problem with the U.S. bail system - Camilo Ramirez,2020-09-29,430604,18627,1278,2020,0.04325784247243407,0.0029679241251823023,0.046225766597616375,0.030399249274812308,0.0014346150357791394,0.03183386431059145,Sep
The surprising effects of pregnancy,2020-10-01,10978612,203996,6468,2020,0.018581219556716277,0.0005891455131122222,0.0191703650698285,0.030406460815051935,0.0014348755528831188,0.031841336367935055,Oct
The myth of the stolen eyeballs - Nathan D. Horowitz,2020-10-05,1418404,33071,838,2020,0.023315642087867773,0.0005908048764667894,0.02390644696433456,0.029761522246578017,0.0013951413198338806,0.031156663566411894,Oct
"Who owns the ""wilderness""? - Elyse Cox",2020-10-06,363054,12027,457,2020,0.033127303376357234,0.0012587659136106474,0.03438606928996788,0.030117316597671067,0.001408149530806477,0.03152546612847754,Oct
"What causes panic attacks, and how can you prevent them? - Cindy J. Aaronson",2020-10-08,5141103,157078,7955,2020,0.030553365688257946,0.00154733332516388,0.03210069901342183,0.03025790248730394,0.0014235722731287758,0.03168147476043272,Oct
"Can we create the ""perfect"" farm? - Brent Loken",2020-10-12,2309939,64514,2294,2020,0.027928876043912847,0.000993099817787396,0.028921975861700245,0.030414266109441604,0.001424666080898825,0.03183893219034043,Oct
Can you solve the riddle and escape Hades? - Dan Finkel,2020-10-13,3003671,60244,3407,2020,0.020056790507349175,0.001134278687645884,0.021191069194995058,0.030492755306193206,0.0014474842171917574,0.03194023952338496,Oct
The rise and fall of history’s first empire - Soraya Field Fiorio,2020-10-15,1441317,35708,1690,2020,0.024774563819062706,0.0011725387267339524,0.025947102545796658,0.03016820830009226,0.0014394577045914307,0.03160766600468369,Oct
Could we steal the power of a black hole? - Fabio Pacucci,2020-10-19,501312,18051,828,2020,0.0360075162772884,0.0016516660283416315,0.03765918230563003,0.030339222476863607,0.0014507307498772275,0.03178995322674084,Oct
Which type of milk is best for you? - Jonathan J. O’Sullivan & Grace E. Cunningham,2020-10-20,5734463,153235,8355,2020,0.026721769762922874,0.0014569803659034855,0.02817875012882636,0.030089917004896216,0.001463461244899344,0.031553378249795566,Oct
The hidden treasures of Timbuktu - Elizabeth Cox,2020-10-22,933329,29313,1234,2020,0.03140693153218212,0.0013221489956917658,0.03272908052787388,0.030478774462898248,0.001476355004673773,0.03195512946757202,Oct
Can you outsmart the fallacy that started a witch hunt? - Elizabeth Cox,2020-10-26,1285802,47492,2117,2020,0.036935702386526076,0.0016464432315395371,0.03858214561806561,0.030605854626738614,0.001487272607357929,0.03209312723409655,Oct
What if there were 1 trillion more trees? - Jean-François Bastin,2020-10-27,4053109,112911,4105,2020,0.027857874041877482,0.0010128027644951073,0.028870676806372588,0.03057220494319249,0.0014449895686668023,0.03201719451185929,Oct
Can you outsmart a troll (by thinking like one)? - Claire Wardle,2020-10-29,795397,30228,1897,2020,0.03800366357931951,0.002384972535727442,0.04038863611504695,0.030828417826191893,0.0014894083549830334,0.03231782618117492,Oct
The dark history of bananas - John Soluri,2020-11-02,3068296,56357,2163,2020,0.018367523863408224,0.0007049515431366465,0.01907247540654487,0.03012986292930616,0.0013889055132693966,0.031518768442575555,Nov
"The other ""Golden Rule"" - David L. Hu",2020-11-05,344538,11321,823,2020,0.03285849456373462,0.002388706035328469,0.03524720059906309,0.029936108094443706,0.0014035738637118234,0.03133968195815553,Nov
How do steroids affect your muscles— and the rest of your body? - Anees Bahji,2020-11-09,3751238,69913,2104,2020,0.018637313868115006,0.0005608815009871408,0.019198195369102146,0.0296234636442691,0.001372773377353864,0.030996237021622963,Nov
How do investors choose stocks? - Richard Coffin,2020-11-10,978501,31251,1935,2020,0.031937627043814976,0.0019775145860862686,0.033915141629901245,0.029580981818124328,0.0014062839291563306,0.030987265747280657,Nov
Why do you get a fever when you're sick? - Christian Moro,2020-11-12,1382746,35200,1070,2020,0.025456591449188787,0.000773822524165682,0.02623041397335447,0.02966658650458704,0.0014029120235796236,0.031069498528166664,Nov
How fast is the speed of thought? - Seena Mathew,2020-11-16,995879,36664,1166,2020,0.03681571757211469,0.0011708249697001342,0.03798654254181482,0.030240600577957244,0.0013969701548763303,0.03163757073283357,Nov
Can you solve the Alice in Wonderland riddle? - Alex Gendler,2020-11-17,2280927,56960,1889,2020,0.02497230292771316,0.0008281720546076222,0.025800474982320784,0.0299786182428039,0.0013761902949473992,0.03135480853775129,Nov
Which bag should you use? - Luka Seamus Wright and Imogen Ellen Napper,2020-11-19,750786,26216,1268,2020,0.034918072526658725,0.0016888967029220043,0.03660696922958073,0.0301200512372239,0.0013973746441588784,0.031517425881382774,Nov
Why is pneumonia so dangerous? - Eve Gaus and Vanessa Ruiz,2020-11-30,2729742,52188,2519,2020,0.019118290299962416,0.0009227978321760811,0.020041088132138497,0.030015893438787012,0.0013994704228018522,0.03141536386158886,Nov
The myth of Loki and the deadly mistletoe - Iseult Gillespie,2020-12-01,2972145,57526,1776,2020,0.01935504492546629,0.0005975482353653674,0.019952593160831655,0.029516531002365447,0.0014008591155631473,0.030917390117928593,Dec
The most colorful gemstones on Earth - Jeff Dekofsky,2020-12-03,656339,23184,636,2020,0.03532320949996877,0.0009690114407341328,0.0362922209407029,0.02980863282970347,0.001408340621006851,0.031216973450710322,Dec
The world’s largest organism - Alex Rosenthal,2020-12-07,700262,25969,1411,2020,0.03708469115845212,0.0020149601149284124,0.03909965127338053,0.029885867311023852,0.0014241840795959746,0.03131005139061983,Dec
Can you solve the monster duel riddle? - Alex Gendler,2020-12-08,3735925,47411,3157,2020,0.012690565254923479,0.0008450383773764195,0.013535603632299898,0.029016596094985123,0.0013962803858191192,0.030412876480804242,Dec
Building the world's largest (and most controversial) power plant - Alex Gendler,2020-12-10,1150968,30169,1101,2020,0.026211849504069618,0.0009565861083887649,0.027168435612458384,0.028781343744694505,0.001374332837078613,0.03015567658177312,Dec
This thought experiment will help you understand quantum mechanics - Matteo Fadel,2020-12-14,308064,10656,710,2020,0.034590215020255534,0.002304715903188948,0.03689493092344448,0.028882683823941567,0.001344394908913999,0.030227078732855565,Dec
What happens when you die? A poetic inquiry,2020-12-15,337481,11518,553,2020,0.0341293287622118,0.001638610766235729,0.03576793952844753,0.028699863312404424,0.001335731453424329,0.03003559476582875,Dec
The spear-wielding stork who revolutionized science - Lucy Cooke,2020-12-17,395569,14621,521,2020,0.03696194595633126,0.0013170900651972223,0.03827903602152848,0.028490000095200994,0.0012807036514248262,0.029770703746625823,Dec
The strange history of the world's most stolen painting - Noah Charney,2020-12-21,858217,22637,560,2020,0.02637677883332537,0.0006525156225057299,0.0270292944558311,0.028749852071087968,0.0012828159884046098,0.030032668059492573,Dec
Do personality tests work? - Merve Emre,2020-12-22,1193787,56472,1890,2020,0.0473049212296666,0.001583197002480342,0.04888811823214694,0.029549494709147927,0.0013158957259383948,0.030865390435086324,Dec
The life cycle of a cup of coffee - A.J. Jacobs,2021-01-04,1521943,40384,1086,2021,0.02653450227768057,0.0007135615459974519,0.02724806382367802,0.029329734672525372,0.001297722247017955,0.030627456919543324,Jan
Why should you read Toni Morrison’s “Beloved”? - Yen Pham,2021-01-05,643833,29749,467,2021,0.046206081390671186,0.0007253433732039209,0.0469314247638751,0.029851491862605814,0.001270322581952623,0.031121814444558433,Jan
A day in the life of an ancient Babylonian business mogul - Soraya Field Fiorio,2021-01-07,1202347,27704,700,2021,0.023041601135113242,0.0005821946576154804,0.023623795792728722,0.02968858269897916,0.0012566257432802257,0.030945208442259387,Jan
"These squids can fly... no, really - Robert Siddall",2021-01-11,1822065,54632,2409,2021,0.029983562606163885,0.0013221262688213648,0.03130568887498525,0.030019475102272982,0.0012628873293194086,0.03128236243159239,Jan
Savitri and Satyavan: The legend of the princess who outwitted Death - Iseult Gillespie,2021-01-12,5897533,169628,6608,2021,0.028762535114258792,0.0011204685077641787,0.02988300362202297,0.03015240747877952,0.0012611516553537494,0.03141355913413327,Jan
We can help you master public speaking - Chris Anderson,2021-01-14,402614,13847,378,2021,0.03439274342173894,0.000938864520359451,0.035331607942098386,0.03009858171692787,0.0012373916050876768,0.03133597332201555,Jan
Who decides how long a second is? - John Kitching,2021-01-19,2533157,73906,1814,2021,0.029175451817633095,0.000716102476080243,0.02989155429371334,0.030180371118751544,0.001212695675426902,0.03139306679417844,Jan
The rise of the Ottoman Empire - Mostafa Minawi,2021-01-21,1540061,36565,2135,2021,0.02374256604121525,0.0013863087241349531,0.025128874765350202,0.02992489226905265,0.001214834333041675,0.031139726602094322,Jan
The Japanese myth of the trickster raccoon - Iseult Gillespie,2021-01-25,1153998,37075,895,2021,0.032127438695734305,0.0007755646023649954,0.0329030032980993,0.029764616812692924,0.0011858050454025234,0.030950421858095444,Jan
Why bats don't get sick - Arinjay Banerjee,2021-01-26,1425202,48480,2910,2021,0.03401623068168583,0.002041815826809112,0.03605804650849494,0.029969895367353203,0.0012201054808129903,0.03119000084816619,Jan
When did humans start getting divorced? - Rod Phillips,2021-01-28,866954,25250,1050,2021,0.029124959340403298,0.0012111369230662758,0.030336096263469572,0.02967393855938933,0.001180977627057618,0.03085491618644694,Jan
The world’s most dangerous fart - Nick Caruso and Dani Rabaiotti,2021-02-01,2285881,47365,2593,2021,0.020720676185680707,0.0011343547629994737,0.02185503094868018,0.029752376970131743,0.0011952910677197122,0.03094766803785146,Feb
What if every satellite suddenly disappeared? - Moriba Jah,2021-02-02,391457,14612,948,2021,0.037327216016063064,0.0024217219260352987,0.03974893794209836,0.029901334351876026,0.0011963915974099399,0.031097725949285962,Feb
"Why didn’t this 2,000 year old body decompose? - Carolyn Marshall",2021-02-04,1820497,44274,1167,2021,0.02431973246866103,0.0006410337396875688,0.024960766208348598,0.030090748305227562,0.0011990633386999541,0.031289811643927516,Feb
Uncovering the brain's biggest secret - Melanie E. Peffer,2021-02-08,563578,23602,546,2021,0.04187885261667418,0.0009688099961318575,0.04284766261280604,0.030422122490989533,0.0011654398523681406,0.031587562343357675,Feb
"What causes dandruff, and how do you get rid of it? - Thomas L. Dawson",2021-02-09,13196463,280651,7003,2021,0.021267138020240727,0.000530672499138595,0.02179781051937932,0.030282474043357932,0.0011573348515339043,0.031439808894891834,Feb
The satisfying math of folding origami - Evan Zodl,2021-02-11,442291,20483,731,2021,0.04631113904646488,0.0016527580258246268,0.04796389707228951,0.030598988092502936,0.0011733992867380542,0.03177238737924099,Feb
The “myth” of the boiling frog,2021-02-16,1618328,61638,2742,2021,0.03808745816670045,0.0016943413201773682,0.039781799486877815,0.03103615993380251,0.001202271595590379,0.032238431529392896,Feb
"Why do we, like, hesitate when we, um, speak? - Lorenzo García-Amaya",2021-02-18,2402291,107965,3726,2021,0.04494251529061217,0.0015510194227094053,0.04649353471332158,0.031370308025934296,0.0011976756862499588,0.03256798371218425,Feb
How scientists turn lakes into giant batteries,2021-02-22,660114,22287,794,2021,0.033762350139521356,0.001202822542772915,0.03496517268229427,0.031858443353919595,0.0012070098432698532,0.03306545319718945,Feb
Can you solve the demon dance party riddle? - Edwin Meyer,2021-02-23,1789519,38546,1645,2021,0.02153986629926813,0.0009192414274450285,0.022459107726713157,0.03193127073304632,0.001217732949672509,0.03314900368271883,Feb
Debunking the myth of the Lost Cause: A lie embedded in American history - Karen L. Cox,2021-02-25,2656269,79497,20221,2021,0.02992806827922925,0.007612557312531223,0.037540625591760475,0.031751432692355,0.0014391844787324118,0.033190617171087414,Feb
The material that could change the world... for a third time,2021-03-01,992540,33202,1166,2021,0.03345154855219941,0.0011747637374816128,0.03462631228968102,0.03163032793881324,0.0014111779328175185,0.033041505871630766,Mar
Can loud music damage your hearing? - Heather Malyuk,2021-03-02,714964,29335,1387,2021,0.04103003787603292,0.0019399578160578714,0.04296999569209079,0.03257497702618357,0.0014476752474402337,0.03402265227362379,Mar
"How would you finish the sentence, “Imagine if…”? - Sir Ken Robinson",2021-03-04,250261,13832,1762,2021,0.055270297809087314,0.007040649561857421,0.06231094737094473,0.03354359196968415,0.0016504773625558554,0.03519406933224001,Mar
"Who were Las Mariposas, and why were they murdered? - Lisa Krause",2021-03-08,1583722,60872,1531,2021,0.03843603864819709,0.0009667100665394558,0.03940274871473655,0.03367178609061554,0.0016058771680008725,0.0352776632586164,Mar
How much electricity does it take to power the world?,2021-03-09,436958,15888,660,2021,0.03636047400436655,0.001510442651238792,0.037870916655605345,0.03374615759868736,0.0016016048975009745,0.03534776249618834,Mar
How does artificial intelligence learn? - Briana Brownell,2021-03-11,750597,21511,1281,2021,0.028658521150497537,0.0017066415133553691,0.030365162663852908,0.03346937677182624,0.0016145899457729125,0.03508396671759915,Mar
The best nose in the animal kingdom - Chase LaDue & Bruce A. Schulte,2021-03-15,279559,13865,464,2021,0.0495959707968622,0.0016597569743775017,0.051255727771239705,0.03424334983727747,0.0016481646575019716,0.03589151449477944,Mar
How much land does it take to power the world?,2021-03-16,556990,17927,1251,2021,0.032185497046625614,0.0022460008258676097,0.03443149787249322,0.0337393690311761,0.0016702581182815475,0.03540962714945764,Mar
How do antidepressants work? - Neil R. Jeyasingam,2021-03-18,4026587,137656,3898,2021,0.0341867690925342,0.0009680655105676346,0.035154834603101835,0.03399444459167122,0.0016787415837672202,0.03567318617543844,Mar
4 different ways you can power a car,2021-03-22,494809,14431,781,2021,0.02916478883771314,0.001578386811880948,0.030743175649594084,0.03342640150657262,0.0017071763650564544,0.035133577871629074,Mar
Ugly History: The Spanish Inquisition - Kayla Wolf,2021-03-23,1706666,43418,4647,2021,0.025440244312595433,0.002722852626114307,0.02816309693870974,0.03350635627915536,0.001778531630673082,0.035284887909828436,Mar
Can you solve the fantasy election riddle? - Dennis E. Shasha,2021-03-25,1731570,36132,1894,2021,0.020866612380671876,0.0010938050439774308,0.021960417424649308,0.033202457938305625,0.001770920923178284,0.034973378861483904,Mar
Why every world map is wrong - Kayla Wolf,2021-03-29,858196,29532,1273,2021,0.034411719467347786,0.0014833441311774933,0.035895063598525276,0.03339076408340859,0.0017830167772920613,0.03517378086070065,Mar
A brief history of the devil - Brian A. Pavlac,2021-03-30,1668650,56835,1495,2021,0.03406046804302879,0.000895933838731909,0.034956401881760704,0.03337968823745159,0.0017815857545711432,0.03516127399202273,Mar
How to see with sound - Jacques S. Abramowicz,2021-04-01,424478,12333,367,2021,0.029054509303191214,0.0008645913333553212,0.029919100636546535,0.03337565682030352,0.001786535383146979,0.0351621922034505,Apr
Can you outsmart the apples and oranges fallacy? - Elizabeth Cox,2021-04-05,1174505,49831,2348,2021,0.042427235303383125,0.0019991400632606926,0.044426375366643824,0.03399847912904245,0.0018069630944511706,0.03580544222349362,Apr
Why good ideas get trapped in the valley of death— and how to rescue them,2021-04-06,788297,28687,1002,2021,0.03639110639771558,0.0012710945240182318,0.037662200921733814,0.03414060138577516,0.0018234807585062783,0.03596408214428144,Apr
The surprising secrets of hummingbird flight - Kristiina J. Hurme and Alejandro Rico-Guevara,2021-04-08,1072853,33513,1209,2021,0.031237271089329107,0.001126901821591588,0.0323641729109207,0.034047969399363276,0.0017929836249990273,0.0358409530243623,Apr
This tool will help improve your critical thinking - Erick Wilberding,2021-04-12,6891983,216622,3025,2021,0.03143101194532836,0.00043891576633314387,0.03186992771166151,0.034124837819527444,0.0017672429197745899,0.035892080739302036,Apr
Whatever happened to acid rain? - Joseph Goffman,2021-04-13,2659473,78833,4386,2021,0.029642338914514267,0.001649198920237205,0.03129153783475147,0.03442222657715523,0.0017844043916825142,0.036206630968837736,Apr
Why are airplanes slower than they used to be? - Alex Gendler,2021-04-15,2482419,65268,1621,2021,0.026292096539705826,0.0006529921016556835,0.02694508864136151,0.03405438926127665,0.0017254467308698603,0.035779835992146514,Apr
The world’s most painful insect sting - Justin Schmidt,2021-04-19,1897050,34895,1088,2021,0.018394349121003663,0.0005735220473893677,0.018967871168393033,0.0338568764830214,0.0017231963411265872,0.03558007282414799,Apr
How the world’s tallest skyscraper was built - Alex Gendler,2021-04-20,1051039,23901,695,2021,0.022740355020127702,0.0006612504388514603,0.023401605458979163,0.033218926563136526,0.001712944355883907,0.034931870919020426,Apr
How do wind turbines work? - Rebecca J. Barthelmie and Sara C. Pryor,2021-04-22,1281583,26076,928,2021,0.020346711839966666,0.0007241044864047042,0.02107081632637137,0.03318824569046072,0.0017193920887927775,0.0349076377792535,Apr
Can you solve Dongle's Difficult Dilemma? - Dennis E. Shasha,2021-04-26,2234154,42903,2787,2021,0.019203242032554604,0.001247452055677451,0.020450694088232056,0.03228464912333038,0.0017058818897878714,0.03399053101311825,Apr
"Demolition, disease, and death: Building the Panama Canal - Alex Gendler",2021-04-27,1398049,25295,755,2021,0.018093071129838798,0.0005400382962256687,0.018633109426064467,0.03161816955543499,0.001667405122322815,0.03328557467775781,Apr
How long should your naps be? - Sara C. Mednick,2021-04-29,5546574,233012,4576,2021,0.04201007685104355,0.0008250137832831583,0.0428350906343267,0.03152042160744937,0.00164320493434194,0.03316362654179131,Apr
"Meet the bluefin tuna, the toughest fish in the sea - Grantly Galland and Raiana McKinney",2021-05-03,2066014,40316,1099,2021,0.019513904552437688,0.000531942184322081,0.02004584673675977,0.031045473421213245,0.0016208422557269122,0.03266631567694016,May
How to get a word added to the dictionary - Ilan Stavans,2021-05-04,447665,14098,646,2021,0.03149229892888655,0.001443043347145745,0.0329353422760323,0.03137722117553386,0.001638302319716936,0.0330155234952508,May
How one design flaw almost toppled a skyscraper - Alex Gendler,2021-05-06,889269,25163,650,2021,0.028296274805486302,0.0007309374328802646,0.02902721223836657,0.03132282805974243,0.0014089149903952374,0.032731743050137665,May
What’s in the air you breathe? - Amy Hrdina and Jesse Kroll,2021-05-10,388614,13859,539,2021,0.035662636961097643,0.0013869803970006228,0.037049617358098266,0.031396531006705704,0.001415988879045871,0.032812519885751575,May
What really happened during the Attica Prison Rebellion - Orisanmi Burton,2021-05-11,277385,11373,556,2021,0.04100077509598572,0.0020044342700578617,0.04300520936604359,0.03139555558070413,0.0014181380941792041,0.032813693674883335,May
Should you donate your DNA to help cure diseases? - Greg Foot,2021-05-13,174866,7587,508,2021,0.043387508149097025,0.00290508160534352,0.04629258975444054,0.030999462592037785,0.0012802858289620743,0.032279748420999864,May
What happens to your brain during a migraine - Marianne Schwarz,2021-05-17,3802254,95702,6810,2021,0.025169807172272025,0.001791042891926736,0.026960850064198762,0.03055725487617362,0.0013077635898083168,0.031865018465981935,May
Can you be awake and asleep at the same time? - Masako Tamaki,2021-05-18,1650175,40042,904,2021,0.02426530519490357,0.0005478206856848516,0.024813125880588423,0.03015408258252485,0.0012756761909565187,0.03142975877348137,May
"Run, sail, or hide? How to survive the destruction of Pompeii - Gary Devore",2021-05-20,2665257,59653,1799,2021,0.02238170652961422,0.0006749818122605062,0.023056688341874725,0.02994485542849541,0.0012412875342533568,0.031186142962748766,May
The woman who stared at the Sun - Alex Gendler,2021-05-24,2231026,95722,2219,2021,0.04290492356431525,0.0009946096549300636,0.043899533219245314,0.029721820520743843,0.0012191159569384421,0.03094093647768229,May
Could you survive the real Twilight Zone? - Philip Renaud and Kenneth Kostel,2021-05-25,617437,18447,501,2021,0.02987673236297792,0.000811418816818558,0.03068815117979648,0.029644861697955587,0.0011712965566368072,0.030816158254592392,May
Can you solve the Trojan War riddle? - Dennis E. Shasha,2021-05-27,2757930,54288,1516,2021,0.019684328463739107,0.0005496876280398705,0.02023401609177898,0.02916144701032908,0.0011573506272192148,0.030318797637548297,May
"The epic of Gilgamesh, the king who tried to conquer death - Soraya Field Fiorio",2021-06-01,4092745,112318,4504,2021,0.027443195214947425,0.0011004839050563864,0.02854367912000381,0.02910406055623689,0.0011414205303250627,0.030245481086561957,Jun
Why do we have hair in such random places? - Nina G. Jablonski,2021-06-03,5313977,129219,3918,2021,0.024316815823628893,0.0007373008953557759,0.02505411671898467,0.029066612939938008,0.0010752354726331118,0.03014184841257112,Jun
A day in the life of the oracle of Delphi - Mark Robinson,2021-06-07,1264024,37588,921,2021,0.029736777149800952,0.0007286254058467244,0.030465402555647676,0.029362285098908977,0.001063062818028755,0.030425347916937732,Jun
Ugly History: The U.S. Syphilis Experiment - Susan M. Reverby,2021-06-08,661750,22498,984,2021,0.033997733282961844,0.0014869663770306007,0.035484699659992444,0.029348485559429444,0.0010631835595571917,0.03041166911898664,Jun
How do you know what's true? - Sheila Marie Orfano,2021-06-10,1307151,55015,1693,2021,0.04208771595630497,0.0012951831884763121,0.04338289914478129,0.029616060489871986,0.0010764918712153385,0.030692552361087325,Jun
The sharks that hunt in forests - Luka Seamus Wright,2021-06-14,809889,26033,646,2021,0.032143911079172575,0.0007976401704431101,0.03294155124961569,0.029719040549071363,0.0010742601657849316,0.030793300714856295,Jun
A brief history of toilets - Francis de los Reyes,2021-06-15,5555628,61920,2062,2021,0.01114545466327119,0.0003711551601367118,0.011516609823407903,0.0286763145277343,0.0010199940023474655,0.029696308530081768,Jun
"What few people know about the program that ""saved"" America - Meg Jacobs",2021-06-17,570365,15623,1049,2021,0.027391231930430512,0.0018391731610459968,0.02923040509147651,0.02837631871215813,0.0010389299569150577,0.029415248669073187,Jun
Why was India split into two countries? - Haimanti Roy,2021-06-21,4114618,138446,15572,2021,0.033647351953449874,0.0037845554556947937,0.03743190740914466,0.028456654740962158,0.0011275184113851645,0.029584173152347324,Jun
Axolotls: The salamanders that snack on each other (but don't die) - Luis Zambrano,2021-06-22,4000692,101677,3171,2021,0.02541485323039114,0.0007926128779721109,0.026207466108363255,0.028256116117130917,0.0011393083151064634,0.029395424432237378,Jun
Can you cheat death by solving this riddle? - Shravan S K,2021-06-24,5735254,138287,3369,2021,0.024111748145766516,0.0005874194935394317,0.02469916763930595,0.02807176309150599,0.0011039156675498709,0.029175678759055863,Jun
"How one person saved over 2,000 children from the Nazis - Iseult Gillespie",2021-06-28,2030313,78471,1836,2021,0.03864970573502706,0.00090429406697391,0.03955399980200097,0.028483683398016702,0.0011122923997271452,0.029595975797743847,Jun
What you can do with an extra jaw - Darien Satterfield,2021-06-29,373207,11579,405,2021,0.03102567743906197,0.0010851886486587872,0.032110866087720756,0.02890472767528531,0.0011293479531027926,0.030034075628388102,Jun
The dark history of the Chinese Exclusion Act - Robert Chang,2021-07-01,1167937,33168,2558,2021,0.02839879205813327,0.002190186628217104,0.030588978686350375,0.029093342243218825,0.001180312492748314,0.030273654735967145,Jul
Could we build a wooden skyscraper? - Stefan Al,2021-07-06,1408338,43170,1919,2021,0.030653152865292282,0.0013625990351747946,0.03201575190046708,0.029436890277396353,0.0012015956443739838,0.03063848592177033,Jul
History's deadliest king - by Georges Nzongola-Ntalaja,2021-07-08,1656423,45613,3060,2021,0.02753704820568176,0.0018473542084358886,0.02938440241411765,0.029714683816500588,0.001221592382799265,0.030936276199299853,Jul
The most notorious scientific feud in history - Lukas Rieppel,2021-07-13,1133832,34144,1012,2021,0.030113808747680434,0.0008925484551503221,0.031006357202830754,0.030115375070428642,0.0012333427214300868,0.03134871779185873,Jul
Why can’t governments print an unlimited amount of money? - Jonathan Smith,2021-07-15,988134,28882,1681,2021,0.029228829288335388,0.0017011862763552312,0.03093001556469062,0.029689333485005034,0.0012625484711991557,0.030951881956204193,Jul
The paradox at the heart of mathematics: Gödel's Incompleteness Theorem - Marcus du Sautoy,2021-07-20,3897570,121473,3839,2021,0.031166342105465712,0.0009849726881107973,0.03215131479357651,0.03007774807010597,0.0012776494879921131,0.03135539755809808,Jul
The rise and fall of the Kingdom of Man - Andrew McDonald,2021-07-22,1186300,35039,869,2021,0.029536373598583833,0.0007325297142375453,0.030268903312821376,0.030012550559095883,0.0012539657002285064,0.03126651625932439,Jul
A year in the life of one of Earth's weirdest animals - Gilad Bino,2021-07-27,1374958,25517,911,2021,0.01855838505612535,0.0006625656929157109,0.019220950749041062,0.02968795423411718,0.001251686642229688,0.03093964087634687,Jul
Iceland's secret power - Jean-Baptiste P. Koehl,2021-07-29,490719,17399,454,2021,0.03545613681149497,0.0009251730623839713,0.03638130987387894,0.029681070895797093,0.001236293064409133,0.030917363960206227,Jul
"What causes seizures, and how can we treat them? - Christopher E. Gaw",2021-08-03,594625,16741,720,2021,0.028153878494849696,0.0012108471725877654,0.02936472566743746,0.029252841009092555,0.0012098401611601297,0.03046268117025269,Aug
"The method that can ""prove"" almost anything - James A. Smith",2021-08-05,844686,29568,1019,2021,0.03500472364878783,0.001206365442306372,0.036211089091094203,0.02897341485908225,0.0011532162890588913,0.030126631148141143,Aug
Can you solve the giant spider riddle? - Dan Finkel,2021-08-10,3165385,78129,2651,2021,0.0246823056279094,0.0008374968605714629,0.025519802488480865,0.0289571648076035,0.001121431421347049,0.030078596228950545,Aug
The secret society of the Great Dismal Swamp - Dan Sayers,2021-08-12,311384,10275,389,2021,0.032997841892968165,0.001249261362176605,0.034247103255144774,0.029248249364205652,0.0011448127772301074,0.030393062141435757,Aug
How the COVID-19 vaccines were created so quickly - Kaitlyn Sadtler and Elizabeth Wayne,2021-08-17,1225425,40740,5598,2021,0.03324560866638105,0.0045682110288267335,0.037813819695207786,0.02961037943543121,0.0012745870844489816,0.030884966519880194,Aug
Can you outsmart the slippery slope fallacy? - Elizabeth Cox,2021-08-19,1055218,38755,1914,2021,0.03672700806847495,0.001813843205858884,0.038540851274333834,0.0294044489189032,0.001301894869479942,0.030706343788383144,Aug
How we can detect pretty much anything - Hélène Morlon and Anna Papadopoulou,2021-08-24,327639,10412,340,2021,0.031778878582830496,0.001037727498863078,0.032816606081693574,0.02946785379289829,0.0013094384922147594,0.03077729228511305,Aug
Is this the most successful animal ever? - Nigel Hughes,2021-08-26,519414,15165,600,2021,0.029196363594358257,0.0011551479166907323,0.03035151151104899,0.029784921630585593,0.0013296205018364549,0.031114542132422048,Aug
The infamous overpopulation bet: Simon vs. Ehrlich - Soraya Field Fiorio,2021-08-31,588401,20553,1288,2021,0.03493026014571695,0.0021889833633865342,0.037119243509103485,0.030034490461611243,0.0013659038171141267,0.03140039427872537,Aug
"What is MSG, and is it actually bad for you? - Sarah E. Tracy",2021-09-02,4140226,104303,7401,2021,0.025192586105202953,0.0017875835763554936,0.026980169681558447,0.030063682804330378,0.001400913239814117,0.0314645960441445,Sep
The rise and fall of the Lakota Empire - Pekka Hämäläinen,2021-09-07,614741,23131,1401,2021,0.037627228377479296,0.0022790085580756776,0.03990623693555497,0.030326697845252992,0.001452592678221749,0.031779290523474744,Sep
What makes a language... a language? - Martin Hilpert,2021-09-09,804871,26657,1075,2021,0.03311959307764847,0.001335617757379754,0.03445521083502822,0.03029742650507588,0.0014475477242333877,0.03174497422930926,Sep
"Earth's mysterious red glow, explained - Zoe Pierrat",2021-09-14,616704,24196,570,2021,0.03923438148609382,0.0009242683686176837,0.0401586498547115,0.030202315356068838,0.0014351838969047664,0.03163749925297361,Sep
You could have a secret twin (but not the way you think) - Kayla Mandel Sheets,2021-09-16,2828079,95380,2519,2021,0.033726073422984296,0.0008907106201771592,0.03461678404316145,0.03025505410086256,0.0014382862452292347,0.0316933403460918,Sep
The secrets of the world’s most famous symphony - Hanako Sawada,2021-09-21,1764435,82906,1548,2021,0.04698727921402602,0.0008773346708719789,0.047864613884897995,0.03144978158588772,0.0014551588955870772,0.032904940481474805,Sep
Can you solve the rogue submarine riddle? - Alex Rosenthal,2021-09-23,1586055,26367,1707,2021,0.016624265867198805,0.0010762552370504176,0.01770052110424922,0.031090882717113334,0.0014297282981205577,0.03252061101523389,Sep
How a concubine became the ruler of Egypt - Abdallah Ewis,2021-09-28,1244755,38603,915,2021,0.031012528569879214,0.0007350844142019916,0.03174761298408121,0.03100305527099431,0.001328079263404131,0.03233113453439844,Sep
The surprising origins of the word “lesbian” - Diane J. Rayor,2021-09-30,773100,49812,855,2021,0.0644315095071789,0.0011059371362048894,0.06553744664338378,0.03230361048022057,0.0013385234053452236,0.0336421338855658,Sep
The genes you don't get from your parents (but can't live without) - Devin Shuman,2021-10-05,2207656,60656,1165,2021,0.02747529506408607,0.0005277090271310385,0.028003004091217108,0.032415728710831225,0.0013365330564649438,0.03375226176729616,Oct
What happened to the lost Kingdom of Kush? - Geoff Emberling,2021-10-07,1049990,28098,1606,2021,0.026760254859570093,0.0015295383765559672,0.028289793236126057,0.032019413681649324,0.0013573745334510125,0.03337678821510034,Oct
Where will you be able to live in 20 years? - Carol Farbotko and Ingrid Boas,2021-10-12,552148,16381,672,2021,0.029667770235516564,0.0012170649898215697,0.030884835225338133,0.031974150108197805,0.0013617704114897717,0.03333592051968758,Oct
"Zora Neale Hurston's ""Their Eyes Were Watching God"" - Tanya Boucicaut",2021-10-14,342347,11192,335,2021,0.03269197626969128,0.0009785393182940116,0.03367051558798529,0.032117256248583075,0.0013213821678256688,0.03343863841640874,Oct
Why don’t we cover the desert with solar panels? - Dan Kwartler,2021-10-18,5367711,120657,2951,2021,0.022478296614702246,0.0005497687934391401,0.023028065408141386,0.031844761040230075,0.0012942878264344802,0.03313904886666456,Oct
Can you solve the computer virus riddle? - James Tanton,2021-10-19,1315562,23086,1485,2021,0.01754839376631432,0.0011287951461048586,0.01867718891241918,0.03151180589225116,0.0012703358576901123,0.032782141749941276,Oct
Why are scientists obsessed with the Black Sea? - Helen Farr and Jon Adams,2021-10-21,470214,13366,277,2021,0.028425355263773516,0.000589093476587256,0.02901444874036077,0.031455524109454264,0.0012602206917380102,0.03271574480119228,Oct
The surprisingly long history of electric cars - Daniel Sperling and Gil Tal,2021-10-26,556284,14933,601,2021,0.02684420188249168,0.0010803834012842362,0.027924585283775914,0.03137603652925947,0.0012395272625689772,0.03261556379182845,Oct
The Norse myth that inspired “The Lord of the Rings” - Iseult Gillespie,2021-10-28,3038552,75108,1789,2021,0.02471835268904399,0.0005887672812576516,0.025307119970301644,0.031161103548712082,0.0012263204156738724,0.03238742396438596,Oct
"How to get better at video games, according to babies - Brian Christian",2021-11-02,558098,17021,551,2021,0.03049822790979362,0.0009872818035542145,0.031485509713347834,0.03119316535908574,0.0012348121519844277,0.03242797751107017,Nov
Just add water: The garden insect that can turn into a plague - Jeffrey A. Lockwood,2021-11-04,569019,15028,701,2021,0.026410365910452902,0.0012319448032491007,0.027642310713702004,0.03145489805423,0.0012537914556622076,0.032708689509892204,Nov
The sleep disorder you might not know you have - Alayna Vaughan,2021-11-09,447532,12942,459,2021,0.028918602468650287,0.0010256249832414218,0.02994422745189171,0.03123698024280184,0.0012571398530241225,0.03249412009582596,Nov
The twins who tricked the Maya gods of death - Ilan Stavans,2021-11-11,2030962,46226,1122,2021,0.02276064249355724,0.0005524475593339511,0.023313090052891193,0.031057205709425422,0.0012351931992489954,0.03229239890867442,Nov
How to write comedy - Jodie Houlston-Lau,2021-11-16,421962,13038,271,2021,0.030898516928064612,0.0006422379266379437,0.031540754854702556,0.03092033215206798,0.0012163889487267145,0.0321367211007947,Nov
Nature's fortress: How cacti keep water in and predators out - Lucas C. Majure,2021-11-18,636106,16451,372,2021,0.025862041860947704,0.000584808192345301,0.026446850053293006,0.030959656693169257,0.0012079659931191757,0.032167622686288436,Nov
Can you solve the human cannonball riddle? - Alex Rosenthal,2021-11-22,972689,16272,900,2021,0.016728882510237086,0.0009252700503449715,0.017654152560582056,0.030417358047078225,0.001197166282724788,0.03161452432980301,Nov
The wild sex lives of marine creatures - Luka Seamus Wright,2021-11-23,690857,25381,901,2021,0.03673842777883122,0.0013041772754709005,0.03804260505430212,0.030533785350826563,0.0010883651576129268,0.03162215050843949,Nov
Why do your jeans wear out so quickly? - Madhavi Venkatesan,2021-11-30,363214,11419,694,2021,0.031438766126856345,0.001910719300467493,0.033349485427323834,0.030357510619439275,0.0010915943607665473,0.031449104980205825,Nov
Can stereotypes ever be good? - Sheila Marie Orfano and Densho,2021-12-02,648246,21570,1052,2021,0.033274405086957726,0.0016228407117051243,0.03489724579866285,0.03040736150291018,0.0011110981345279487,0.03151845963743813,Dec
"Yes, scientists are actually building an elevator to space - Fabio Pacucci",2021-12-07,811687,23629,1404,2021,0.02911097504333567,0.0017297307952449652,0.030840705838580635,0.030404515217876096,0.001130250897146423,0.03153476611502252,Dec
How one of the most profitable companies in history rose to power - Adam Clulow,2021-12-09,886462,26157,1355,2021,0.029507186997299376,0.001528548319048081,0.031035735316347457,0.030223746112928843,0.0011082363956684748,0.03133198250859732,Dec
Would you raise the bird that murdered your children? - Steve Rothstein,2021-12-14,2310857,71517,1833,2021,0.030948258589778597,0.0007932122152084702,0.03174147080498707,0.0304156018624147,0.0010750906836302406,0.03149069254604494,Dec
The dark history of Mount Rushmore - Ned Blackhawk and Jeffrey D. Means,2021-12-16,825694,26015,1530,2021,0.03150682940653559,0.0018529866996732445,0.03335981610620884,0.03021158856338324,0.0010608899550168262,0.031272478518400065,Dec
You can only save one— who do you choose? - Doug MacKay,2021-12-21,2345069,68012,5892,2021,0.029002131706998814,0.0025125060286072605,0.031514637735606074,0.030074339851028253,0.001100119564057743,0.031174459415086,Dec
"Blood, concrete, and dynamite: Building the Hoover Dam - Alex Gendler",2021-12-23,1017270,21075,612,2021,0.020717213719071634,0.0006016101919844289,0.02131882391105606,0.029457100925460847,0.0010893642915033015,0.03054646521696415,Dec
Why is the Mona Lisa so famous? - Noah Charney,2022-01-04,2288215,50353,1120,2022,0.02200536225835422,0.0004894644952506648,0.022494826753604886,0.029066410553306513,0.001075989420672418,0.03014239997397893,Jan
The myth of Loki’s monstrous children - Iseult Gillespie,2022-01-06,2291539,55073,1616,2022,0.024033193412811217,0.0007052029225773596,0.024738396335388574,0.028301274359932686,0.001070251695729264,0.02937152605566195,Jan
Why is it so hard to escape poverty? - Ann-Helén Bay,2022-01-11,5679916,180903,6563,2022,0.03184959073338409,0.001155474834486989,0.03300506556787108,0.02880878518880553,0.0010728923489771497,0.029881677537782682,Jan
Why do cats have vertical pupils? - Emma Bryce,2022-01-13,3435924,110840,1913,2022,0.03225915357848427,0.0005567643521800831,0.03281591793066436,0.02885033935575903,0.001066948346909753,0.02991728770266878,Jan
The tragic myth of the Sun God's son - Iseult Gillespie,2022-01-18,2218941,51023,1483,2022,0.022994302236967995,0.0006683368327503976,0.023662639069718393,0.027469099113418667,0.0010523616701279366,0.028521460783546605,Jan
Can you solve the birthday cake riddle? - Marie Brodsky,2022-01-20,1918987,31733,2494,2022,0.01653632880264431,0.0012996440309392403,0.01783597283358355,0.027104466904703937,0.001078092836921543,0.028182559741625483,Jan
Which animal has the best eyesight? - Thomas W. Cronin,2022-01-25,936339,28399,703,2022,0.030329827124577744,0.0007507964529940545,0.031080623577571798,0.02722345264687086,0.001052134772802813,0.028275587419673676,Jan
"The myth of Anansi, the trickster spider - Emily Zobel Marshall",2022-01-27,855252,21029,719,2022,0.024588074625958196,0.0008406878908204834,0.02542876251677868,0.027054129459885588,0.0010395888695027766,0.02809371832938836,Jan
Can you outsmart the fallacy that divided a nation? - Elizabeth Cox,2022-02-01,939156,36772,2136,2022,0.039154304503192225,0.0022743825306977754,0.04142868703389,0.027269540401002282,0.0010827836432495688,0.02835232404425185,Feb
The myth of Gawain and the Green Knight - Dan Kwartler,2022-02-03,1444238,40136,747,2022,0.02779043343271677,0.0005172277699381958,0.028307661202654964,0.027446611628269432,0.0010816989424662041,0.028528310570735637,Feb
What is “normal” and what is “different”? - Yana Buhrer Tavanier,2022-02-08,879583,35621,919,2022,0.04049759943063929,0.001044813280838761,0.04154241271147805,0.0282115851504136,0.0010788995469573342,0.02929048469737093,Feb
Why doesn't everyone have a jetpack? - Richard Browning,2022-02-10,293507,9615,326,2022,0.03275901426541786,0.001110706047896643,0.033869720313314505,0.028356040450468408,0.001096286632667647,0.029452327083136057,Feb
The myth of Narcissus and Echo - Iseult Gillespie,2022-02-14,1619321,43826,963,2022,0.027064430091377805,0.0005946937018663995,0.027659123793244207,0.028363381390764615,0.0010800969760203856,0.029443478366785,Feb
The dark history of the overthrow of Hawaii - Sydney Iaukea,2022-02-17,1097109,31071,2534,2022,0.028320795837059036,0.002309706692771639,0.030630502529830673,0.028483462829031785,0.0011374616230708518,0.029620924452102633,Feb
Building the impossible: Golden Gate Bridge - Alex Gendler,2022-02-22,816853,19004,314,2022,0.023264895887020062,0.00038440208948244055,0.023649297976502504,0.028242351761606,0.001117365632601793,0.029359717394207792,Feb
Can you solve the Big Bang riddle? - James Tanton,2022-02-24,1316615,24079,822,2022,0.018288565753846037,0.0006243282964268218,0.01891289405027286,0.0279716250897191,0.0010971117490410501,0.029068736838760153,Feb
Why are US cities still so segregated? - Kevin Ehrman-Solberg and Kirsten Delegard,2022-03-01,455651,16504,720,2022,0.03622070400372215,0.0015801567427702343,0.03780086074649238,0.02821502847422149,0.001115596141025344,0.02933062461524684,Mar
Is soy bad for you? - Francesca Bot,2022-03-03,606070,17684,635,2022,0.02917814773871005,0.001047733760126718,0.030225881498836767,0.02842894531572659,0.0011321056810517695,0.02956105099677836,Mar
The myth of the moon goddess - Cynthia Fay Davis,2022-03-08,2024707,69687,931,2022,0.03441831336583515,0.00045981961834477776,0.03487813298417993,0.028546271863652276,0.0011260250707753306,0.02967229693442761,Mar
The movement that inspired the Holocaust - Alexandra Minna Stern and Natalie Lira,2022-03-10,1449908,52354,3463,2022,0.03610849791848862,0.0023884274036697502,0.03849692532215837,0.02888782039890364,0.0011861457111528124,0.03007396611005645,Mar
How pigeons took over the world - Elizabeth Carlen and Joanna Moles,2022-03-15,655269,24596,587,2022,0.037535729601125646,0.0008958153063856217,0.038431544907511266,0.029581381968599923,0.0011851638863541673,0.030766545854954093,Mar
4 signs of emotional abuse - Viann Nguyen-Feng,2022-03-17,761701,30744,1049,2022,0.040362294391106224,0.001377180809792819,0.04173947520089904,0.029702177522342426,0.0011875973374982313,0.03088977485984066,Mar
How do you know you’re not dreaming? - Daniel Gregory,2022-03-22,687264,19730,1158,2022,0.02870803650416725,0.0016849420310099175,0.030392978535177168,0.02961115320158612,0.001180071428516312,0.03079122463010243,Mar
The Chinese legend of the butterfly lovers - Lijun Zhang,2022-03-24,1811661,87101,874,2022,0.048077979268748405,0.0004824302118332293,0.04856040948058163,0.03010460567431248,0.0011420577451872486,0.031246663419499728,Mar
A riddle of ice and fire dragons - Henri Picciotto,2022-03-29,1359811,28141,762,2022,0.02069478773153034,0.0005603719928725389,0.021255159724402877,0.0298240660972523,0.0011030791184415015,0.0309271452156938,Mar
Are the Northern Lights dangerous? - Fabio Pacucci,2022-03-31,497119,14230,445,2022,0.028624936886339086,0.0008951578998187557,0.02952009478615784,0.029794657760220288,0.0010819661044671907,0.03087662386468748,Mar
History vs. Tamerlane the Conqueror - Stephanie Honchell Smith,2022-04-05,918801,28002,2079,2022,0.030476675580457576,0.002262731538167677,0.032739407118625254,0.029778938326576257,0.001130950081899164,0.03090988840847542,Apr
Watch this if you're scared of snakes - Andrew Whitworth,2022-04-07,1409463,45453,1785,2022,0.0322484520700437,0.0012664397717428552,0.033514891841786555,0.029803659082026528,0.0011113985176348178,0.03091505759966134,Apr
Ethical dilemma: Who should you believe? - Alex Worsnip,2022-04-12,955424,32481,1168,2022,0.03399642462404126,0.0012224938875305623,0.03521891851157183,0.029970135512594604,0.0010683981129322611,0.03103853362552687,Apr
The myth of Hades and Persephone - Iseult Gillespie,2022-04-14,3426737,81156,3118,2022,0.023683171483542508,0.0009099035029533927,0.0245930749864959,0.030069000771410302,0.0010786745566312265,0.031147675328041528,Apr
Why are cockroaches so hard to kill? - Ameya Gondhalekar,2022-04-19,3866939,77047,3994,2022,0.019924544969548267,0.0010328582892049757,0.02095740325875324,0.029999640195116768,0.0010967876830963702,0.031096427878213144,Apr
The dark history of zombies - Christopher M. Moreman,2022-04-21,986543,29765,685,2022,0.030171011299051333,0.0006943437843053977,0.030865355083356732,0.030204234124658107,0.0010964257118206383,0.03130065983647875,Apr
Can you solve the private eye riddle? - Henri Picciotto,2022-04-26,1573200,27062,932,2022,0.01720188151538266,0.0005924230867022629,0.017794304602084924,0.029715977150724725,0.0010776573202278142,0.030793634470952538,Apr
The Chinese myth of the forbidden lovers - Shannon Zhao,2022-04-28,1114510,54146,1149,2022,0.048582785259889995,0.0010309463351607434,0.04961373159505074,0.03026009820677159,0.0010934633863271695,0.03135356159309875,Apr
How the Suez Canal changed the world - Lucia Carminati,2022-05-03,920462,19226,462,2022,0.020887337011196553,0.0005019218609785087,0.02138925887217506,0.030189866032579202,0.0010879162206014399,0.03127778225318064,May
The Irish myth of Diarmuid’s betrayal - Iseult Gillespie,2022-05-05,773867,23262,449,2022,0.030059428816579595,0.0005802030581482348,0.03063963187472783,0.030640636033043716,0.0010639348548417396,0.031704570887885454,May
The biggest mistakes in mapmaking history - Kayla Wolf,2022-05-10,1018837,24129,638,2022,0.023682885486098364,0.0006262041916420389,0.024309089677740404,0.030419071311761067,0.0010597817794633392,0.031478853091224404,May
Do tax cuts stimulate the economy? - Jonathan Smith,2022-05-12,385243,13276,1416,2022,0.03446136594305412,0.003675602152407701,0.038136968095461826,0.03074818102233093,0.0011542789215162465,0.031902459943847175,May
Ugly History: The El Mozote murders - Diana Sierra Becerra,2022-05-17,244480,9729,529,2022,0.03979466623036649,0.002163776178010471,0.04195844240837696,0.03076952641323674,0.0011505920430933362,0.031920118456330075,May
Why are eating disorders so hard to treat? - Anees Bahji,2022-05-19,1867118,52674,1221,2022,0.028211393173864747,0.0006539490273244648,0.028865342201189213,0.03078355840460834,0.001155149418339545,0.03193870782294788,May
How does heart transplant surgery work? - Roni Shanoada,2022-05-24,3590136,81844,1772,2022,0.022796907972288515,0.0004935746166719032,0.02329048258896042,0.030193535355996646,0.0011367747962006498,0.0313303101521973,May
Ugly History: The Khmer Rouge murders - Timothy Williams,2022-05-26,2159576,58218,3151,2022,0.02695806954698515,0.0014590827088280293,0.028417152255813177,0.03000017053204889,0.0011483873515650293,0.03114855788361392,May
Can you solve the fortress riddle? - Henri Picciotto,2022-05-31,1473365,26071,1492,2022,0.017694868549205392,0.0010126479182008532,0.018707516467406243,0.029687851813976474,0.001162319158776178,0.030850170972752652,May
Ethical dilemma: Would you lie? - Sarah Stroud,2022-06-02,1301229,32627,1958,2022,0.025073987745431434,0.0015047312963360024,0.026578719041767437,0.029579624877588886,0.0011354866455616567,0.030715111523150544,Jun
Can you outsmart the college admissions fallacy? - Elizabeth Cox,2022-06-07,922068,32260,1001,2022,0.0349865736583419,0.0010856032309981476,0.03607217688934005,0.029970347469966283,0.0011588600169455134,0.031129207486911795,Jun
What is the rarest color in nature? - Victoria Hwang,2022-06-09,1183692,38327,940,2022,0.03237919999459319,0.0007941254988628798,0.03317332549345607,0.030440035277991186,0.0011645199236933821,0.03160455520168457,Jun
"These animals are also plants … wait, what? - Luka Seamus Wright",2022-06-14,1487289,47769,1100,2022,0.03211816936721781,0.0007396007097477356,0.03285777007696554,0.030303284123441045,0.0011365013892592989,0.031439785512700345,Jun
Artemisia Gentileschi: The woman behind the paintings - Allison Leigh,2022-06-16,513017,23763,414,2022,0.04632010245274523,0.0008069908014744151,0.04712709325421965,0.030874682613908886,0.0011284766239708886,0.03200315923787977,Jun
What do dumplings look like around the world? - Miranda Brown,2022-06-21,1009927,30588,1150,2022,0.03028733759964829,0.0011386961631880323,0.03142603376283632,0.030736983421702654,0.0011511058421323306,0.03188808926383498,Jun
Why can parrots talk? - Grace Smith-Vidaurre and Tim Wright,2022-06-23,1341435,42734,1037,2022,0.03185692933313951,0.0007730527382989112,0.03262998207143842,0.030595264468857682,0.0010972600199533025,0.031692524488810984,Jun
What happens to your body at the top of Mount Everest - Andrew Lovering,2022-06-28,1651518,33609,605,2022,0.020350368570006504,0.0003663296433947435,0.020716698213401247,0.030022419101153715,0.0010796104978536068,0.03110202959900732,Jun
What’s the best country to live in?,2022-06-30,714652,21088,1306,2022,0.02950806826259494,0.0018274628770366555,0.0313355311396316,0.02966061156353667,0.001094619900095068,0.030755231463631738,Jun
How does alcohol cause hangovers? - Judy Grisel,2022-07-05,1487720,34708,1199,2022,0.023329658806764714,0.0008059312236173474,0.02413559003038206,0.029481332306956588,0.001065319539848649,0.030546651846805235,Jul
The smallest solution to one of our biggest problems - Tierney Thys & Christian Sardet,2022-07-07,495275,16983,507,2022,0.03429004088637626,0.0010236737166220786,0.035313714602998335,0.029021734360877512,0.0010833609900082772,0.03010509535088579,Jul
Hagfish: The world's slimiest creatures - Noah R. Bressman and Douglas Fudge,2022-07-12,335871,10419,285,2022,0.031020838357583715,0.0008485400644890449,0.03186937842207276,0.029365936048412627,0.001092966592395494,0.03045890264080812,Jul
"What causes yeast infections, and how do you get rid of them? - Liesbeth Demuyser",2022-07-14,1194324,27267,1188,2022,0.022830488209229657,0.0009947049544344751,0.023825193163664132,0.029172787759175645,0.0010962848275493514,0.030269072586725,Jul
The 4 greatest threats to the survival of humanity,2022-07-19,511077,19305,1043,2022,0.03777317312264101,0.0020407883743545495,0.03981396149699556,0.029416004343915093,0.001088886722088914,0.030504891066004007,Jul
The true cost of gold -  Lyla Latif,2022-07-21,476955,18061,972,2022,0.03786730404335839,0.0020379281064251344,0.039905232149783525,0.02960329940969225,0.0011146029999116564,0.030717902409603908,Jul
This weird trick will help you summon an army of worms - Kenny Coogan,2022-07-26,1282835,43771,1728,2022,0.034120522124825095,0.00134701656877151,0.035467538693596604,0.02960743599305171,0.0011187537559530214,0.03072618974900473,Jul
Why a sausage can do what your gloves cannot - Charles Wallace and Sajan Saini,2022-07-28,1663993,62914,1093,2022,0.037809053283277036,0.0006568537247452363,0.03846590700802227,0.030078298719709528,0.0011103187633460829,0.03118861748305561,Jul
A brief history of Spanish - Ilan Stavans,2022-08-02,458844,17996,1019,2022,0.03922030145321721,0.0022207983541247135,0.04144109980734193,0.030721490602498496,0.001149916765510074,0.031871407368008565,Aug
Can you guess what's wrong with these paintings? - Noah Charney,2022-08-04,723512,20916,476,2022,0.02890898837890733,0.0006579020113004346,0.029566890390207764,0.03067942317182703,0.0011487020397432418,0.03182812521157027,Aug
The rise and fall of the medieval Islamic Empire - Petra Sijpesteijn & Birte Kristiansen,2022-08-09,1730944,48246,3401,2022,0.02787265214819197,0.001964823818679287,0.029837475966871255,0.031035115526254004,0.0011944487308091427,0.03222956425706315,Aug
Can the economy grow forever?,2022-08-11,970735,35940,2149,2022,0.037023492508254055,0.0022137864607745675,0.03923727896902862,0.030649805767866137,0.0012338767349962703,0.03188368250286241,Aug
Why did Phillis Wheatley disappear? - Charita Gainey,2022-08-16,199224,7292,171,2022,0.03660201582138698,0.0008583303216479942,0.03746034614303498,0.031173628394872487,0.0012457570170185865,0.03241938541189107,Aug
The secret formula to Agatha Christie's murder mysteries - Jamie Bernthal,2022-08-18,936927,39283,551,2022,0.04192749275023561,0.0005880927756378031,0.042515585525873416,0.031569230525994356,0.0012460200076015722,0.03281525053359593,Aug
The Boltzmann brain paradox - Fabio Pacucci,2022-08-23,1285044,47558,2029,2022,0.03700884950242949,0.001578934262173124,0.03858778376460261,0.03201342932653873,0.0012777776766192748,0.033291207003158,Aug
"Coneheads, egg stacks, and anteater attacks: The reign of a termite queen - Barbara L. Thorne",2022-08-25,478890,12857,301,2022,0.026847501513917602,0.0006285368247405459,0.027476038338658148,0.03175963384556751,0.001176208832363703,0.03293584267793121,Aug
Would you pass the wallet test?,2022-08-30,1261492,35717,1765,2022,0.02831329885564078,0.0013991368950417443,0.029712435750682525,0.03137692159974332,0.0011507208562647453,0.03252764245600806,Aug
What is a gig economy?,2022-09-01,405308,12350,358,2022,0.030470654415900994,0.0008832788891410976,0.03135393330504209,0.0314522303078112,0.0011583651849919668,0.03261059549280316,Sep
Plato's allegory of the ring - Alex Gendler,2022-09-06,2536747,87680,2674,2022,0.03456395139128971,0.001054105908078338,0.035618057299368046,0.031844465088444567,0.001177049561372181,0.03302151464981675,Sep
The benefits of daydreaming - Elizabeth Cox,2022-09-08,960266,35696,611,2022,0.03717303330535497,0.0006362820301874689,0.037809315335542444,0.03218496388039023,0.0011496228720841624,0.03333458675247439,Sep
The myth of Zeus' test - Iseult Gillespie,2022-09-13,1951141,56723,1459,2022,0.02907170727282139,0.0007477675882983342,0.029819474861119723,0.0325641918378441,0.0011407935277540783,0.03370498536559818,Sep
How friendship affects your brain - Shannon Odell,2022-09-15,1376049,35816,850,2022,0.026028142893167322,0.0006177105611791441,0.026645853454346467,0.03259599700943529,0.0011112261699155164,0.033707223179350806,Sep
These companies with no CEO are thriving,2022-09-20,298693,12481,695,2022,0.041785378298118805,0.002326803775113578,0.044112182073232385,0.032822623830761184,0.001152599521386031,0.03397522335214721,Sep
Is it possible to lose weight fast? - Hei Man Chan,2022-09-22,3275227,91064,1517,2022,0.02780387435741095,0.00046317400290117296,0.028267048360312123,0.032670112976188444,0.0011415678048539738,0.03381168078104242,Sep
Can you solve the alien pyramid riddle? - Henri Picciotto,2022-09-27,920528,17780,760,2022,0.019315001825039542,0.000825613126379643,0.020140614951419184,0.0322433407247825,0.001144434885408371,0.03338777561019088,Sep
The myth of Pegasus and the chimera - Iseult Gillespie,2022-09-29,980704,21487,498,2022,0.021909770940059387,0.0005077984794596535,0.02241756941951904,0.031429663007692975,0.001134461808007879,0.032564124815700854,Sep
Should you care what your parents think?,2022-10-04,686086,22302,468,2022,0.03250612896925458,0.0006821302285719283,0.03318825919782651,0.03150362272001318,0.0011192429435206753,0.03262286566353386,Oct
What does the world's largest machine do? - Henry Richardson,2022-10-06,321443,9794,241,2022,0.030468854509197587,0.0007497441225971634,0.031218598631794752,0.03145735355921512,0.0011184659896639503,0.03257581954887907,Oct
Is inequality inevitable?,2022-10-11,1365499,48162,2633,2022,0.03527062268079288,0.0019282328291708745,0.037198855509963755,0.031954695362907994,0.0011705294291898215,0.03312522479209782,Oct
How did they build the Great Pyramid of Giza? - Soraya Field Fiorio,2022-10-13,1571374,33701,2461,2022,0.021446835699203373,0.00156614529704577,0.02301298099624914,0.03168598761079495,0.0011618188431901252,0.03284780645398507,Oct
What’s the smartest age? - Shannon Odell,2022-10-18,2036696,48158,1245,2022,0.023645158629466548,0.000611284158264169,0.024256442787730717,0.03169650427155167,0.0011553306076783525,0.032851834879230025,Oct
Why is it so hard to cure the common cold?,2022-10-20,1047349,27306,972,2022,0.026071538713456546,0.0009280574097077478,0.026999596123164295,0.03142255419912102,0.001152143397447875,0.03257469759656889,Oct
"Gibberish, urine, and utter chaos: What happens when you sleepwalk - Emmanuel During",2022-10-25,428766,12276,421,2022,0.02863100152530751,0.0009818875563827355,0.029612889081690245,0.031342892971378475,0.0011565883138443314,0.03249948128522281,Oct
Why you procrastinate even when it feels bad,2022-10-27,9048729,453859,7519,2022,0.050157209924178305,0.0008309454289105133,0.050988155353088815,0.0322537836952101,0.0011511296629935323,0.03340491335820363,Oct
Is capitalism actually broken?,2022-11-01,1182477,46848,4857,2022,0.039618529578165154,0.004107479468945273,0.04372600904711043,0.0323152955770609,0.0012200193661465566,0.03353531494320746,Nov
Could this technology end all viruses?,2022-11-03,299890,9664,433,2022,0.03222514922138117,0.0014438627496748807,0.033669011971056054,0.03212722374966166,0.0012002171875882149,0.03332744093724988,Nov
Ethical dilemma: Whose life is more valuable? - Rebecca L. Walker,2022-11-08,971295,26522,2271,2022,0.027305813372868182,0.0023381156085432336,0.029643928981411414,0.0319000667912631,0.0012332538222472723,0.03313332061351037,Nov
Will there be another pandemic in your lifetime?,2022-11-10,485862,13242,957,2022,0.027254652555663953,0.0019696950986082466,0.0292243476542722,0.031548253433675996,0.0012770152013760394,0.032825268635052036,Nov
How do oysters make pearls? - Rob Ulrich,2022-11-15,1486291,31912,522,2022,0.021470896345332106,0.00035120982364826266,0.02182210616898037,0.03095660659674649,0.0012146955836934911,0.03217130218043998,Nov
The sibling rivalry that divided a town - Jay Van Bavel and Dominic Packer,2022-11-17,301088,10166,351,2022,0.0337642151131895,0.0011657721330640876,0.03492998724625359,0.031118447487889233,0.0012316245877522793,0.032350072075641514,Nov
Lesson 3: What is your throughline?,2022-11-18,3969,43,6,2022,0.010833963214915596,0.0015117157974300832,0.012345679012345678,0.03055049119011335,0.0012165209870439726,0.03176701217715732,Nov
Lesson 1: What are ideas?,2022-11-18,221920,5435,106,2022,0.02449080749819755,0.00047764960346070656,0.024968457101658254,0.030132735023111472,0.001158649758466844,0.031291384781578314,Nov
Lesson 11: How to incorporate visuals into your presentation (or not),2022-11-18,1254,29,14,2022,0.023125996810207338,0.011164274322169059,0.0342902711323764,0.02968353438940548,0.0015021812251508793,0.03118571561455636,Nov
Lesson 10: How to artfully reveal your ideas,2022-11-18,1278,23,4,2022,0.017996870109546165,0.003129890453834116,0.02112676056338028,0.02888584696804917,0.0015869078144240896,0.030472754782473254,Nov
Lesson 9: How to be persuasive,2022-11-18,1541,23,3,2022,0.014925373134328358,0.001946787800129786,0.016872160934458143,0.02814973108911246,0.0015991695990226452,0.02974890068813511,Nov
Lesson 2: What are your ideas?,2022-11-18,4249,63,14,2022,0.014827018121911038,0.0032948929159802307,0.018121911037891267,0.02774904830937891,0.0016880481353973014,0.029437096444776212,Nov
Lesson 7: How to tell compelling stories,2022-11-18,1831,21,1,2022,0.011469142545057346,0.0005461496450027307,0.012015292190060076,0.027187576432359462,0.0016596152270626676,0.02884719165942213,Nov
Lesson 6: How to connect with your audience,2022-11-18,2250,23,2,2022,0.010222222222222223,0.0008888888888888889,0.011111111111111112,0.026512628692570168,0.0016598022270542605,0.028172430919624427,Nov
Lesson 5: How to find your voice,2022-11-18,2786,28,1,2022,0.010050251256281407,0.0003589375448671931,0.0104091888011486,0.02569550535473656,0.0016366299482805558,0.027332135303017112,Nov
Lesson 4: How to craft your presentation plan,2022-11-18,3371,33,6,2022,0.009789380005932958,0.0017798872738059924,0.01156926727973895,0.024782716911422493,0.0016747501230678398,0.02645746703449033,Nov
Lesson 8: How to explain complex ideas,2022-11-18,1715,31,5,2022,0.018075801749271137,0.0029154518950437317,0.02099125364431487,0.02441618672730415,0.0017470062666260198,0.02616319299393017,Nov
4 things all great listeners know,2022-11-21,2156286,69081,821,2022,0.03203703033827609,0.0003807472663644804,0.03241777760464057,0.024616482975474443,0.0017391074901321978,0.02635559046560664,Nov
Why plague doctors wore beaked masks,2022-11-22,1889653,45463,1206,2022,0.02405891452028494,0.0006382124125434669,0.024697126932828408,0.02402560084954665,0.0016828211113798606,0.025708421960926507,Nov
How do we create a better economy?,2022-11-29,555630,21344,780,2022,0.03841405251696273,0.0014038118892068462,0.03981786440616957,0.024379273454865038,0.00171417570759005,0.02609344916245509,Nov
Is this the most beautiful building in the world? - Stephanie Honchell Smith,2022-12-01,794042,25481,2206,2022,0.032090242077874975,0.002778190574302115,0.03486843265217709,0.02480511479662622,0.0017792616225207989,0.02658437641914702,Dec
How will AI change the world?,2022-12-06,2112992,50293,1972,2022,0.02380179385440172,0.0009332737653526374,0.02473506761975436,0.0248681822271043,0.001793444132050565,0.026661626359154866,Dec
The science of falling in love - Shannon Odell,2022-12-08,2238579,97216,2237,2022,0.04342754935161994,0.0009992946418241214,0.04442684399344406,0.025232229573183145,0.0018040162791589714,0.027036245852342114,Dec
Zumbi: The last king of Palmares - Marc Adam Hertzman & Flavio dos Santos Gomes,2022-12-13,230043,9393,245,2022,0.040831496720178405,0.0010650182791912817,0.04189651499936968,0.02557765098021584,0.0018145254177121088,0.027392176397927948,Dec
The best way to apologize (according to science),2022-12-15,1846098,72549,1249,2022,0.03929856378155439,0.0006765621326711799,0.03997512591422557,0.025711915683574553,0.0017728030611621189,0.027484718744736673,Dec
What sex ed doesn’t tell you about your brain - Shannon Odell,2022-12-20,2498073,73973,1301,2022,0.02961202494883056,0.0005208014337451307,0.030132826382575688,0.025984088658562124,0.0017379582657187642,0.02772204692428089,Dec
3 ways to end a virus,2022-12-22,458690,14084,591,2022,0.030704833329699796,0.0012884518956157753,0.031993285225315575,0.026219411148569904,0.0017605305236304844,0.027979941672200383,Dec
Why do you want to squeeze cute things? - Joshua Paul Dale,2023-01-03,1303714,51281,1313,2023,0.03933454730101847,0.0010071227278375472,0.040341670028856025,0.02666151143482197,0.001763166034234811,0.02842467746905678,Jan
Why are beavers obsessed with dams? - Glynnis Hood,2023-01-05,520365,16470,406,2023,0.03165086045371999,0.0007802215752404562,0.03243108202896044,0.02676217339910238,0.0017564438348634016,0.028518617233965784,Jan
TED-Ed's top 10 animations of 2022! #shorts,2023-01-09,169080,6455,66,2023,0.038177194227584574,0.00039034776437189497,0.03856754199195647,0.026362839542549258,0.001741757246045448,0.028104596788594706,Jan
What makes Thomas Jefferson so controversial? - Frank Cogliano,2023-01-10,570363,16458,1230,2023,0.02885530793547267,0.002156521373230732,0.031011829308703404,0.026004065487792844,0.00167672530952163,0.027680790797314468,Jan
What’s worse than a wasp’s sting? Murder - Miles Zhang,2023-01-12,654193,13674,466,2023,0.020902088527391765,0.0007123280132927133,0.021614416540684477,0.02562663013132653,0.0016523408183088909,0.027278970949635422,Jan
We’ve just launched *five* new channels! #shorts,2023-01-13,58536,1684,89,2023,0.028768621019543528,0.0015204318709853765,0.030289052890528904,0.025675390386215705,0.001625084693723629,0.027300475079939334,Jan
Mao Zedong's infamous mango cult - Vivian Jiang,2023-01-17,570196,23620,952,2023,0.04142435232797143,0.0016696013300689587,0.04309395365804039,0.02614771371195929,0.0016150815681056528,0.02776279528006494,Jan
When are you actually an adult? - Shannon Odell,2023-01-19,654137,20216,709,2023,0.030904841034829097,0.0010838708099373678,0.03198871184476646,0.026462178534942524,0.001639503600981956,0.028101682135924476,Jan
Sneak peek at the making of a TED-Ed animation #shorts,2023-01-20,125581,4298,43,2023,0.03422492255994139,0.0003424084853600465,0.034567331045301436,0.026477535449834257,0.0016120581460584882,0.028089593595892737,Jan
How to deal with rejection,2023-01-24,791439,28738,1013,2023,0.03631107387935141,0.0012799470331889128,0.037591020912540324,0.027326772471982112,0.0016043325205837824,0.028931104992565897,Jan
Can you steal the most powerful wand in the wizarding world? - Dan Finkel,2023-01-26,978544,18764,1007,2023,0.019175427982798934,0.0010290799391749375,0.020204507921973872,0.027149593154802157,0.0016227135317742568,0.028772306686576415,Jan
Would you take the road less traveled? #shorts,2023-01-27,362025,21620,276,2023,0.059719632622056484,0.0007623782887922105,0.0604820109108487,0.02836938101519713,0.0012759836639950285,0.029645364679192158,Jan
Ethical dilemma: Should we get rid of mosquitoes? - Talya Hackett,2023-01-31,1127468,35048,3461,2023,0.03108558291676571,0.003069710182461941,0.03415529309922765,0.028805671442104448,0.0012739776549492894,0.03007964909705374,Jan
"What is Juneteenth, and why is it important? - Karlos K. Hill and Soraya Field Fiorio",2023-02-02,536627,14432,1150,2023,0.02689391327681984,0.0021430155396579002,0.02903692881647774,0.029204622780187497,0.0012805185796002268,0.030485141359787724,Feb
"One of the most ""dangerous"" men in American history - Keenan Norris",2023-02-07,274582,8714,198,2023,0.03173551070354211,0.0007210960660203509,0.03245660676956246,0.029768239199575202,0.0011947253512682306,0.03096296455084343,Feb
How do airplanes actually fly? - Raymond Adkins,2023-02-09,2006338,52653,2268,2023,0.026243334871791292,0.0011304177062887708,0.027373752578080064,0.030260712277133,0.0012142009533110986,0.031474913230444095,Feb
What’s your best guess? #shorts,2023-02-10,96880,2486,262,2023,0.02566061106523534,0.002704376548307184,0.028364987613542527,0.030775325238566766,0.0012747172086250418,0.03205004244719181,Feb
Can you freeze your body and come back to life? - Shannon N. Tessier,2023-02-14,1068599,24181,990,2023,0.022628694206152166,0.0009264466839291446,0.023555140890081313,0.03119460667022913,0.0012936341799271067,0.03248824085015624,Feb
How to manage your emotions,2023-02-16,2443303,80146,790,2023,0.03280231719111383,0.0003233327999024272,0.03312564999101626,0.03196170457640182,0.0012450823641303214,0.03320678694053215,Feb
One of the most banned books of all time - Mollie Godfrey,2023-02-21,789711,32746,772,2023,0.041465802046571465,0.0009775728082804976,0.042443374854851966,0.032741371252978504,0.0011804863945715468,0.03392185764755005,Feb
What happens when the Arctic permafrost melts? - Brendan Rogers and Jessica Howard,2023-02-23,343516,10963,311,2023,0.03191408842673995,0.0009053435647830086,0.03281943199152296,0.03273727318926063,0.0011979729378521645,0.03393524612711279,Feb
Why isn't Hisako Koyama more famous? #shorts,2023-02-27,165824,9394,75,2023,0.05665042454650714,0.00045228676186800465,0.057102711308375145,0.033823656856801367,0.0011917754161629825,0.03501543227296435,Feb
What if you experienced every human life in history?,2023-02-28,3346518,130514,4866,2023,0.038999939638752874,0.00145404865594627,0.04045398829469915,0.033843186427527705,0.0011934499750542965,0.035036636402582005,Feb
The continents are moving. When will they collide? - Jean-Baptiste P. Koehl,2023-03-02,407145,10422,300,2023,0.02559776001178941,0.0007368382271672254,0.026334598238956636,0.033626770358658194,0.001125404896816467,0.03475217525547466,Mar
6 myths about the Middle Ages that everyone believes - Stephanie Honchell Smith,2023-03-07,2504238,65894,1652,2023,0.02631299421221146,0.0006596817075693285,0.026972675919780788,0.03371047703725185,0.001116285161557023,0.03482676219880887,Mar
How the Mongols used horses to create an empire - William T. Taylor,2023-03-09,784690,21050,537,2023,0.026825880283933783,0.0006843466846780257,0.027510226968611808,0.033157088068328976,0.0011057868963188198,0.03426287496464779,Mar
What happens if an engineered virus escapes the lab?,2023-03-14,1099918,35824,2093,2023,0.03256970065041212,0.0019028691229709851,0.03447256977338311,0.03288169486600343,0.0011337152577781434,0.03401541012378158,Mar
The man who lost his sense of touch - Antonio Cataldo,2023-03-16,553439,16149,442,2023,0.02917936755450917,0.0007986426688397456,0.029978010223348915,0.032544388325101925,0.0011377846089837623,0.033682172934085694,Mar
What’s your best guess? #shorts,2023-03-20,95400,2767,196,2023,0.0290041928721174,0.0020545073375262055,0.031058700209643606,0.03252412725587815,0.0011889081391097981,0.03371303539498795,Mar
A day in the life of a teenager in medieval Baghdad - Birte Kristiansen and Petra Sijpesteijn,2023-03-21,923422,32713,1161,2023,0.03542583997348991,0.0012572799868315894,0.0366831199603215,0.03268149414400449,0.0011878690754836586,0.033869363219488156,Mar
"Puke, poop, and tiny cockroaches: How the leafcutter ant queen runs her farm - Charles Wallace",2023-03-23,302690,9422,222,2023,0.031127556245663882,0.0007334236347418151,0.0318609798804057,0.032407927775492666,0.0011787457723804677,0.03358667354787314,Mar
This one weird trick will get you infinite gold - Dan Finkel,2023-03-28,1393604,33931,1842,2023,0.024347662607168176,0.0013217528078277618,0.025669415414995938,0.03216448784727428,0.001196796813466711,0.03336128466074099,Mar
How stretching actually changes your muscles - Malachy McHugh,2023-03-30,9301376,216407,1247,2023,0.023266127506295843,0.00013406618547621342,0.023400193691772056,0.031667452289897986,0.0011882540941701883,0.03285570638406818,Mar
Is AI the most important technology of the century?,2023-04-04,400423,15598,543,2023,0.038953806349785104,0.0013560659602470388,0.04030987231003214,0.0320040689037084,0.001161572247070732,0.033165641150779135,Apr
How does this all-female species reproduce? - Susana Freitas and Darren Parker,2023-04-06,440575,17172,963,2023,0.03897633774045282,0.002185779946660614,0.041162117687113434,0.0326065438774771,0.0012106873115163286,0.03381723118899343,Apr
Are we all just players in the game of life? #shorts,2023-04-07,177333,7274,53,2023,0.041018874095628,0.0002988727422419967,0.04131774683787,0.03301488564667992,0.0011699686738915493,0.03418485432057147,Apr
The Hawaiian story of the wind keepers - Sydney Iaukea,2023-04-11,232685,6275,177,2023,0.026967789071061735,0.0007606850463072394,0.027728474117368975,0.032533000204782926,0.0011396714644328252,0.033672671669215753,Apr
What is a fecal microbial transplant? - Kathryn M. Stephenson and David L. Suskind,2023-04-13,365459,10413,465,2023,0.02849293628012992,0.00127237255068284,0.02976530883081276,0.03245260337962629,0.0011459548557910077,0.033598558235417304,Apr
What’s your best guess? #shorts,2023-04-14,105192,2351,366,2023,0.022349608335234618,0.0034793520419803786,0.025828960377214997,0.032056759572136065,0.0012505196410116856,0.03330727921314775,Apr
Whatever happened to the hole in the ozone layer? - Stephanie Honchell Smith,2023-04-18,598916,21362,788,2023,0.03566777311008555,0.0013157103834260564,0.03698348349351161,0.03203531621316053,0.0012517117526862568,0.033287027965846795,Apr
Why do we eat popcorn at the movies? - Andrew Smith,2023-04-20,1247804,29970,652,2023,0.02401819516526634,0.0005225179595513398,0.02454071312481768,0.03219674178590945,0.0012348263533654704,0.03343156813927492,Apr
"Together, we can save the planet #shorts #earthday",2023-04-22,99256,3612,91,2023,0.03639074715886193,0.0009168211493511728,0.03730756830821311,0.03141911227046963,0.0012399744487174358,0.03265908671918707,Apr
"The return of Mongolia's ""wild"" horses - Nigel Rothfels",2023-04-25,221892,8479,221,2023,0.038212283453211475,0.0009959800263191101,0.03920826347953058,0.03165666895501782,0.0011708501101793413,0.03282751906519717,Apr
The records the British Empire didn't want you to see - Audra A. Diptée,2023-04-27,337553,15020,1044,2023,0.044496716071253994,0.0030928476417036734,0.047589563712957667,0.03224342904816563,0.0012025111802475336,0.033445940228413164,Apr
Trust the process #shorts,2023-04-28,140099,4747,35,2023,0.03388318260658534,0.00024982333921012997,0.03413300594579547,0.0323150181116004,0.0011868020893538596,0.03350182020095426,Apr
Why do we have crooked teeth when our ancestors didn’t? - G. Richard Scott,2023-05-02,4083095,97931,5287,2023,0.023984501952562947,0.0012948510872267237,0.02527935303978967,0.03223972368095946,0.0011922832020517915,0.03343200688301125,May
The rise and fall of the Mughal Empire - Stephanie Honchell Smith,2023-05-04,1212337,25771,3232,2023,0.021257290670828325,0.0026659253986309086,0.023923216069459234,0.03209294633447922,0.0011910014970625824,0.03328394783154181,May
Humans are all almost exactly the same... almost  - Greg Foot,2023-05-09,221325,7673,277,2023,0.03466847396362815,0.0012515531458262737,0.035920027109454425,0.03249427232639509,0.0012018383791258201,0.03369611070552091,May
Why were there three popes at the same time? - Joëlle Rollo-Koster,2023-05-11,1425400,34198,920,2023,0.023991861933492353,0.0006454328609513119,0.024637294794443664,0.03220059048447437,0.0012125750478274495,0.03341316553230182,May
The strangest summer in recorded history - David Biello,2023-05-16,576071,14258,444,2023,0.02475042138903017,0.0007707383291295691,0.02552115971815974,0.031643411129223,0.0012056805651890852,0.03284909169441208,May
Is it normal to talk to yourself?,2023-05-18,7755837,383038,5790,2023,0.04938706164144502,0.0007465345132962438,0.050133596154741264,0.03222584356971316,0.0012003869301395265,0.033426230499852695,May
We can prevent the next epidemic - George Zaidan,2023-05-23,401866,7914,195,2023,0.019693131541359557,0.00048523637232311266,0.02017836791368267,0.030993933802874914,0.0012014852504880298,0.03219541905336294,May
Can you outsmart Fate and break her ancient curse? - Dan Finkel,2023-05-25,1499190,31022,1528,2023,0.020692507287268458,0.0010192170438703566,0.021711724331138816,0.030383686057825432,0.0011869908634188327,0.03157067692124426,May
How (and why) to read William Faulkner  - Sascha Morrell,2023-05-30,268984,8543,194,2023,0.03176025339797162,0.0007212324896648127,0.03248148588763644,0.030589102504031507,0.0011864706721687525,0.03177557317620026,May
Test yourself: Can you tell the difference between music and noise? - Hanako Sawada,2023-06-01,592308,21304,681,2023,0.035967773523234534,0.0011497396624729026,0.03711751318570743,0.03091092848106561,0.001202805937332205,0.032113734418397814,Jun
Food expiration dates don’t mean what you think - Carolyn Beans,2023-06-06,5744319,159317,3394,2023,0.027734706237588825,0.0005908446240537825,0.028325550861642606,0.030941222679520774,0.0011996892019780635,0.03214091188149884,Jun
What did people do before anesthesia? - Sally Frampton,2023-06-08,2048030,49791,1538,2023,0.024311655590982553,0.0007509655620278999,0.025062621153010455,0.030665954510873124,0.001161292416613294,0.03182724692748642,Jun
What it means if you can see faces in objects - Susan G. Wardle,2023-06-13,424917,11406,394,2023,0.02684288931720783,0.0009272399080290975,0.027770129225236927,0.03058807190296308,0.0011655789912529391,0.03175365089421602,Jun
Who is the fastest god in all mythology? - Iseult Gillespie,2023-06-15,368979,9088,367,2023,0.024630128001864603,0.0009946365511316361,0.02562476455299624,0.03044226974062132,0.0011302499650397869,0.031572519705661106,Jun
Do your students have big ideas? #shorts,2023-06-15,95299,3172,26,2023,0.03328471442512513,0.00027282552807479616,0.033557539953199926,0.030370898889009162,0.0010974348164145603,0.03146833370542372,Jun
"What is Juneteenth, and why is it important? #shorts #juneteenth",2023-06-19,135937,6629,193,2023,0.048765236837652735,0.0014197753371046882,0.050185012174757425,0.03095882157540879,0.0011203132064933228,0.032079134781902115,Jun
Why is Marie Antoinette so controversial? - Carolyn Harris,2023-06-20,1374674,42495,1655,2023,0.030912783685441057,0.0012039218025510048,0.03211670548799206,0.031177658944684553,0.0011163855063174308,0.03229404445100198,Jun
Should you switch to solar? - Shannon Odell,2023-06-22,395148,12511,689,2023,0.03166155465800156,0.0017436504803263588,0.03340520513832792,0.03145750651640808,0.001170038316145769,0.03262754483255384,Jun
What caused the Rwandan Genocide? - Susanne Buckley-Zistel,2023-06-27,1505628,34289,2156,2023,0.022773885714133902,0.0014319606170979818,0.024205846331231885,0.030918175828553034,0.0011725681380408003,0.03209074396659383,Jun
Gravity vs. Pressure: The battle that formed the universe - Fabio Pacucci,2023-06-29,197826,7148,167,2023,0.0361327631352805,0.0008441761952422836,0.03697693933052278,0.030823390008380625,0.0011278480129935228,0.031951238021374145,Jun
Why did Megalodon go extinct? - Jack Cooper and Catalina Pimiento,2023-07-03,1344073,28332,595,2023,0.02107921221540794,0.0004426842887253892,0.02152189650413333,0.03015873461237329,0.0011326417312096358,0.03129137634358292,Jul
3 things you may not know about the Declaration of Independence #shorts,2023-07-04,267850,10762,121,2023,0.0401792047787941,0.0004517453798767967,0.040630950158670895,0.030599115135964368,0.0011223437423286211,0.03172145887829299,Jul
Can you solve the time traveling car riddle? - Dan Finkel,2023-07-06,809062,16279,739,2023,0.02012083128363463,0.0009134034227290368,0.021034234706363664,0.030320044969414525,0.001110378104730161,0.03143042307414469,Jul
Can other animals understand death? - Barbara J. King,2023-07-11,1015151,41188,1576,2023,0.04057327432076607,0.0015524783997651582,0.042125752720531234,0.030927500502265573,0.0010461489833229868,0.03197364948558856,Jul
What's happening to Earth's core? - Shannon Odell,2023-07-13,419527,12943,480,2023,0.030851411232173376,0.0011441456688127344,0.031995556900986113,0.03076695510633517,0.0010404301595025429,0.031807385265837713,Jul
3 ways to choose a sunscreen #shorts,2023-07-14,117088,5272,62,2023,0.04502596337797212,0.0005295162612735721,0.045555479639245694,0.031467214046758694,0.0010406634362266174,0.03250787748298531,Jul
One of history's most dangerous myths - Anneliese Mehnert,2023-07-18,479643,19220,1797,2023,0.040071469822347036,0.0037465364865118434,0.04381800630885888,0.0315899048022082,0.0011349872807986396,0.03272489208300684,Jul
The rise and fall of Italy’s warriors-for-hire - Stephanie Honchell Smith,2023-07-20,252563,8208,172,2023,0.032498822076076066,0.0006810182013992548,0.03317984027747532,0.03139945608963702,0.0011244885533013113,0.03252394464293833,Jul
Become a patron of TED-Ed! #shorts,2023-07-21,80507,2827,76,2023,0.035114958947669146,0.0009440172904219509,0.036058976238091095,0.031086730852184184,0.0010528608749252536,0.032139591727109444,Jul
3 questions to ask yourself before you believe something - Siska De Baerdemaeker,2023-07-25,401918,16478,1015,2023,0.04099841261152772,0.0025253907513472897,0.043523803362875015,0.03132390518568227,0.0011287131219964925,0.03245261830767876,Jul
How to enter flow state,2023-07-27,1985227,89713,1179,2023,0.04519029813719035,0.0005938867444377897,0.045784184881628144,0.032030765058503184,0.001105347643903528,0.03313611270240671,Jul
How dangerous was it to be a jester? - Beatrice K. Otto,2023-08-01,1311687,41400,811,2023,0.03156240780003156,0.0006182877470006183,0.03218069554703218,0.032374268962809954,0.0010370930555158515,0.033411362018325806,Aug
Why your phone battery gets worse over time - George Zaidan,2023-08-03,646135,20246,446,2023,0.03133400914669535,0.0006902582277697385,0.032024267374465086,0.03226312013557887,0.001018383224913967,0.03328150336049283,Aug
What happens if you don’t put your phone in airplane mode? - Lindsay DeMarchi,2023-08-08,3697920,103755,1690,2023,0.028057664849428867,0.00045701367255105574,0.028514678521979923,0.03239864689944341,0.0010121025853006252,0.03341074948474403,Aug
Why is everyone fighting over these tiny spots of space? - Fabio Pacucci,2023-08-10,355252,11314,226,2023,0.03184781507211782,0.0006361681285397408,0.03248398320065756,0.032635226688879665,0.001007616911947631,0.033642843600827296,Aug
How the water you flush becomes the water you drink - Francis de los Reyes,2023-08-15,443452,12928,362,2023,0.02915309886977621,0.000816322848921642,0.02996942171869785,0.031960761263157375,0.001009943189801811,0.03297070445295918,Aug
"A 5,300-year-old murder mystery - Albert Zink",2023-08-17,1373089,40647,1241,2023,0.029602596772678246,0.0009038015744063203,0.030506398347084566,0.032291076770867996,0.0010238953632045844,0.03331497213407258,Aug
Is plant-based meat actually better for you? - Carolyn Beans,2023-08-22,577356,16912,927,2023,0.02929215250209576,0.0016055951613908922,0.030897747663486654,0.032577731611362244,0.0010434413004552687,0.033621172911817515,Aug
Can alligators survive this apex predator? - Kenny Coogan,2023-08-24,236006,6807,216,2023,0.028842487055413847,0.0009152309687041855,0.02975771802411803,0.032480472733276984,0.0010499079164232481,0.03353038064970023,Aug
The one thing stopping jellyfish from taking over - Mariela Pajuelo & Javier Antonio Quinones,2023-08-29,1053405,28946,888,2023,0.02747851016465652,0.0008429806199894628,0.02832149078464598,0.032197497287991046,0.0010396826150071334,0.03323717990299818,Aug
Why is it so hard to break a bad habit?,2023-08-31,1016023,29925,487,2023,0.02945307340483434,0.00047931985791660226,0.02993239326275094,0.0322547761935659,0.0010359651228025607,0.033290741316368465,Aug
This is what happens when you hit the gas - Shannon Odell,2023-09-05,1199288,43181,1025,2023,0.03600552994776901,0.0008546737731053759,0.03686020372087438,0.032644572005458776,0.00103942206317181,0.03368399406863059,Sep
Can you solve the cursed dice riddle? - Dan Finkel,2023-09-07,944679,22551,799,2023,0.023871600829488113,0.0008457899455793979,0.02471739077506751,0.032545529055868126,0.0010367070644234865,0.03358223612029161,Sep
Can you change your sleep schedule?,2023-09-12,2228151,67864,1086,2023,0.030457540804011935,0.0004873996421247932,0.03094494044613673,0.03273977614927303,0.0010197991674565918,0.03375957531672962,Sep
What happens when you fall into piranha-infested waters? - Antonio Machado-Allison,2023-09-14,1202762,25687,1027,2023,0.021356677380894973,0.000853868013788264,0.022210545394683236,0.03234217491446536,0.0010391672503137074,0.03338134216477907,Sep
Do you ever feel isolated amongst your peers? #shorts,2023-09-18,233483,11799,115,2023,0.05053472843847304,0.0004925412128506144,0.05102726965132365,0.032401157967826034,0.001008259446171905,0.033409417413997944,Sep
Why is this painting of a black square famous? - Allison Leigh,2023-09-19,336004,11118,432,2023,0.03308889179890716,0.0012856989797740504,0.034374590778681206,0.03247369490494158,0.00101098535207934,0.033484680257020914,Sep
Why were scientists so obsessed with these frogs? - Carly Anne York,2023-09-21,192720,6528,239,2023,0.033872976338729766,0.0012401411374014114,0.035113117476131175,0.03254740896096585,0.0009942017073151749,0.03354161066828102,Sep
Why mosquitoes bite some people more than others - Maria Elena De Obaldia,2023-09-26,835607,19496,634,2023,0.023331542220206388,0.0007587298813916112,0.024090272101598,0.03256599751116827,0.0009717606827916292,0.0335377581939599,Sep
The plot to overthrow the Inca Empire - Gabriel Prieto,2023-09-28,248535,7959,237,2023,0.03202365863962822,0.0009535880258313719,0.03297724666545959,0.03242902736131319,0.0009754077438112655,0.033404435105124454,Sep
Ethical dilemma: What makes life worth living? - Douglas MacLean,2023-10-03,594411,21990,1587,2023,0.036994604743182745,0.002669869837536654,0.0396644745807194,0.032959540445572345,0.0010496472621049743,0.03400918770767733,Oct
What would happen if everyone stopped eating meat tomorrow? - Carolyn Beans,2023-10-05,1054074,32294,3226,2023,0.03063731768357819,0.0030605061883700766,0.03369782387194827,0.03264147754239848,0.001136605955721417,0.03377808349811991,Oct
"Changing the future, one student voice at a time #shorts",2023-10-06,153945,4797,29,2023,0.031160479391990646,0.00018837896651401474,0.031348858358504664,0.03300946581267702,0.0011124384738475828,0.034121904286524604,Oct
How you survive the coldest place on Earth - Nadia Frontier,2023-10-10,202382,7277,125,2023,0.03595675504738564,0.0006176438616082458,0.03657439890899388,0.03285558183689767,0.0010812773225756858,0.03393685915947336,Oct
3 tips on how to study effectively,2023-10-12,6329799,245709,2179,2023,0.03881782028149709,0.0003442447382610412,0.03916206501975813,0.03312112880520846,0.0010546139582239627,0.03417574276343242,Oct
Confused about recycling? It’s not your fault - Shannon Odell,2023-10-17,313982,12789,459,2023,0.0407316342975075,0.0014618672407972432,0.04219350153830474,0.03297798450252631,0.0010856923242080852,0.03406367682673439,Oct
How to overcome your mistakes,2023-10-19,1423138,52472,568,2023,0.03687063376847502,0.00039911800542182137,0.03726975177389684,0.03287128996739724,0.0009741117081717509,0.033845401675568994,Oct
A tour of the ancient Greek Underworld - Iseult Gillespie,2023-10-24,962714,26317,536,2023,0.027336259782240625,0.0005567593283155745,0.027893019110556198,0.03269920455760273,0.0009699697457356284,0.03366917430333836,Oct
The dark history of werewolves - Craig Thomson,2023-10-26,480359,16923,375,2023,0.03522990096989959,0.0007806661267926696,0.036010567096692266,0.03270303595834374,0.0009645247069479856,0.03366756066529173,Oct
Japan's scariest ghost story - Kit Brooks,2023-10-31,553613,18384,378,2023,0.03320731268955028,0.0006827874345436253,0.03389010012409391,0.032443332627611156,0.0009031045963878634,0.03334643722399902,Oct
What really caused the Irish Potato Famine - Stephanie Honchell Smith,2023-11-02,906357,23797,1911,2023,0.026255658642234794,0.002108440713758486,0.02836409935599328,0.031812177977779306,0.0009535897286985535,0.032765767706477864,Nov
Can you solve the secret assassin society riddle? - Alex Rosenthal,2023-11-07,1265269,30658,1361,2023,0.024230420566693722,0.001075660590751848,0.02530608115744557,0.03156777840333472,0.0009688354901569278,0.03253661389349164,Nov
Sherlock Holmes and the crime of the century - Alex Rosenthal,2023-11-09,630362,16715,402,2023,0.026516509561172786,0.0006377287971038863,0.027154238358276673,0.0314071950838173,0.0009670845091347326,0.03237427959295203,Nov
The asteroid that almost wiped out life on Earth - Sean P. S. Gulick,2023-11-14,236911,10383,378,2023,0.043826584666815806,0.0015955358763417487,0.04542212054315756,0.03193282574439686,0.001005035249261089,0.03293786099365795,Nov
The gory history of barber surgeons - Stephanie Honchell Smith,2023-11-16,688667,20355,401,2023,0.029557100892013122,0.0005822843260966476,0.030139385218109768,0.031856468605060036,0.001003239122512986,0.032859707727573025,Nov
Where did these gigantic space bubbles come from? - Ashkbiz Danehkar,2023-11-20,281201,9316,303,2023,0.0331293274205995,0.00107752106144715,0.03420684848204665,0.03198900955675414,0.0010119457295971696,0.033000955286351316,Nov
Why was the US government obsessed with this animal? - Andrew C. Isenberg,2023-11-21,318277,11834,647,2023,0.037181448863725625,0.0020328204677058036,0.03921426933143143,0.03224163795978906,0.0010495796927071524,0.033291217652496215,Nov
The diseases that changed humanity forever - Dan Kwartler,2023-11-28,785790,16727,335,2023,0.02128685781188358,0.0004263225543720332,0.021713180366255615,0.03197479480344865,0.0010102706058065236,0.03298506540925518,Nov
How to make smart decisions more easily,2023-11-30,1714994,65287,646,2023,0.03806835475809245,0.0003766777026625166,0.038445032460754966,0.03228232372687127,0.0009923188302718012,0.033274642557143075,Nov
"How did South African Apartheid happen, and how did it finally end? - Thula Simpson",2023-12-05,875561,22908,2366,2023,0.026163796697203277,0.002702267460519598,0.028866064157722877,0.03223849994462283,0.0010542950582894727,0.0332927950029123,Dec
The rights you might not realize you have - Shannon Odell,2023-12-07,485624,9061,439,2023,0.018658468279986164,0.0009039915654909972,0.019562459845477158,0.031878679773794556,0.0010684507818752857,0.03294713055566984,Dec
The largest river on Earth is actually in the sky - Iseult Gillespie,2023-12-12,1059860,38378,690,2023,0.036210442888683414,0.0006510293812390316,0.036861472269922445,0.031885510205158375,0.0010616626354797408,0.03294717284063811,Dec
How does whale communication work? - David Gruber and Shane Gero,2023-12-14,269505,10073,199,2023,0.03737592994564108,0.0007383907534183039,0.03811432069905939,0.032335654509030136,0.0010580826624077043,0.03339373717143785,Dec
Does planting trees actually cool the planet? - Carolyn Beans,2023-12-19,554669,18352,530,2023,0.03308639927596459,0.0009555248265181576,0.03404192410248274,0.0324232831247619,0.0010736868352208167,0.03349696995998271,Dec
The science of laughter - Sasha Winkler,2023-12-21,1232618,34226,656,2023,0.027766915621871495,0.0005322005682214604,0.028299116190092958,0.032636957732794444,0.0010629645870352564,0.0336999223198297,Dec
How to get motivated even when you don’t feel like it,2024-01-02,2013976,67740,905,2024,0.03363495890715679,0.0004493598732060362,0.034084318780362825,0.03207363208175057,0.0010615252090471039,0.03313515729079767,Jan
Why is Texas hold 'em so popular? - James McManus,2024-01-04,1297715,34563,508,2024,0.02663373699155824,0.00039145729224059213,0.02702519428379883,0.03185846025483894,0.0010317171527959887,0.032890177407634925,Jan
Are pandas the most misunderstood animal? - Lucy Cooke,2024-01-09,468561,15802,417,2024,0.03372453106425844,0.0008899588314008208,0.03461448989565926,0.031853512079023226,0.0010200444092626356,0.03287355648828586,Jan
Why is rice so popular? - Carolyn Beans,2024-01-11,990890,27863,977,2024,0.028119165598603276,0.0009859822987415355,0.02910514789734481,0.03201309952496979,0.0010276194898409664,0.03304071901481075,Jan
How much would it cost to buy the ocean? - Astrid J. Hsu,2024-01-16,916279,30747,620,2024,0.033556373113429426,0.0006766497977144517,0.03423302291114388,0.032064190007429834,0.0010183882155704025,0.03308257822300023,Jan
"History vs. Egypt’s ""most powerful"" pharaoh - Jessica Tomkins",2024-01-18,552955,13947,912,2024,0.025222667305657785,0.0016493204691159318,0.026871987774773717,0.031671792092845666,0.0009843699032897116,0.03265616199613538,Jan
How to know if you're selfish (and whether or not that's bad) - Mark Hopwood,2024-01-23,603777,17385,429,2024,0.028793743385388978,0.0007105272310803492,0.029504270616469326,0.03161033961623936,0.0009060372713800541,0.03251637688761941,Jan
Would you raise the baby that ate your siblings? - Francesca Barbero,2024-01-25,611652,16147,494,2024,0.026398998123115757,0.0008076487937585424,0.0272066469168743,0.03145162357394353,0.0009266795989548717,0.0323783031728984,Jan
The real reason dodo birds went extinct - Leon Claessens,2024-01-30,606625,17981,539,2024,0.029641046775190603,0.0008885225633628683,0.030529569338553473,0.031241099964870362,0.0009357088890133591,0.032176808853883715,Jan
How does alcohol cause blackouts? - Shannon Odell,2024-02-01,1495545,29309,643,2024,0.019597538021256466,0.00042994359915616046,0.020027481620412624,0.030600423889529004,0.0009385655177098631,0.03153898940723887,Feb
The corpse flower may keep you up at night - Daniel Nickrent,2024-02-06,345468,10008,334,2024,0.02896939803397131,0.0009668044507740225,0.02993620248474533,0.030208349347411134,0.0009220634247090891,0.031130412772120218,Feb
Is Chandigarh a perfectly planned city? - Vikramāditya Prakāsh,2024-02-08,535261,21136,748,2024,0.039487278168968035,0.0013974490949275214,0.04088472726389556,0.03029557082742757,0.0009553411276926123,0.03125091195512018,Feb
The Fijian myth of the greedy god - Raiana McKinney and Esther Wozniak,2024-02-13,294908,10535,260,2024,0.03572300514058622,0.0008816308814952459,0.036604636022081465,0.03057512900603909,0.000966170179465268,0.03154129918550436,Feb
Why can't you put metal in a microwave? - Aaron Slepkov,2024-02-15,1527284,35831,617,2024,0.0234606006479476,0.0004039851134432103,0.02386458576139081,0.03018281899530735,0.0009536141456869527,0.031136433140994305,Feb
When ancient wisdom beats modern industry - Rebecca Webster,2024-02-20,654552,36015,558,2024,0.055022366443002235,0.0008524914750852492,0.05587485791808749,0.03090998745375575,0.0009592709470383402,0.0318692584007941,Feb
The warrior who defeated the mighty Mughals - Stephanie Honchell Smith,2024-02-22,320782,10471,624,2024,0.03264210585381973,0.00194524630434376,0.03458735215816349,0.03112286902747525,0.0009538311333911827,0.03207670016086643,Feb
Can you solve the magical maze riddle? - Alex Rosenthal,2024-02-27,680115,15680,764,2024,0.023054924534821317,0.0011233394352425693,0.024178263970063885,0.031083685826412837,0.0009554204282075401,0.03203910625462038,Feb
Will the real Fernando please stand up? - Ilan Stavans,2024-02-29,309341,13034,302,2024,0.042134731574540715,0.0009762689071283793,0.0431110004816691,0.03160429322685843,0.0009667050985416898,0.03257099832540013,Feb
How humanity got hooked on coffee - Jonathan Morris,2024-03-05,1945145,43652,667,2024,0.02244151464286724,0.0003429050276457539,0.022784419670512996,0.03089145755939348,0.00092495073691849,0.03181640829631197,Mar
5 philosophers on anger - Delaney Thull,2024-03-07,321474,10289,363,2024,0.032005698750132205,0.00112917374344426,0.03313487249357646,0.03097307748799745,0.0009431803841634105,0.03191625787216086,Mar
One of the world’s oldest condiments - Dan Kwartler,2024-03-12,860403,23436,602,2024,0.027238398750353034,0.0006996721303854125,0.027938070880738446,0.030776713198989235,0.0009305854197946858,0.03170729861878392,Mar
Why was the Rosetta Stone so important? - Franziska Naether,2024-03-14,681954,16955,567,2024,0.024862380747088512,0.0008314343782718482,0.025693815125360363,0.03036607759510133,0.000890539216813554,0.031256616811914884,Mar
"What causes addiction, and why is it so hard to treat? - Judy Grisel",2024-03-19,890702,24276,661,2024,0.027254906803846853,0.0007421112785196396,0.027997018082366494,0.03056501256150011,0.0009010655076184742,0.03146607806911858,Mar
The underground cities of the Byzantine Empire - Veronica Kalas,2024-03-21,556373,18688,420,2024,0.03358897717897885,0.0007548892559487969,0.03434386643492765,0.030415699975529654,0.0009136725593946836,0.031329372534924335,Mar
The Greek myth of Demeter's revenge - Iseult Gillespie,2024-03-26,757186,20994,535,2024,0.027726344649795426,0.0007065635127960633,0.02843290816259149,0.03046778490728273,0.0008471490944705657,0.031314934001753295,Mar
What Earth in 2050 could look like - Shannon Odell,2024-03-28,1012543,22594,3168,2024,0.022314114067254427,0.0031287560133248663,0.025442870080579293,0.030589639766858336,0.0009213079093983613,0.031510947676256694,Mar
What is earwax — and should you get rid of it? - Henry C. Ou,2024-04-02,980161,24297,698,2024,0.024788784699656487,0.000712127905517563,0.025500912605174047,0.030208917827224107,0.0009233445268743124,0.031132262354098418,Apr
"Why is ""The Scream"" screaming? - Noah Charney",2024-04-04,320732,11540,314,2024,0.03598019530324383,0.000979010513450482,0.03695920581669431,0.030162393339144198,0.0009313651855420517,0.03109375852468625,Apr
The true story behind the legend of the 47 Rōnin - Adam Clulow,2024-04-09,500277,14676,310,2024,0.029335747995610433,0.0006196567101825588,0.02995540470579299,0.030037371629799057,0.0009201695816641983,0.030957541211463258,Apr
How to prevent political corruption - Stephanie Honchell Smith,2024-04-11,582954,27477,899,2024,0.0471340791897817,0.0015421456924560085,0.048676224882237704,0.0306829437487294,0.0009538344191386833,0.03163677816786808,Apr
The Nazis recruited to win the Cold War - Brian Crim,2024-04-16,540131,22101,919,2024,0.04091785141012088,0.0017014390953305773,0.042619290505451456,0.030925706832161535,0.0009955703932095013,0.03192127722537104,Apr
Picture a perfect society. What does it look like? - Joseph Lacey,2024-04-18,271786,10323,647,2024,0.03798208884931527,0.0023805494028389983,0.04036263825215427,0.0313039852274201,0.0010618734635627813,0.03236585869098288,Apr
Does math have a major flaw? - Jacqueline Doan and Alex Kazachek,2024-04-23,368947,12135,470,2024,0.032890903029432414,0.001273895708597712,0.034164798738030126,0.03127619762625924,0.0010746713594693446,0.03235086898572857,Apr
The rise and fall of the Maya Empire’s most powerful city - Geoffrey E. Braswell,2024-04-25,323659,8983,219,2024,0.027754519417040775,0.000676638066607139,0.028431157483647912,0.031264042753540486,0.001064359885064865,0.03232840263860535,Apr
How do gas masks actually work? - George Zaidan,2024-04-30,605626,23537,508,2024,0.038863919316541894,0.0008388015045589192,0.03970272082110081,0.0314409609603109,0.0010697649419596804,0.03251072590227058,Apr
How to increase your happiness,2024-05-02,913291,30300,607,2024,0.033176720234843,0.0006646293459587361,0.03384134958080174,0.031706096057950404,0.001036941904521107,0.032743037962471515,May
Why do bugs swarm over water? - Luke M. Jacobus,2024-05-07,353838,11370,413,2024,0.03213334915978499,0.001167200809409956,0.033300549969194945,0.03181741625043027,0.0010521643571320938,0.03286958060756237,May
How could so many people support Hitler? - Joseph Lacey,2024-05-09,1309648,47350,4340,2024,0.03615475303287601,0.003313867543034464,0.039468620575910475,0.032142608080755614,0.001135704982107958,0.03327831306286357,May
Scientists are obsessed with this lake - Nicola Storelli and Daniele Zanzi,2024-05-14,974405,21614,428,2024,0.022181741678254936,0.00043924240947039477,0.02262098408772533,0.03189396457752443,0.001120728976978209,0.033014693554502636,May
What happened when these 6 dictators took over? - Stephanie Honchell Smith,2024-05-16,768087,29080,2277,2024,0.037860294471850194,0.002964507926836413,0.040824802398686605,0.032502723125877556,0.0012052144545675505,0.0337079375804451,May
Can AI predict someone's breakup? - Thomas Hofweber,2024-05-21,175837,5996,330,2024,0.03409976284854723,0.001876738115413707,0.03597650096396094,0.032673735286363415,0.0012355455767222069,0.033909280863085624,May
"Why don't ""tough"" and ""dough"" rhyme? - Arika Okrent",2024-05-23,499068,16641,629,2024,0.033344153502127966,0.0012603492910785706,0.03460450279320654,0.032468964464135414,0.001230975583260575,0.03369994004739599,May
How does an air conditioner actually work? - Anna Rothschild,2024-05-28,416133,13574,364,2024,0.03261937890049575,0.0008747203418137951,0.03349409924230955,0.03236551025613239,0.00123074523193786,0.033596255488070256,May
How did ancient civilizations make ice cream? - Vivian Jiang,2024-05-30,1644064,35678,662,2024,0.021701101660275997,0.00040266072367012474,0.022103762383946124,0.03230686028987668,0.0012307010856120906,0.03353756137548877,May
Can you transplant a head to another body? - Max G. Levy,2024-06-04,618071,17598,1261,2024,0.028472457047814894,0.0020402186803781443,0.03051267572819304,0.031421863310037094,0.0012702919924551873,0.03269215530249228,Jun
"How to love, according to Rumi - Stephanie Honchell Smith",2024-06-06,1083505,35901,963,2024,0.03313413412951486,0.0008887822391221084,0.03402291636863697,0.03143826425256027,0.0012350765236144655,0.03267334077617474,Jun
These animals can hear everything - Jakob Christensen-Dalsgaard,2024-06-11,251134,7343,150,2024,0.029239370216697064,0.0005972906894327331,0.029836660906129794,0.03164441244195613,0.0012175415654208043,0.03286195400737693,Jun
Can you solve the basketball riddle? - Dan Katz,2024-06-13,583603,13660,818,2024,0.02340632244865088,0.0014016377571739692,0.02480796020582485,0.0310201321377598,0.0012317205270889905,0.03225185266484879,Jun
What really happened to Oedipus? - Stephen Esposito,2024-06-18,921128,24343,544,2024,0.026427380342362843,0.0005905802450908018,0.027017960587453645,0.031152994327742985,0.001239976367670492,0.03239297069541348,Jun
The secret behind how Chinese characters work - Gina Marie Elia,2024-06-20,1238316,42285,1415,2024,0.03414718052581086,0.0011426808665962484,0.035289861392407106,0.031224377053598942,0.0012404266051088918,0.03246480365870783,Jun
How do doctors determine what stage of cancer you have? - Hyunsoo Joshua No and Trudy Wu,2024-06-25,671302,20665,626,2024,0.030783462584648934,0.0009325162147587821,0.03171597879940772,0.03134254584807547,0.0012481880745880039,0.03259073392266348,Jun
How close are we to powering the world with nuclear fusion? - George Zaidan,2024-06-27,315283,9789,354,2024,0.03104829629253718,0.001122800785326199,0.03217109707786338,0.03154874303292376,0.0012579002881564826,0.03280664332108025,Jun
What happens in your body during a miscarriage? - Nassim Assefi and Emily M. Godfrey,2024-07-02,672618,20348,677,2024,0.030251940923377012,0.0010065148420054177,0.03125845576538243,0.03164864417024143,0.001266713740272675,0.03291535791051411,Jul
Why fish are better at breathing than you are - Dan Kwartler,2024-07-09,587217,17378,608,2024,0.02959382987890337,0.0010353923677277736,0.030629222246631144,0.03151547259357225,0.0012760638439986407,0.03279153643757089,Jul
The fall of the House of Cadmus - Iseult Gillespie,2024-07-11,456546,11369,520,2024,0.024902200435443524,0.0011389870900194066,0.026041187525462934,0.03142133445309385,0.0012904779632394192,0.03271181241633327,Jul
The weirdest (and coolest) tongues in the animal kingdom - Cella Wright,2024-07-16,256069,8579,194,2024,0.03350268872842867,0.0007576083008876514,0.034260297029316315,0.031794286941799664,0.0012114397061581785,0.03300572664795784,Jul
Why are scientists shooting mushrooms into space? - Shannon Odell,2024-07-18,663203,27711,1015,2024,0.04178358662430658,0.001530451460563357,0.043314038084869944,0.032360780339288,0.0012387171579930384,0.03359949749728104,Jul
Why does hitting your funny bone feel so horrible? - Cella Wright,2024-07-23,686454,22792,620,2024,0.03320251611906989,0.0009031923479213465,0.034105708466991236,0.03226819103314887,0.0012361898858087338,0.0335043809189576,Jul
What the oil industry doesn’t want you to know - Stephanie Honchell Smith,2024-07-25,764195,30617,1884,2024,0.04006438147331506,0.002465339344015598,0.042529720817330655,0.032625812149072356,0.001297712640269835,0.03392352478934219,Jul
Why is Alzheimer’s disease so difficult to treat? - Krishna Sudhir,2024-07-30,415018,14207,422,2024,0.03423225016746262,0.001016823366697348,0.035249073534159965,0.032195751181661715,0.0012802018960778798,0.0334759530777396,Jul
Why did people wear powdered wigs? - Stephanie Honchell Smith,2024-08-01,791766,19183,471,2024,0.024228117903522,0.0005948727275482908,0.02482299063107029,0.03163942673144175,0.0012433163504851367,0.03288274308192689,Aug
The most dangerous elements on the periodic table - Shannon Odell,2024-08-06,613384,15880,368,2024,0.025889165677617936,0.0005999504388767885,0.026489116116494724,0.031236329292385175,0.0011839630516863966,0.03242029234407157,Aug
What are warts — and how do you get rid of them? - Cella Wright,2024-08-08,533228,13413,526,2024,0.02515434298273909,0.0009864448228525133,0.026140787805591606,0.030978443957495397,0.00117438135549489,0.03215282531299029,Aug
Why is it so dangerous to step on a rusty nail? - Louise Thwaites,2024-08-13,5670486,150324,3549,2024,0.026509897035280575,0.0006258722797305204,0.027135769315011094,0.03093695654477006,0.0011726891625990026,0.03210964570736906,Aug
How do bulletproof vests work? - Max G. Levy,2024-08-15,325846,10421,202,2024,0.03198136543029529,0.0006199247497283993,0.032601290180023695,0.030707538081895174,0.0011653932707713188,0.03187293135266649,Aug
Is this the most valuable thing in the ocean? - David Biello,2024-08-20,458891,12875,288,2024,0.028056771651655838,0.0006276000183050005,0.02868437166996084,0.03053687312912227,0.0011641589598495273,0.0317010320889718,Aug
The tragedy of the one guy who was right about the Trojan Horse - Noah Charney,2024-08-22,450587,14953,407,2024,0.033185600117180476,0.0009032661838890159,0.03408886630106949,0.030571948161035447,0.0011553611389988295,0.031727309300034284,Aug
The tale of the boy who tricked a tyrant - Paschal Kyiiripuo Kyoore,2024-08-27,417603,15389,395,2024,0.036850788907167815,0.0009458744309787046,0.03779666333814652,0.030595149356845177,0.0010764280352636374,0.03167157739210882,Aug
Are you more likely to explode or freeze in space? - Tejal Gala,2024-08-29,226798,7725,265,2024,0.03406114692369421,0.0011684406388063387,0.03522958756250055,0.030991129531693154,0.0011007346429081689,0.032091864174601324,Aug
The surprising reason zebras have stripes - Cella Wright,2024-09-03,496086,14039,366,2024,0.028299528710747732,0.0007377753050882307,0.029037304015835964,0.030672437339656404,0.0010265102221832295,0.031698947561839635,Sep
What does appendix pain feel like? - David R. Flum,2024-09-05,1264501,35962,1249,2024,0.02843967699511507,0.0009877414094571692,0.029427418404572237,0.030483767811208665,0.0009968769986513448,0.03148064480986001,Sep
How do animals regrow their limbs? And why can't humans do it? - Jessica Whited,2024-09-10,539651,19351,430,2024,0.03585836031064522,0.0007968112724705412,0.03665517158311576,0.03056757470482591,0.0009814257313644106,0.03154900043619032,Sep
The deadliest thing in your kitchen - George Zaidan,2024-09-12,277806,8807,331,2024,0.03170197907892558,0.0011914789457391128,0.032893458024664694,0.030536994710773573,0.0009919843514952546,0.03152897906226883,Sep
What’s the best way to treat the common cold?,2024-09-17,1032719,31173,1135,2024,0.03018536504121644,0.0010990404940743803,0.03128440553529082,0.03081980349013825,0.0010151970105087295,0.031835000500646984,Sep
The birth of the galaxy in 60 seconds - Scott Hershberger,2024-09-19,221417,8389,213,2024,0.03788778639399865,0.0009619857553846362,0.03884977214938329,0.03113364780167771,0.000979255913008946,0.032112903714686655,Sep
"What is hysteria, and why were so many women diagnosed with it? - Mark S. Micale",2024-09-24,448867,21353,1173,2024,0.04757088402578046,0.0026132462399775435,0.050184130265758006,0.0316148727982199,0.001036738046370794,0.032651610844590694,Sep
Why did it take so long to find giant squids? - Anna Rothschild,2024-09-26,912710,26241,608,2024,0.02875064368748014,0.0006661480645550065,0.029416791752035147,0.03159858191391266,0.0010390332922082031,0.03263761520612087,Sep
You'll travel 1 trillion kilometers through space - Fabio Pacucci and Lindsay DeMarchi,2024-10-01,150575,5901,147,2024,0.03918977253860203,0.0009762576788975594,0.040166030217499586,0.032124696916911034,0.001024853956265656,0.03314955087317669,Oct
Are there any places on Earth with no bugs? - Charles Wallace,2024-10-03,291415,8867,267,2024,0.03042739735428856,0.0009162191376559202,0.031343616491944476,0.03225803081730856,0.0010357085860178267,0.03329373940332639,Oct
Greek mythology’s greatest warrior - Iseult Gillespie,2024-10-08,983992,22336,865,2024,0.022699371539606012,0.0008790721875787608,0.023578443727184775,0.031876437184435065,0.0010269216300505771,0.032903358814485646,Oct
This mushroom will kill you before you know what’s happening - Michael Beug,2024-10-10,891969,18207,955,2024,0.020412144368245982,0.0010706650119006378,0.02148280938014662,0.031530726577221634,0.0010315265899553056,0.03256225316717694,Oct
The real tale of the Monkey King in Heaven - Ji Hao,2024-10-15,398485,12870,465,2024,0.032297326122689686,0.0011669197083955482,0.03346424583108523,0.03157236090489338,0.001032997220724284,0.03260535812561767,Oct
What are those colors you see when you rub your eyes? - Paul CJ Taylor,2024-10-17,366421,12117,308,2024,0.03306851954445842,0.0008405631773288103,0.033909082721787234,0.03166624685892943,0.001027465498568397,0.03269371235749782,Oct
The dungeon master's riddle - Alex Rosenthal,2024-10-22,643160,16690,879,2024,0.025949996890353877,0.00136668947073823,0.027316686361092107,0.03154478575931111,0.0010385087353354122,0.032583294494646524,Oct
3 reasons why medications are so expensive in the US - Kiah Williams,2024-10-24,206814,7669,493,2024,0.03708162890326574,0.002383784463334204,0.03946541336659994,0.03195076670823852,0.0010800019811125722,0.03303076868935109,Oct
How does extreme heat affect your body? - Carolyn Beans,2024-10-29,715023,19966,864,2024,0.027923577283527942,0.0012083527383035231,0.029131930021831464,0.03176479632674183,0.001095026795693101,0.032859823122434934,Oct
The curse of the monkey's paw - Iseult Gillespie,2024-10-31,547752,28255,996,2024,0.0515835633644423,0.0018183411470884634,0.05340190451153077,0.03209146221807969,0.0011046231185772714,0.03319608533665696,Oct
The real reason polio is so dangerous,2024-11-05,603488,17432,950,2024,0.02888541280025452,0.0015741820881276843,0.030459594888382204,0.03194755877411917,0.001126989443250816,0.03307454821736999,Nov
How does kidney transplant surgery work? - Alexander H. Toledo,2024-11-07,265790,7402,328,2024,0.02784905376424997,0.001234056962263441,0.029083110726513414,0.03154038118381701,0.0010859466971924108,0.032626327881009415,Nov
Ugly History: The Armenian Genocide - Ümit Kurt,2024-11-12,485913,20584,4629,2024,0.04236149269519441,0.009526396700643942,0.05188788939583835,0.0318113559347414,0.0013695991416572972,0.0331809550763987,Nov
This could save lives— but are you willing to do it? - Michael Vazquez and Sarah Stroud,2024-11-14,359541,12563,885,2024,0.03494177298277526,0.0024614717097632814,0.03740324469253854,0.032168477770716505,0.0014318191077311304,0.03360029687844764,Nov
Can you solve the trickster god riddle? - Alex Rosenthal,2024-11-19,529195,14517,686,2024,0.027432231974980868,0.0012963085441094493,0.028728540519090316,0.03221991331396194,0.001455031044572219,0.03367494435853416,Nov
What staying up all night does to your brain - Anna Rothschild,2024-11-21,4501561,204625,4418,2024,0.045456453883441765,0.0009814373280735283,0.04643789121151529,0.03289665034398536,0.0014548641280795862,0.03435151447206495,Nov
Why don’t companies want you to repair your stuff? - Aaron Perzanowski,2024-11-26,592246,19181,1015,2024,0.03238687977630917,0.001713814867470612,0.03410069464377978,0.033092549768686315,0.0014911288810042559,0.03458367864969057,Nov
How are these fires burning underground? - Emma Bryce,2024-12-03,216584,7747,236,2024,0.0357690318767776,0.0010896465112843054,0.03685867838806191,0.03321880531690239,0.0015067862730561194,0.034725591589958506,Dec
How scientists are creating real-life invisibility cloaks - Max G. Levy,2024-12-05,335411,9470,361,2024,0.028234017369734445,0.001076291475234861,0.029310308844969307,0.03322471350750501,0.0015217426549537813,0.03474645616245879,Dec
How to make your stress work for you - Shannon Odell,2024-12-10,476627,17526,318,2024,0.03677089212319067,0.0006671883884043497,0.03743808051159502,0.03334422324103869,0.0015138733951042924,0.034858096636142984,Dec
Lady Meng Jiang: The legend of the woman who outwitted an evil emperor - Juwen Zhang,2024-12-12,501463,14078,315,2024,0.028073855897643496,0.00062816199799387,0.028702017895637366,0.033051658807387876,0.0015032829806714647,0.03455494178805934,Dec
Why animals help each other - Ashley Ward,2024-12-17,345981,13545,350,2024,0.039149548674638206,0.0010116162448226926,0.040161164919460896,0.03322127219908601,0.0014980555008720098,0.034719327699958016,Dec
How some friendships last — and others don’t - Iseult Gillespie,2024-12-19,981799,36548,705,2024,0.03722554209160938,0.0007180695845076233,0.037943611676117005,0.03351880597844806,0.0014973986435193227,0.03501620462196739,Dec
"Do you really need to take 10,000 steps a day? - Shannon Odell",2025-01-02,6435934,198828,3136,2025,0.030893418111497102,0.0004872641639892516,0.031380682275486356,0.03360059734899413,0.0014807160686703923,0.03508131341766452,Jan
A day in the life of a martial artist in medieval China -  Peter Lorge,2025-01-07,221306,8194,200,2025,0.037025656782915965,0.000903726062555918,0.03792938284547188,0.03363950723140315,0.0014842798950065715,0.035123787126409727,Jan
The dark history of arsenic - Neil Bradbury,2025-01-09,463568,14959,323,2025,0.03226926793911573,0.0006967694059986884,0.03296603734511442,0.03365841686007617,0.001467789577015224,0.035126206437091384,Jan
One of the most controversial medical procedures in history - Jenell Johnson,2025-01-14,716379,20413,842,2025,0.02849469345137141,0.0011753555031624322,0.029670048954533842,0.033602061140414655,0.0014703334106514923,0.035072394551066144,Jan
The history of the world according to rats - Max G. Levy,2025-01-16,358828,11672,319,2025,0.03252811932179206,0.0008890053173108007,0.03341712463910286,0.03342340557134111,0.0014679007293823645,0.03489130630072347,Jan
What actually causes high cholesterol? - Hei Man Chan,2025-01-21,1012193,34192,803,2025,0.033780119008924185,0.0007933269643239975,0.034573445973248185,0.03296371340411256,0.0014072367535272463,0.03437095015763981,Jan
Have we reached the limit of computer power? - Sajan Saini and George Zaidan,2025-01-23,313870,13204,450,2025,0.042068372256029565,0.0014337145952145792,0.04350208685124415,0.03340763768973088,0.0014328223045492322,0.03484045999428011,Jan
Is the Amazon Rainforest disappearing? - Anna Rothschild,2025-01-28,238106,9637,354,2025,0.040473570594609126,0.0014867327996774546,0.04196030339428658,0.03345043095826445,0.0014498381419085621,0.034900269100173006,Jan
"How to survive the apocalypse | Ada, Ep. 1",2025-01-30,214914,8005,420,2025,0.03724745712238384,0.0019542700801250734,0.03920172720250891,0.03367776628386762,0.001484439839990867,0.03516220612385849,Jan
Why you feel stuck — and how to get motivated - Shannon Odell,2025-02-04,741215,35381,601,2025,0.04773378844195004,0.000810830865538339,0.04854461930748838,0.03451224684727909,0.0014821651292561862,0.03599441197653527,Feb
"Would you sell your kidney for $100,000? | Ada, Ep. 2",2025-02-06,214842,8053,506,2025,0.03748335986445853,0.0023552191843308106,0.03983857904878934,0.03508128736381951,0.0015249836016705254,0.03660627096549004,Feb
The myth of Ireland's most infamous love triangle - Iseult Gillespie,2025-02-11,299938,12703,323,2025,0.04235208609779354,0.001076889223772913,0.043428975321566456,0.0354164460296563,0.0015219825855164377,0.03693842861517274,Feb
"Should we get rid of pregnancy? | Ada, Ep. 3",2025-02-13,226578,8335,1176,2025,0.03678644881674302,0.005190265603897995,0.04197671442064101,0.035540377005399124,0.0016669726664020773,0.0372073496718012,Feb
"Can you ""see"" images in your mind? Some people can't - Adam Zeman",2025-02-18,1147467,35669,2876,2025,0.031084989807985762,0.002506390161982872,0.03359137996996864,0.03571154343598685,0.0017049626894435654,0.03741650612543042,Feb
"Can we actually control superintelligent AI? | Ada, Ep. 4",2025-02-20,185236,6324,488,2025,0.03414023192036105,0.0026344770994839017,0.036774709019844955,0.03561349686989003,0.001713319110648555,0.03732681598053859,Feb
How are microchips made? - George Zaidan and Sajan Saini,2025-02-25,490717,21648,742,2025,0.04411503982947401,0.0015120731501048466,0.04562711297957886,0.03615321228808823,0.0017234431243752658,0.0378766554124635,Feb
"Which species would you get rid of? | Ada, Ep. 5",2025-02-27,156544,5268,682,2025,0.03365188062142273,0.004356602616516762,0.03800848323793949,0.03555548952998758,0.0018080518400228759,0.03736354137001045,Feb
The tale of the brothers who outwitted the demon queen - Malay Bera,2025-03-04,297252,10214,530,2025,0.034361417248664435,0.0017829989369289357,0.036144416185593366,0.03573802301160125,0.0018150124016495842,0.03755303541325083,Mar
You might be surprised by what you'd find in your pores - M. Alejandra Perotti,2025-03-06,328399,9906,434,2025,0.03016452547054041,0.0013215630985478032,0.03148608856908821,0.03581520540181093,0.001817929272859063,0.03763313467466999,Mar
The best invention since sliced bread? - Rachel Yang,2025-03-11,168460,6252,279,2025,0.037112667695595396,0.001656179508488662,0.03876884720408406,0.03564024456849096,0.0015555886997872203,0.03719583326827818,Mar
This is the most common way to get head lice - Nazzy Pakpour,2025-03-13,211979,5822,271,2025,0.02746498473905434,0.001278428523580166,0.028743413262634507,0.03539101829370026,0.0015161539269144498,0.03690717222061471,Mar
Why don’t we get our drinking water from the ocean? - Manish Kumar,2025-03-18,781587,15833,452,2025,0.020257501724056312,0.0005783105399654805,0.020835812264021793,0.03515186061866944,0.0014922206601096508,0.03664408127877909,Mar
5 signs you’re a good driver - Iseult Gillespie,2025-03-20,336618,10615,509,2025,0.03153426138827989,0.0015120997688774813,0.033046361157157374,0.03468778753549738,0.0015099094081364492,0.036197696943633825,Mar
Do you dare open Pandora’s box?,2025-03-21,56131,1221,32,2025,0.02175268568170886,0.0005700949564411823,0.02232278063815004,0.0343333143990107,0.001471785411102135,0.03580509981011284,Mar
"Rocks could save the world (Yes, rocks) - Elise Cutts",2025-03-25,178074,5243,241,2025,0.029442815907993306,0.0013533699473252693,0.030796185855318577,0.034122440533384556,0.0014805761923035003,0.035603016725688066,Mar
"The murderous medieval king who inspired ""Macbeth"" - Benjamin Hudson",2025-03-27,277999,9078,177,2025,0.03265479372227958,0.0006366929377443804,0.033291486660023954,0.03426979974513607,0.0014659229077204844,0.035735722652856544,Mar
This is how nomadic farmers live,2025-04-01,283172,9722,327,2025,0.03433249050047321,0.0011547751896373935,0.035487265690110605,0.034188519691045485,0.0014821758010949192,0.0356706954921404,Apr
The legend of Beowulf and the revenge of the swamp beast - Iseult Gillespie,2025-04-03,131805,5692,172,2025,0.04318500815598801,0.001304958082015098,0.04448996623800311,0.03469222476632363,0.0015047356705622935,0.036196960436885924,Apr
Why are there two tides a day? - Elise Cutts,2025-04-08,306949,9240,392,2025,0.030102720647403967,0.0012770851183747137,0.03137980576577868,0.03439066383208249,0.0015135846330140276,0.03590424846509652,Apr
The tale of the Monkey King and the Buddha - Ji Hao,2025-04-10,311503,10334,462,2025,0.033174640372644885,0.0014831317836425332,0.03465777215628742,0.034255633774783675,0.0015390867063185246,0.0357947204811022,Apr
What Earth in 2125 could look like - Iseult Gillespie,2025-04-15,204690,8227,690,2025,0.040192486198641846,0.0033709511944892277,0.04356343739313107,0.03456560271102183,0.0016352096073351905,0.03620081231835703,Apr
No one really knows what a tree is - Max G. Levy,2025-04-17,272042,9542,377,2025,0.03507546628829372,0.0013858154255592886,0.03646128171385301,0.03450059636120109,0.001651279252768636,0.03615187561396973,Apr
How much would it cost to buy the Sun? - Cella Wright,2025-04-22,184469,5477,293,2025,0.02969062552515599,0.0015883427567775616,0.03127896828193355,0.034414641614069104,0.0016809983644612654,0.03609563997853037,Apr
How reliable is fingerprint evidence? - Theodore E. Yeshion,2025-04-24,134546,5113,201,2025,0.03800187296537987,0.0014939128625154222,0.03949578582789529,0.03473154759786938,0.0016916169431063649,0.03642316454097575,Apr
Can you solve the riddle of Pandora’s box? - Alex Rosenthal,2025-04-29,68942,3495,282,2025,0.050694786922340515,0.0040903948246352,0.05478518174697572,0.035337103184554325,0.0017983299266838449,0.03713543311123817,Apr
